-- phpMyAdmin SQL Dump
-- version 5.2.0
-- https://www.phpmyadmin.net/
--
-- Host: localhost:3306
-- Generation Time: Apr 17, 2023 at 12:30 AM
-- Server version: 5.7.33
-- PHP Version: 7.4.19

SET SQL_MODE = "NO_AUTO_VALUE_ON_ZERO";
START TRANSACTION;
SET time_zone = "+00:00";


/*!40101 SET @OLD_CHARACTER_SET_CLIENT=@@CHARACTER_SET_CLIENT */;
/*!40101 SET @OLD_CHARACTER_SET_RESULTS=@@CHARACTER_SET_RESULTS */;
/*!40101 SET @OLD_COLLATION_CONNECTION=@@COLLATION_CONNECTION */;
/*!40101 SET NAMES utf8mb4 */;

--
-- Database: `doorlock`
--

-- --------------------------------------------------------

--
-- Table structure for table `attendance_devices`
--

CREATE TABLE `attendance_devices` (
  `id` bigint(20) UNSIGNED NOT NULL,
  `uid` varchar(125) COLLATE utf8mb4_unicode_ci NOT NULL,
  `name` varchar(125) COLLATE utf8mb4_unicode_ci NOT NULL,
  `departement_id` bigint(20) UNSIGNED NOT NULL,
  `type` enum('restricted','public') COLLATE utf8mb4_unicode_ci NOT NULL DEFAULT 'public',
  `is_attendance` tinyint(1) NOT NULL DEFAULT '1',
  `location_id` bigint(20) UNSIGNED NOT NULL,
  `mode` enum('SCAN','ADD') COLLATE utf8mb4_unicode_ci NOT NULL,
  `createdBy` varchar(125) COLLATE utf8mb4_unicode_ci DEFAULT NULL,
  `updatedBy` varchar(125) COLLATE utf8mb4_unicode_ci DEFAULT NULL,
  `created_at` timestamp NULL DEFAULT NULL,
  `updated_at` timestamp NULL DEFAULT NULL
) ENGINE=InnoDB DEFAULT CHARSET=utf8mb4 COLLATE=utf8mb4_unicode_ci;

--
-- Dumping data for table `attendance_devices`
--

INSERT INTO `attendance_devices` (`id`, `uid`, `name`, `departement_id`, `type`, `is_attendance`, `location_id`, `mode`, `createdBy`, `updatedBy`, `created_at`, `updated_at`) VALUES
(1, '1', 'absensi 1', 1, 'public', 1, 1, 'SCAN', 'Admin', 'Admin', '2021-12-24 14:26:37', '2022-01-10 18:00:46'),
(2, '2', 'absensi 2', 1, 'public', 1, 1, 'SCAN', 'Admin', 'Admin', '2021-12-24 14:44:56', '2022-01-10 18:01:30');

-- --------------------------------------------------------

--
-- Table structure for table `collect_attendances`
--

CREATE TABLE `collect_attendances` (
  `id` bigint(20) UNSIGNED NOT NULL,
  `uid` varchar(125) COLLATE utf8mb4_unicode_ci NOT NULL,
  `user_id` bigint(20) UNSIGNED NOT NULL,
  `jam_masuk` varchar(125) COLLATE utf8mb4_unicode_ci DEFAULT NULL,
  `jam_masuk_photo_path` varchar(2048) COLLATE utf8mb4_unicode_ci DEFAULT NULL,
  `jam_Keluar` varchar(125) COLLATE utf8mb4_unicode_ci DEFAULT NULL,
  `jam_Keluar_photo_path` varchar(2048) COLLATE utf8mb4_unicode_ci DEFAULT NULL,
  `keterangan_detail` varchar(125) COLLATE utf8mb4_unicode_ci NOT NULL COMMENT 'buat keterangan untuk user/admin',
  `keterangan` enum('hadir','terlambat','tidak masuk') COLLATE utf8mb4_unicode_ci DEFAULT NULL,
  `createdBy` varchar(125) COLLATE utf8mb4_unicode_ci DEFAULT NULL,
  `updatedBy` varchar(125) COLLATE utf8mb4_unicode_ci DEFAULT NULL,
  `created_at` timestamp NULL DEFAULT NULL,
  `updated_at` timestamp NULL DEFAULT NULL
) ENGINE=InnoDB DEFAULT CHARSET=utf8mb4 COLLATE=utf8mb4_unicode_ci;

--
-- Dumping data for table `collect_attendances`
--

INSERT INTO `collect_attendances` (`id`, `uid`, `user_id`, `jam_masuk`, `jam_masuk_photo_path`, `jam_Keluar`, `jam_Keluar_photo_path`, `keterangan_detail`, `keterangan`, `createdBy`, `updatedBy`, `created_at`, `updated_at`) VALUES
(1, '1', 39, '2023-02-16 07:00:00', NULL, '2023-02-16 15:00:00', NULL, 'Tidak Masuk', 'tidak masuk', 'System', 'System', '2023-02-16 00:00:00', '2023-02-16 00:00:00'),
(2, '1', 40, '2023-02-16 12:00:00', NULL, '2023-02-16 16:00:00', NULL, 'Tidak Masuk', 'tidak masuk', 'System', 'System', '2023-02-16 05:00:00', '2023-02-16 05:00:00'),
(3, '1', 41, '2023-02-16 07:00:00', NULL, '2023-02-16 17:00:00', NULL, 'Tidak Masuk', 'tidak masuk', 'System', 'System', '2023-02-16 00:00:00', '2023-02-16 00:00:00'),
(4, '1', 39, '2023-02-17 07:00:00', NULL, '2023-02-17 15:00:00', NULL, 'Hadir', 'hadir', NULL, NULL, '2023-02-27 19:53:20', '2023-02-27 19:53:24'),
(5, '1', 40, '2023-02-21 07:00:00', NULL, '2023-02-21 15:00:00', NULL, 'Hadir', 'hadir', NULL, NULL, '2023-02-27 19:53:27', '2023-02-27 19:53:29'),
(6, '1', 41, '2023-02-22 07:00:00', NULL, '2023-02-22 16:00:00', NULL, 'Hadir', 'hadir', NULL, NULL, '2023-02-27 20:03:18', '2023-02-27 20:03:20'),
(7, '1', 41, '2023-02-23 07:00:00', NULL, '2023-02-23 15:00:00', NULL, 'Hadir', 'hadir', NULL, NULL, '2023-02-28 19:25:02', '2023-02-28 19:25:04'),
(9, '1', 40, '2023-03-02 07:00:00', NULL, '2023-03-02 15:00:00', NULL, 'Hadir', 'hadir', NULL, NULL, NULL, NULL);

-- --------------------------------------------------------

--
-- Table structure for table `data_locations`
--

CREATE TABLE `data_locations` (
  `id` bigint(20) UNSIGNED NOT NULL,
  `name` varchar(125) COLLATE utf8mb4_unicode_ci NOT NULL,
  `createdBy` varchar(125) COLLATE utf8mb4_unicode_ci DEFAULT NULL,
  `updatedBy` varchar(125) COLLATE utf8mb4_unicode_ci DEFAULT NULL,
  `created_at` timestamp NULL DEFAULT NULL,
  `updated_at` timestamp NULL DEFAULT NULL
) ENGINE=InnoDB DEFAULT CHARSET=utf8mb4 COLLATE=utf8mb4_unicode_ci;

--
-- Dumping data for table `data_locations`
--

INSERT INTO `data_locations` (`id`, `name`, `createdBy`, `updatedBy`, `created_at`, `updated_at`) VALUES
(1, 'Office', 'Admin', 'Admin', '2021-12-24 14:26:14', '2021-12-24 14:26:14'),
(2, 'Pabrik', 'Admin', 'Admin', '2021-12-24 16:27:01', '2021-12-24 16:27:01'),
(3, 'gudang 3', '@aguskurniawan', '@aguskurniawan', '2022-01-10 10:38:24', '2022-01-10 10:38:47');

-- --------------------------------------------------------

--
-- Table structure for table `doorlock_devices`
--

CREATE TABLE `doorlock_devices` (
  `id` bigint(20) UNSIGNED NOT NULL,
  `uid` varchar(125) COLLATE utf8mb4_unicode_ci NOT NULL,
  `name` varchar(125) COLLATE utf8mb4_unicode_ci NOT NULL,
  `location_id` bigint(20) UNSIGNED NOT NULL,
  `departement_id` bigint(20) UNSIGNED NOT NULL,
  `type` enum('restricted','public') COLLATE utf8mb4_unicode_ci NOT NULL DEFAULT 'public',
  `access_type` enum('in','out') COLLATE utf8mb4_unicode_ci NOT NULL,
  `access_mode` tinyint(1) NOT NULL DEFAULT '0',
  `createdBy` varchar(125) COLLATE utf8mb4_unicode_ci DEFAULT NULL,
  `updatedBy` varchar(125) COLLATE utf8mb4_unicode_ci DEFAULT NULL,
  `intactivemonitoring` tinyint(4) DEFAULT '0',
  `created_at` timestamp NULL DEFAULT NULL,
  `updated_at` timestamp NULL DEFAULT NULL
) ENGINE=InnoDB DEFAULT CHARSET=utf8mb4 COLLATE=utf8mb4_unicode_ci;

--
-- Dumping data for table `doorlock_devices`
--

INSERT INTO `doorlock_devices` (`id`, `uid`, `name`, `location_id`, `departement_id`, `type`, `access_type`, `access_mode`, `createdBy`, `updatedBy`, `intactivemonitoring`, `created_at`, `updated_at`) VALUES
(1, '1', 'Main Gate Prod. in', 2, 1, 'public', 'in', 0, 'Admin', 'CSP', 1, '2021-12-24 16:26:40', '2022-08-11 11:46:01'),
(2, '2', 'Main Gate Prod. out', 2, 1, 'public', 'out', 0, 'Admin', 'CSP', 1, '2021-12-24 16:29:56', '2022-08-11 11:46:25'),
(3, '3', 'Staff Office', 2, 1, 'public', 'in', 0, 'Admin', 'Admin', 0, '2021-12-24 16:30:13', '2021-12-26 15:04:52'),
(4, '4', 'Pintu Gudang 3 in', 2, 2, 'public', 'in', 1, 'Admin', 'Admin', 0, '2021-12-24 16:45:34', '2021-12-26 15:10:18'),
(5, '5', 'Pintu Gudang 3 out', 2, 2, 'public', 'out', 0, 'Admin', 'Admin', 0, '2021-12-26 15:11:21', '2021-12-26 15:11:21'),
(6, '6', 'Pintu Greetag in', 2, 2, 'public', 'in', 0, 'Admin', 'Admin', 0, '2021-12-26 15:46:49', '2021-12-26 15:46:49'),
(7, '7', 'Pintu Greetag out', 2, 2, 'public', 'out', 0, 'Admin', 'Admin', 0, '2021-12-26 15:47:16', '2021-12-26 15:47:16'),
(8, '8', 'Pintu Chiller in', 2, 2, 'public', 'in', 1, 'Admin', 'Admin', 0, '2021-12-26 15:55:38', '2021-12-26 15:55:38'),
(9, '9', 'Pintu Chiller out', 2, 2, 'public', 'out', 0, 'Admin', 'Admin', 0, '2021-12-26 15:56:32', '2021-12-26 15:56:32'),
(10, '10', 'Pintu Inventory in', 2, 2, 'public', 'in', 1, 'Admin', 'Admin', 0, '2021-12-26 16:02:18', '2021-12-26 16:02:18'),
(11, '11', 'Pintu Inventory out', 2, 2, 'public', 'out', 0, 'Admin', 'Admin', 0, '2021-12-26 16:03:08', '2021-12-26 16:03:08');

-- --------------------------------------------------------

--
-- Table structure for table `doorlock_has_employees`
--

CREATE TABLE `doorlock_has_employees` (
  `id` bigint(20) UNSIGNED NOT NULL,
  `memployes_id` bigint(20) UNSIGNED NOT NULL,
  `doorlock_id` bigint(20) UNSIGNED NOT NULL
) ENGINE=InnoDB DEFAULT CHARSET=utf8mb4 COLLATE=utf8mb4_unicode_ci;

--
-- Dumping data for table `doorlock_has_employees`
--

INSERT INTO `doorlock_has_employees` (`id`, `memployes_id`, `doorlock_id`) VALUES
(34, 4, 2),
(37, 4, 1),
(49, 6, 1),
(50, 6, 2),
(51, 6, 3),
(52, 6, 4),
(53, 6, 5),
(54, 6, 6),
(55, 6, 7),
(56, 6, 8),
(57, 6, 9),
(58, 6, 10),
(59, 6, 11),
(60, 10, 1),
(61, 10, 2),
(62, 10, 3),
(63, 10, 4),
(64, 10, 5),
(65, 10, 6),
(66, 10, 7),
(67, 10, 8),
(68, 10, 9),
(69, 10, 10),
(70, 10, 11),
(84, 7, 1),
(85, 7, 2),
(86, 7, 3),
(87, 7, 4),
(88, 7, 5),
(89, 7, 6),
(90, 7, 7),
(91, 7, 8),
(92, 7, 9),
(93, 7, 10),
(94, 7, 11),
(95, 11, 1),
(96, 11, 2),
(97, 11, 3),
(98, 11, 4),
(99, 11, 5),
(100, 11, 6),
(101, 11, 7),
(102, 11, 8),
(103, 11, 9),
(104, 11, 10),
(105, 11, 11),
(108, 4, 3),
(109, 4, 4),
(110, 4, 5),
(111, 4, 6),
(112, 4, 7),
(113, 4, 8),
(114, 4, 9),
(115, 4, 10),
(116, 4, 11),
(148, 28, 3),
(149, 29, 1),
(150, 29, 2),
(151, 29, 8),
(152, 29, 9),
(163, 31, 4),
(164, 31, 5),
(165, 31, 6),
(166, 31, 7),
(167, 32, 1),
(168, 32, 2),
(169, 32, 8),
(170, 32, 9),
(173, 33, 1),
(174, 33, 2),
(175, 33, 3),
(176, 33, 4),
(177, 33, 5),
(178, 33, 6),
(179, 33, 7),
(180, 33, 8),
(181, 33, 9),
(182, 33, 10),
(183, 33, 11),
(184, 34, 3),
(185, 35, 1),
(186, 35, 2),
(189, 36, 1),
(190, 36, 2),
(191, 37, 1),
(192, 37, 2),
(193, 38, 4),
(194, 38, 5),
(195, 38, 6),
(196, 38, 7),
(199, 39, 1),
(200, 39, 2),
(203, 40, 3),
(204, 41, 1),
(205, 41, 2),
(206, 41, 8),
(207, 41, 9),
(208, 41, 10),
(209, 41, 11),
(210, 42, 1),
(211, 42, 2),
(212, 42, 6),
(213, 42, 7),
(214, 42, 8),
(215, 42, 9),
(216, 42, 10),
(217, 42, 11),
(218, 43, 1),
(219, 43, 2),
(220, 43, 8),
(221, 43, 9),
(224, 44, 1),
(225, 44, 2),
(226, 44, 8),
(227, 44, 9),
(230, 45, 1),
(231, 45, 2),
(234, 46, 1),
(235, 46, 2),
(236, 46, 4),
(237, 46, 5),
(238, 46, 6),
(239, 46, 7),
(240, 46, 8),
(241, 46, 9),
(244, 48, 1),
(245, 48, 2),
(246, 49, 1),
(247, 49, 2),
(248, 50, 1),
(249, 50, 2),
(250, 51, 1),
(251, 51, 2),
(252, 52, 1),
(253, 52, 2),
(256, 54, 1),
(257, 54, 2),
(258, 55, 1),
(259, 55, 2),
(260, 56, 1),
(261, 56, 2),
(262, 57, 1),
(263, 57, 2),
(264, 58, 1),
(265, 58, 2),
(268, 60, 1),
(269, 60, 2),
(270, 61, 1),
(271, 61, 2),
(272, 62, 1),
(273, 62, 2),
(274, 63, 1),
(275, 63, 2),
(276, 64, 1),
(277, 64, 2),
(278, 65, 1),
(279, 65, 2),
(284, 68, 1),
(285, 68, 2),
(286, 69, 1),
(287, 69, 2),
(288, 70, 1),
(289, 70, 2),
(290, 71, 1),
(291, 71, 2),
(292, 72, 1),
(293, 72, 2),
(294, 73, 1),
(295, 73, 2),
(296, 74, 1),
(297, 74, 2),
(298, 75, 1),
(299, 75, 2),
(300, 76, 1),
(301, 76, 2),
(302, 77, 1),
(303, 77, 2),
(304, 71, 4),
(305, 71, 5),
(306, 72, 4),
(307, 72, 5),
(308, 78, 1),
(309, 78, 2),
(310, 78, 4),
(311, 78, 5),
(312, 78, 6),
(313, 78, 7),
(314, 78, 8),
(315, 78, 9),
(316, 36, 4),
(317, 36, 5),
(318, 36, 6),
(319, 36, 7),
(320, 79, 1),
(321, 79, 2),
(322, 79, 8),
(323, 79, 9),
(324, 79, 10),
(325, 79, 11),
(326, 65, 8),
(327, 65, 9),
(330, 80, 1),
(331, 80, 2),
(332, 80, 4),
(333, 80, 5),
(334, 80, 6),
(335, 80, 7),
(336, 80, 8),
(337, 80, 9),
(338, 81, 1),
(339, 81, 2),
(340, 81, 4),
(341, 81, 5),
(342, 81, 6),
(343, 81, 7),
(344, 81, 8),
(345, 81, 9),
(346, 56, 4),
(347, 56, 5),
(348, 56, 6),
(349, 56, 7),
(350, 56, 8),
(351, 56, 9),
(352, 54, 4),
(353, 54, 5),
(354, 54, 6),
(355, 54, 7),
(356, 54, 8),
(357, 54, 9),
(358, 54, 10),
(359, 54, 11),
(360, 37, 6),
(361, 37, 7),
(362, 37, 4),
(363, 37, 5),
(364, 82, 1),
(365, 82, 2),
(366, 38, 1),
(367, 38, 2),
(368, 38, 8),
(369, 38, 9),
(370, 83, 1),
(371, 83, 2),
(372, 84, 1),
(373, 84, 2),
(374, 85, 1),
(375, 85, 2),
(376, 86, 1),
(377, 86, 2),
(378, 87, 1),
(379, 87, 2),
(380, 88, 1),
(381, 88, 2),
(382, 89, 1),
(383, 89, 2),
(384, 90, 1),
(385, 90, 2),
(386, 90, 6),
(387, 90, 7),
(388, 90, 10),
(389, 90, 11),
(390, 91, 1),
(391, 91, 2),
(394, 93, 1),
(395, 93, 2),
(396, 94, 1),
(397, 94, 2),
(398, 95, 1),
(399, 95, 2),
(400, 96, 1),
(401, 96, 2),
(402, 97, 1),
(403, 97, 2),
(404, 98, 1),
(405, 98, 2),
(406, 60, 6),
(407, 60, 7),
(408, 60, 8),
(409, 60, 9),
(410, 99, 1),
(411, 99, 2),
(412, 99, 4),
(413, 99, 5),
(414, 99, 6),
(415, 99, 7),
(416, 100, 1),
(417, 100, 2),
(418, 101, 1),
(419, 101, 2),
(420, 102, 1),
(421, 102, 2),
(424, 73, 8),
(425, 73, 9),
(428, 39, 8),
(429, 39, 9),
(430, 39, 10),
(431, 39, 11),
(432, 35, 8),
(433, 35, 9),
(436, 102, 4),
(437, 102, 5),
(438, 102, 6),
(439, 102, 7),
(440, 102, 8),
(441, 102, 9),
(442, 96, 4),
(443, 96, 5),
(444, 96, 6),
(445, 96, 7),
(446, 96, 8),
(447, 96, 9),
(448, 97, 8),
(449, 97, 9),
(456, 104, 1),
(457, 104, 2),
(466, 88, 8),
(467, 88, 9),
(468, 74, 6),
(469, 74, 7),
(470, 74, 8),
(471, 74, 9),
(486, 105, 1),
(487, 105, 2),
(488, 105, 3),
(489, 105, 4),
(490, 105, 5),
(491, 105, 6),
(492, 105, 7),
(493, 105, 8),
(494, 105, 9),
(495, 105, 10),
(496, 105, 11),
(497, 106, 1),
(498, 106, 2),
(499, 106, 3),
(500, 106, 4),
(501, 106, 5),
(504, 90, 8),
(505, 90, 9),
(508, 107, 1),
(509, 107, 2),
(510, 111, 1),
(511, 111, 2),
(512, 112, 1),
(513, 112, 2),
(514, 114, 1),
(515, 114, 2),
(516, 115, 1),
(517, 115, 2),
(518, 116, 1),
(519, 116, 2),
(520, 117, 1),
(521, 117, 2),
(522, 31, 1),
(523, 31, 2),
(530, 122, 1),
(531, 122, 2),
(532, 30, 1),
(533, 30, 2),
(534, 30, 6),
(535, 30, 7),
(536, 30, 8),
(537, 30, 9),
(538, 30, 10),
(539, 30, 11);

-- --------------------------------------------------------

--
-- Table structure for table `doorlock_has_priset`
--

CREATE TABLE `doorlock_has_priset` (
  `id` bigint(20) UNSIGNED NOT NULL,
  `priset_id` bigint(20) UNSIGNED NOT NULL,
  `doorlock_id` bigint(20) UNSIGNED NOT NULL
) ENGINE=InnoDB DEFAULT CHARSET=utf8mb4 COLLATE=utf8mb4_unicode_ci;

--
-- Dumping data for table `doorlock_has_priset`
--

INSERT INTO `doorlock_has_priset` (`id`, `priset_id`, `doorlock_id`) VALUES
(5, 5, 4),
(6, 6, 4),
(7, 2, 8),
(8, 7, 8),
(9, 4, 10),
(10, 8, 10);

-- --------------------------------------------------------

--
-- Table structure for table `doorlock_reports`
--

CREATE TABLE `doorlock_reports` (
  `id` bigint(20) UNSIGNED NOT NULL,
  `uid` varchar(125) COLLATE utf8mb4_unicode_ci NOT NULL,
  `user_id` bigint(20) UNSIGNED NOT NULL,
  `keterangan` varchar(125) COLLATE utf8mb4_unicode_ci NOT NULL,
  `doorlock_photo_path` varchar(2048) COLLATE utf8mb4_unicode_ci DEFAULT NULL,
  `remark_log` varchar(125) COLLATE utf8mb4_unicode_ci DEFAULT NULL,
  `count_access` int(11) NOT NULL DEFAULT '0',
  `createdBy` varchar(125) COLLATE utf8mb4_unicode_ci DEFAULT NULL,
  `updatedBy` varchar(125) COLLATE utf8mb4_unicode_ci DEFAULT NULL,
  `created_at` timestamp NULL DEFAULT NULL,
  `updated_at` timestamp NULL DEFAULT NULL
) ENGINE=InnoDB DEFAULT CHARSET=utf8mb4 COLLATE=utf8mb4_unicode_ci;

--
-- Dumping data for table `doorlock_reports`
--

INSERT INTO `doorlock_reports` (`id`, `uid`, `user_id`, `keterangan`, `doorlock_photo_path`, `remark_log`, `count_access`, `createdBy`, `updatedBy`, `created_at`, `updated_at`) VALUES
(405, '1', 4, 'Access Granted', NULL, '-', 0, 'Tazaka Room : 1', 'Tazaka Room : 1', '2022-01-10 17:37:30', '2022-01-10 17:37:30'),
(406, '1', 4, 'Access Granted', NULL, '-', 0, 'Tazaka Room : 1', 'Tazaka Room : 1', '2022-01-10 17:38:06', '2022-01-10 17:38:06'),
(407, '1', 4, 'Access Granted', NULL, '-', 0, 'Tazaka Room : 1', 'Tazaka Room : 1', '2022-01-10 17:40:17', '2022-01-10 17:40:17'),
(408, '1', 4, 'Access Granted', NULL, '-', 0, 'Tazaka Room : 1', 'Tazaka Room : 1', '2022-01-10 17:41:17', '2022-01-10 17:41:17'),
(409, '1', 4, 'Access Granted', 'storage/doorlock/doorlock_access_409_10-01-2022.jpg', '-', 0, 'Tazaka Room : 1', 'Tazaka Room : 1', '2022-01-10 17:42:34', '2022-01-10 17:42:37'),
(423, '4', 6, 'Access Granted', NULL, 'Mengambil barang gudang 3', 1, 'Tazaka Room : 4', 'Tazaka Room : 4', '2022-01-11 11:56:56', '2022-01-11 11:57:13'),
(424, '10', 6, 'Access Granted', NULL, 'Inventory tools', 0, 'Tazaka Room : 10', 'Tazaka Room : 10', '2022-01-11 11:57:48', '2022-01-11 11:58:01'),
(425, '11', 6, 'Access Granted', NULL, '-', 1, 'Tazaka Room : 11', 'Tazaka Room : 11', '2022-01-11 11:58:30', '2022-01-11 11:58:35'),
(426, '6', 6, 'Access Granted', NULL, '-', 0, 'Tazaka Room : 6', 'Tazaka Room : 6', '2022-01-11 12:00:26', '2022-01-11 12:00:26'),
(427, '6', 6, 'Access Granted', NULL, '-', 0, 'Tazaka Room : 6', 'Tazaka Room : 6', '2022-01-11 12:00:39', '2022-01-11 12:00:39'),
(429, '6', 6, 'Access Granted', NULL, '-', 0, 'Tazaka Room : 6', 'Tazaka Room : 6', '2022-01-11 12:02:21', '2022-01-11 12:02:21'),
(430, '6', 6, 'Access Granted', NULL, '-', 0, 'Tazaka Room : 6', 'Tazaka Room : 6', '2022-01-11 12:02:48', '2022-01-11 12:02:48'),
(431, '5', 6, 'Access Granted', NULL, '-', 0, 'Tazaka Room : 5', 'Tazaka Room : 5', '2022-01-11 12:04:06', '2022-01-11 12:04:06'),
(432, '4', 6, 'Access Granted', NULL, 'Mengambil barang gudang 3', 0, 'Tazaka Room : 4', 'Tazaka Room : 4', '2022-01-11 12:04:31', '2022-01-11 12:04:47'),
(451, '8', 10, 'Access Granted', NULL, 'Maintenance Mesin', 0, 'Tazaka Room : 8', 'Tazaka Room : 8', '2022-01-11 16:07:02', '2022-01-11 16:07:11'),
(454, '10', 7, 'Access Granted', NULL, 'Inventory tools', 0, 'Tazaka Room : 10', 'Tazaka Room : 10', '2022-01-11 16:10:02', '2022-01-11 16:10:10'),
(455, '10', 7, 'Access Granted', NULL, 'Inventory tools', 0, 'Tazaka Room : 10', 'Tazaka Room : 10', '2022-01-11 16:10:22', '2022-01-11 16:10:32'),
(456, '11', 7, 'Access Granted', NULL, '-', 0, 'Tazaka Room : 11', 'Tazaka Room : 11', '2022-01-11 16:10:44', '2022-01-11 16:10:44'),
(459, '10', 10, 'Access Granted', NULL, 'Inventory tools', 0, 'Tazaka Room : 10', 'Tazaka Room : 10', '2022-01-11 18:37:05', '2022-01-11 18:37:16'),
(474, '10', 7, 'Access Granted', NULL, 'Inventory tools', 0, 'Tazaka Room : 10', 'Tazaka Room : 10', '2022-01-12 07:45:07', '2022-01-12 07:45:15'),
(476, '10', 7, 'Access Granted', NULL, 'Inventory tools', 0, 'Tazaka Room : 10', 'Tazaka Room : 10', '2022-01-12 08:14:20', '2022-01-12 08:14:29'),
(477, '10', 7, 'Access Granted', NULL, 'Inventory tools', 0, 'Tazaka Room : 10', 'Tazaka Room : 10', '2022-01-12 08:21:05', '2022-01-12 08:21:14'),
(479, '10', 7, 'Access Granted', NULL, 'Inventory tools', 0, 'Tazaka Room : 10', 'Tazaka Room : 10', '2022-01-12 08:42:32', '2022-01-12 08:42:46'),
(483, '8', 7, 'Access Granted', NULL, 'Maintenance Mesin', 0, 'Tazaka Room : 8', 'Tazaka Room : 8', '2022-01-12 10:16:08', '2022-01-12 10:16:20'),
(484, '10', 7, 'Access Granted', NULL, 'Inventory tools', 1, 'Tazaka Room : 10', 'Tazaka Room : 10', '2022-01-12 10:29:03', '2022-01-12 10:29:17'),
(487, '10', 7, 'Access Granted', NULL, 'Inventory tools', 0, 'Tazaka Room : 10', 'Tazaka Room : 10', '2022-01-12 11:15:24', '2022-01-12 11:15:35'),
(499, '10', 10, 'Access Granted', NULL, 'Inventory tools', 0, 'Tazaka Room : 10', 'Tazaka Room : 10', '2022-01-12 16:09:52', '2022-01-12 16:10:03'),
(500, '10', 7, 'Access Granted', NULL, 'Inventory tools', 0, 'Tazaka Room : 10', 'Tazaka Room : 10', '2022-01-12 16:18:16', '2022-01-12 16:18:26'),
(501, '8', 7, 'Access Granted', NULL, 'Maintenance Mesin', 0, 'Tazaka Room : 8', 'Tazaka Room : 8', '2022-01-12 16:58:26', '2022-01-12 16:58:38'),
(502, '10', 10, 'Access Granted', NULL, 'Inventory tools', 0, 'Tazaka Room : 10', 'Tazaka Room : 10', '2022-01-12 17:06:26', '2022-01-12 17:06:37'),
(503, '10', 7, 'Access Granted', NULL, 'Inventory tools', 0, 'Tazaka Room : 10', 'Tazaka Room : 10', '2022-01-12 17:19:51', '2022-01-12 17:20:01'),
(507, '10', 7, 'Access Granted', NULL, 'Inventory tools', 0, 'Tazaka Room : 10', 'Tazaka Room : 10', '2022-01-13 13:15:54', '2022-01-13 13:16:11'),
(514, '10', 10, 'Access Granted', NULL, 'Inventory tools', 0, 'Tazaka Room : 10', 'Tazaka Room : 10', '2022-01-13 13:19:53', '2022-01-13 13:20:02'),
(517, '10', 7, 'Access Granted', NULL, 'Mengambil Bor', 0, 'Tazaka Room : 10', 'Tazaka Room : 10', '2022-01-13 13:29:15', '2022-01-13 13:29:28'),
(518, '10', 7, 'Access Granted', NULL, 'Inventory tools', 0, 'Tazaka Room : 10', 'Tazaka Room : 10', '2022-01-13 13:33:10', '2022-01-13 13:33:30'),
(520, '10', 10, 'Access Granted', NULL, 'Inventory tools', 0, 'Tazaka Room : 10', 'Tazaka Room : 10', '2022-01-13 14:04:31', '2022-01-13 14:04:41'),
(521, '10', 7, 'Access Granted', NULL, 'Inventory tools', 0, 'Tazaka Room : 10', 'Tazaka Room : 10', '2022-01-13 14:44:09', '2022-01-13 14:44:18'),
(524, '10', 10, 'Access Granted', NULL, 'Inventory tools', 0, 'Tazaka Room : 10', 'Tazaka Room : 10', '2022-01-13 15:12:05', '2022-01-13 15:12:14'),
(527, '8', 10, 'Access Granted', NULL, 'Maintenance Mesin', 1, 'Tazaka Room : 8', 'Tazaka Room : 8', '2022-01-13 16:47:55', '2022-01-13 16:48:10'),
(542, '10', 10, 'Access Granted', NULL, 'Inventory tools', 0, 'Tazaka Room : 10', 'Tazaka Room : 10', '2022-01-14 11:06:37', '2022-01-14 11:06:52'),
(543, '10', 10, 'Access Granted', NULL, 'Mengambil Bor', 0, 'Tazaka Room : 10', 'Tazaka Room : 10', '2022-01-14 11:07:07', '2022-01-14 11:07:23'),
(545, '10', 7, 'Access Granted', NULL, 'Inventory tools', 0, 'Tazaka Room : 10', 'Tazaka Room : 10', '2022-01-14 13:20:12', '2022-01-14 13:22:40'),
(552, '10', 10, 'Access Granted', NULL, 'Inventory tools', 0, 'Tazaka Room : 10', 'Tazaka Room : 10', '2022-01-15 10:09:34', '2022-01-15 10:09:50'),
(553, '10', 10, 'Access Granted', NULL, 'Inventory tools', 0, 'Tazaka Room : 10', 'Tazaka Room : 10', '2022-01-15 10:13:03', '2022-01-15 10:13:15'),
(554, '10', 7, 'Access Granted', NULL, 'Inventory tools', 0, 'Tazaka Room : 10', 'Tazaka Room : 10', '2022-01-15 10:22:27', '2022-01-15 10:22:34'),
(555, '10', 10, 'Access Granted', NULL, 'Mengambil Bor', 0, 'Tazaka Room : 10', 'Tazaka Room : 10', '2022-01-15 11:00:23', '2022-01-15 11:00:35'),
(557, '10', 7, 'Access Granted', NULL, 'Inventory tools', 0, 'Tazaka Room : 10', 'Tazaka Room : 10', '2022-01-15 13:18:27', '2022-01-15 13:18:35'),
(558, '8', 10, 'Access Granted', NULL, 'Maintenance Mesin', 0, 'Tazaka Room : 8', 'Tazaka Room : 8', '2022-01-16 08:56:24', '2022-01-16 08:56:36'),
(559, '10', 10, 'Access Granted', NULL, 'Inventory tools', 0, 'Tazaka Room : 10', 'Tazaka Room : 10', '2022-01-16 09:55:32', '2022-01-16 09:55:41'),
(560, '8', 10, 'Access Granted', NULL, 'Maintenance Mesin', 0, 'Tazaka Room : 8', 'Tazaka Room : 8', '2022-01-17 06:36:35', '2022-01-17 06:36:43'),
(562, '8', 10, 'Access Granted', NULL, 'Maintenance Mesin', 0, 'Tazaka Room : 8', 'Tazaka Room : 8', '2022-01-17 07:29:57', '2022-01-17 07:30:12'),
(564, '4', 6, 'Access Granted', NULL, 'Stock opname', 0, 'Tazaka Room : 4', 'Tazaka Room : 4', '2022-01-17 10:10:46', '2022-01-17 10:10:58'),
(565, '5', 6, 'Access Granted', NULL, '-', 1, 'Tazaka Room : 5', 'Tazaka Room : 5', '2022-01-17 10:11:08', '2022-01-17 10:11:14'),
(567, '10', 10, 'Access Granted', NULL, 'Inventory tools', 0, 'Tazaka Room : 10', 'Tazaka Room : 10', '2022-01-17 12:08:45', '2022-01-17 12:08:53'),
(577, '4', 6, 'Access Granted', NULL, '-', 0, 'Tazaka Room : 4', 'Tazaka Room : 4', '2022-01-17 14:29:19', '2022-01-17 14:29:19'),
(578, '5', 6, 'Access Granted', NULL, '-', 1, 'Tazaka Room : 5', 'Tazaka Room : 5', '2022-01-17 14:29:38', '2022-01-17 14:29:43'),
(579, '10', 6, 'Access Granted', NULL, '-', 0, 'Tazaka Room : 10', 'Tazaka Room : 10', '2022-01-17 14:30:18', '2022-01-17 14:30:18'),
(580, '10', 6, 'Access Granted', NULL, 'Inventory tools', 1, 'Tazaka Room : 10', 'Tazaka Room : 10', '2022-01-17 14:30:24', '2022-01-17 14:30:36'),
(581, '10', 6, 'Access Granted', NULL, 'Inventory tools', 0, 'Tazaka Room : 10', 'Tazaka Room : 10', '2022-01-17 14:30:56', '2022-01-17 14:31:06'),
(583, '8', 6, 'Access Granted', NULL, 'Maintenance Mesin', 0, 'Tazaka Room : 8', 'Tazaka Room : 8', '2022-01-17 14:32:12', '2022-01-17 14:32:26'),
(584, '9', 6, 'Access Granted', NULL, '-', 0, 'Tazaka Room : 9', 'Tazaka Room : 9', '2022-01-17 14:32:53', '2022-01-17 14:32:53'),
(590, '10', 10, 'Access Granted', NULL, 'Inventory tools', 0, 'Tazaka Room : 10', 'Tazaka Room : 10', '2022-01-18 07:21:46', '2022-01-18 07:21:58'),
(608, '10', 10, 'Access Granted', NULL, 'Inventory tools', 0, 'Tazaka Room : 10', 'Tazaka Room : 10', '2022-01-19 08:39:22', '2022-01-19 08:39:38'),
(609, '10', 10, 'Access Granted', NULL, 'Inventory tools', 0, 'Tazaka Room : 10', 'Tazaka Room : 10', '2022-01-19 09:33:43', '2022-01-19 09:33:53'),
(615, '10', 10, 'Access Granted', NULL, 'Inventory tools', 0, 'Tazaka Room : 10', 'Tazaka Room : 10', '2022-01-19 11:08:40', '2022-01-19 11:08:52'),
(621, '10', 7, 'Access Granted', NULL, 'Inventory tools', 0, 'Tazaka Room : 10', 'Tazaka Room : 10', '2022-01-19 16:46:15', '2022-01-19 16:46:33'),
(622, '10', 10, 'Access Granted', NULL, 'Inventory tools', 0, 'Tazaka Room : 10', 'Tazaka Room : 10', '2022-01-19 17:06:14', '2022-01-19 17:06:24'),
(623, '10', 7, 'Access Granted', NULL, 'Inventory tools', 0, 'Tazaka Room : 10', 'Tazaka Room : 10', '2022-01-19 17:25:22', '2022-01-19 17:25:31'),
(633, '10', 10, 'Access Granted', NULL, 'Mengambil Bor', 0, 'Tazaka Room : 10', 'Tazaka Room : 10', '2022-01-20 08:16:00', '2022-01-20 08:16:09'),
(635, '10', 7, 'Access Granted', NULL, 'Inventory tools', 0, 'Tazaka Room : 10', 'Tazaka Room : 10', '2022-01-20 09:16:24', '2022-01-20 09:16:34'),
(643, '8', 7, 'Access Granted', NULL, 'Maintenance Chiller', 1, 'Tazaka Room : 8', 'Tazaka Room : 8', '2022-01-20 11:46:49', '2022-01-20 11:47:08'),
(645, '10', 7, 'Access Granted', NULL, 'Inventory tools', 0, 'Tazaka Room : 10', 'Tazaka Room : 10', '2022-01-20 13:12:53', '2022-01-20 13:13:01'),
(648, '8', 10, 'Access Granted', NULL, 'Maintenance Mesin', 0, 'Tazaka Room : 8', 'Tazaka Room : 8', '2022-01-20 13:29:33', '2022-01-20 13:29:41'),
(649, '10', 7, 'Access Granted', NULL, 'Inventory tools', 0, 'Tazaka Room : 10', 'Tazaka Room : 10', '2022-01-20 13:41:14', '2022-01-20 13:41:23'),
(650, '10', 10, 'Access Granted', NULL, 'Inventory tools', 0, 'Tazaka Room : 10', 'Tazaka Room : 10', '2022-01-20 13:57:51', '2022-01-20 13:58:06'),
(652, '10', 7, 'Access Granted', NULL, 'Inventory tools', 0, 'Tazaka Room : 10', 'Tazaka Room : 10', '2022-01-20 14:13:02', '2022-01-20 14:13:10'),
(654, '8', 10, 'Access Granted', NULL, 'Maintenance Mesin', 0, 'Tazaka Room : 8', 'Tazaka Room : 8', '2022-01-20 14:33:30', '2022-01-20 14:33:40'),
(655, '10', 10, 'Access Granted', NULL, 'Inventory tools', 0, 'Tazaka Room : 10', 'Tazaka Room : 10', '2022-01-20 14:37:08', '2022-01-20 14:37:18'),
(659, '10', 10, 'Access Granted', NULL, 'Inventory tools', 0, 'Tazaka Room : 10', 'Tazaka Room : 10', '2022-01-20 14:54:11', '2022-01-20 14:54:23'),
(663, '10', 7, 'Access Granted', NULL, 'Inventory tools', 0, 'Tazaka Room : 10', 'Tazaka Room : 10', '2022-01-20 16:22:19', '2022-01-20 16:22:27'),
(665, '10', 7, 'Access Granted', NULL, 'Inventory tools', 0, 'Tazaka Room : 10', 'Tazaka Room : 10', '2022-01-20 16:38:08', '2022-01-20 16:38:23'),
(670, '10', 10, 'Access Granted', NULL, 'Inventory tools', 0, 'Tazaka Room : 10', 'Tazaka Room : 10', '2022-01-20 17:30:45', '2022-01-20 17:30:56'),
(671, '10', 10, 'Access Granted', NULL, 'Inventory tools', 0, 'Tazaka Room : 10', 'Tazaka Room : 10', '2022-01-20 18:37:00', '2022-01-20 18:37:09'),
(674, '10', 7, 'Access Granted', NULL, 'Inventory tools', 0, 'Tazaka Room : 10', 'Tazaka Room : 10', '2022-01-21 08:13:48', '2022-01-21 08:13:57'),
(675, '10', 10, 'Access Granted', NULL, 'Inventory tools', 0, 'Tazaka Room : 10', 'Tazaka Room : 10', '2022-01-21 08:27:20', '2022-01-21 08:27:31'),
(679, '10', 10, 'Access Granted', NULL, 'Mengambil Bor', 0, 'Tazaka Room : 10', 'Tazaka Room : 10', '2022-01-21 10:26:55', '2022-01-21 10:27:04'),
(683, '10', 10, 'Access Granted', NULL, 'Inventory tools', 1, 'Tazaka Room : 10', 'Tazaka Room : 10', '2022-01-21 11:07:40', '2022-01-21 11:07:56'),
(687, '10', 7, 'Access Granted', NULL, 'Inventory tools', 0, 'Tazaka Room : 10', 'Tazaka Room : 10', '2022-01-21 13:13:53', '2022-01-21 13:14:03'),
(688, '10', 10, 'Access Granted', NULL, '-', 0, 'Tazaka Room : 10', 'Tazaka Room : 10', '2022-01-21 13:19:25', '2022-01-21 13:19:25'),
(689, '10', 7, 'Access Granted', NULL, 'Inventory tools', 1, 'Tazaka Room : 10', 'Tazaka Room : 10', '2022-01-21 14:41:35', '2022-01-21 14:41:55'),
(690, '10', 10, 'Access Granted', NULL, 'Inventory tools', 0, 'Tazaka Room : 10', 'Tazaka Room : 10', '2022-01-21 14:46:42', '2022-01-21 14:46:51'),
(691, '10', 10, 'Access Granted', NULL, 'Inventory tools', 0, 'Tazaka Room : 10', 'Tazaka Room : 10', '2022-01-21 15:01:20', '2022-01-21 15:01:32'),
(694, '3', 7, 'Access Granted', NULL, '-', 1, 'Tazaka Room : 3', 'Tazaka Room : 3', '2022-01-21 15:55:47', '2022-01-21 15:55:52'),
(695, '10', 10, 'Access Granted', NULL, 'Inventory tools', 0, 'Tazaka Room : 10', 'Tazaka Room : 10', '2022-01-21 16:03:39', '2022-01-21 16:03:47'),
(696, '10', 10, 'Access Granted', NULL, 'Inventory tools', 0, 'Tazaka Room : 10', 'Tazaka Room : 10', '2022-01-21 16:17:07', '2022-01-21 16:17:22'),
(697, '10', 10, 'Access Granted', NULL, 'Inventory tools', 0, 'Tazaka Room : 10', 'Tazaka Room : 10', '2022-01-21 16:55:28', '2022-01-21 16:55:36'),
(698, '10', 10, 'Access Granted', NULL, 'Inventory tools', 0, 'Tazaka Room : 10', 'Tazaka Room : 10', '2022-01-21 17:10:09', '2022-01-21 17:10:18'),
(706, '10', 10, 'Access Granted', NULL, 'Mengambil Bor', 0, 'Tazaka Room : 10', 'Tazaka Room : 10', '2022-01-22 10:16:51', '2022-01-22 10:17:04'),
(707, '10', 10, 'Access Granted', NULL, 'Inventory tools', 0, 'Tazaka Room : 10', 'Tazaka Room : 10', '2022-01-22 11:43:58', '2022-01-22 11:44:10'),
(710, '8', 10, 'Access Granted', NULL, 'Maintenance Mesin', 0, 'Tazaka Room : 8', 'Tazaka Room : 8', '2022-01-23 17:48:22', '2022-01-23 17:48:31'),
(711, '10', 10, 'Access Granted', NULL, 'Inventory tools', 0, 'Tazaka Room : 10', 'Tazaka Room : 10', '2022-01-23 18:08:24', '2022-01-23 18:08:35'),
(712, '8', 10, 'Access Granted', NULL, 'Maintenance Mesin', 1, 'Tazaka Room : 8', 'Tazaka Room : 8', '2022-01-24 06:10:24', '2022-01-24 06:10:42'),
(717, '10', 7, 'Access Granted', NULL, 'Inventory tools', 0, 'Tazaka Room : 10', 'Tazaka Room : 10', '2022-01-24 07:36:14', '2022-01-24 07:36:23'),
(720, '8', 10, 'Access Granted', NULL, 'Maintenance Mesin', 0, 'Tazaka Room : 8', 'Tazaka Room : 8', '2022-01-24 10:40:44', '2022-01-24 10:40:56'),
(721, '6', 6, 'Access Granted', NULL, '-', 0, 'Tazaka Room : 6', 'Tazaka Room : 6', '2022-01-24 13:12:35', '2022-01-24 13:12:35'),
(722, '7', 6, 'Access Granted', NULL, '-', 1, 'Tazaka Room : 7', 'Tazaka Room : 7', '2022-01-24 13:13:08', '2022-01-24 13:13:13'),
(723, '7', 6, 'Access Granted', NULL, '-', 1, 'Tazaka Room : 7', 'Tazaka Room : 7', '2022-01-24 13:13:23', '2022-01-24 13:13:28'),
(724, '10', 6, 'Access Granted', NULL, '-', 0, 'Tazaka Room : 10', 'Tazaka Room : 10', '2022-01-24 13:15:06', '2022-01-24 13:15:06'),
(725, '10', 6, 'Access Granted', NULL, 'Inventory tools', 0, 'Tazaka Room : 10', 'Tazaka Room : 10', '2022-01-24 13:15:12', '2022-01-24 13:15:26'),
(726, '11', 6, 'Access Granted', NULL, '-', 0, 'Tazaka Room : 11', 'Tazaka Room : 11', '2022-01-24 13:17:55', '2022-01-24 13:17:55'),
(727, '10', 7, 'Access Granted', NULL, 'Inventory tools', 0, 'Tazaka Room : 10', 'Tazaka Room : 10', '2022-01-24 14:30:42', '2022-01-24 14:30:59'),
(728, '5', 7, 'Access Granted', NULL, '-', 0, 'Tazaka Room : 5', 'Tazaka Room : 5', '2022-01-24 14:32:34', '2022-01-24 14:32:34'),
(729, '4', 7, 'Access Granted', NULL, 'Mengambil barang gudang 3', 0, 'Tazaka Room : 4', 'Tazaka Room : 4', '2022-01-24 14:33:58', '2022-01-24 14:34:09'),
(735, '10', 7, 'Access Granted', NULL, 'Inventory tools', 0, 'Tazaka Room : 10', 'Tazaka Room : 10', '2022-01-24 16:49:08', '2022-01-24 16:49:18'),
(741, '10', 7, 'Access Granted', NULL, 'Inventory tools', 0, 'Tazaka Room : 10', 'Tazaka Room : 10', '2022-01-25 08:21:38', '2022-01-25 08:21:48'),
(742, '10', 10, 'Access Granted', NULL, 'Inventory tools', 0, 'Tazaka Room : 10', 'Tazaka Room : 10', '2022-01-25 09:18:02', '2022-01-25 09:18:13'),
(743, '7', 7, 'Access Granted', NULL, '-', 1, 'Tazaka Room : 7', 'Tazaka Room : 7', '2022-01-25 09:28:51', '2022-01-25 09:28:56'),
(744, '7', 7, 'Access Granted', NULL, '-', 0, 'Tazaka Room : 7', 'Tazaka Room : 7', '2022-01-25 09:29:02', '2022-01-25 09:29:02'),
(750, '8', 7, 'Access Granted', NULL, 'Maintenance Mesin', 0, 'Tazaka Room : 8', 'Tazaka Room : 8', '2022-01-27 07:51:53', '2022-01-27 07:52:04'),
(751, '8', 7, 'Access Granted', NULL, '-', 0, 'Tazaka Room : 8', 'Tazaka Room : 8', '2022-01-27 08:12:10', '2022-01-27 08:12:10'),
(752, '8', 7, 'Access Granted', NULL, 'Maintenance Mesin', 1, 'Tazaka Room : 8', 'Tazaka Room : 8', '2022-01-27 08:12:17', '2022-01-27 08:12:34'),
(759, '10', 7, 'Access Granted', NULL, 'Inventory tools', 0, 'Tazaka Room : 10', 'Tazaka Room : 10', '2022-01-28 08:32:48', '2022-01-28 08:32:57'),
(760, '10', 7, 'Access Granted', NULL, 'Inventory tools', 0, 'Tazaka Room : 10', 'Tazaka Room : 10', '2022-01-28 10:13:52', '2022-01-28 10:14:01'),
(766, '2', 7, 'Access Granted', NULL, '-', 0, 'Tazaka Room : 2', 'Tazaka Room : 2', '2022-01-28 13:14:24', '2022-01-28 13:14:24'),
(768, '10', 10, 'Access Granted', NULL, 'Inventory tools', 0, 'Tazaka Room : 10', 'Tazaka Room : 10', '2022-01-28 14:12:46', '2022-01-28 14:12:58'),
(769, '10', 10, 'Access Granted', NULL, 'Inventory tools', 0, 'Tazaka Room : 10', 'Tazaka Room : 10', '2022-01-28 14:53:13', '2022-01-28 14:53:23'),
(770, '10', 10, 'Access Granted', NULL, 'Inventory tools', 0, 'Tazaka Room : 10', 'Tazaka Room : 10', '2022-01-28 16:39:10', '2022-01-28 16:39:17'),
(772, '10', 7, 'Access Granted', NULL, 'Inventory tools', 0, 'Tazaka Room : 10', 'Tazaka Room : 10', '2022-01-29 10:16:30', '2022-01-29 10:16:40'),
(780, '8', 7, 'Access Granted', NULL, 'Maintenance Chiller', 0, 'Tazaka Room : 8', 'Tazaka Room : 8', '2022-01-29 14:39:58', '2022-01-29 14:40:08'),
(783, '8', 7, 'Access Granted', NULL, 'Maintenance Mesin', 0, 'Tazaka Room : 8', 'Tazaka Room : 8', '2022-01-29 16:54:28', '2022-01-29 16:54:37'),
(829, '10', 10, 'Access Granted', NULL, '-', 0, 'Tazaka Room : 10', 'Tazaka Room : 10', '2022-01-29 17:58:27', '2022-01-29 17:58:27'),
(847, '6', 10, 'Access Granted', 'storage/doorlock/doorlock_access_847_31-01-2022.jpg', '-', 0, 'Tazaka Room : 6', 'Tazaka Room : 6', '2022-01-31 11:03:54', '2022-01-31 11:03:56'),
(852, '2', 7, 'Access Granted', NULL, '-', 1, 'Tazaka Room : 2', 'Tazaka Room : 2', '2022-02-02 16:25:48', '2022-02-02 16:25:54'),
(853, '8', 7, 'Access Granted', 'storage/doorlock/doorlock_access_853_02-02-2022.jpg', 'Maintenance Mesin', 0, 'Tazaka Room : 8', 'Tazaka Room : 8', '2022-02-02 16:26:54', '2022-02-02 16:27:06'),
(862, '8', 7, 'Access Granted', 'storage/doorlock/doorlock_access_862_03-02-2022.jpg', 'Maintenance Mesin', 1, 'Tazaka Room : 8', 'Tazaka Room : 8', '2022-02-03 08:17:32', '2022-02-03 08:17:49'),
(863, '10', 7, 'Access Granted', 'storage/doorlock/doorlock_access_863_03-02-2022.jpg', 'Inventory tools', 0, 'Tazaka Room : 10', 'Tazaka Room : 10', '2022-02-03 10:45:19', '2022-02-03 10:45:28'),
(864, '11', 7, 'Access Granted', NULL, '-', 2, 'Tazaka Room : 11', 'Tazaka Room : 11', '2022-02-03 10:45:46', '2022-02-03 10:45:52'),
(865, '10', 7, 'Access Granted', 'storage/doorlock/doorlock_access_865_03-02-2022.jpg', 'Inventory tools', 0, 'Tazaka Room : 10', 'Tazaka Room : 10', '2022-02-03 10:49:51', '2022-02-03 10:50:01'),
(866, '2', 7, 'Access Granted', NULL, '-', 1, 'Tazaka Room : 2', 'Tazaka Room : 2', '2022-02-03 10:51:22', '2022-02-03 10:51:28'),
(867, '2', 7, 'Access Granted', NULL, '-', 0, 'Tazaka Room : 2', 'Tazaka Room : 2', '2022-02-03 11:09:12', '2022-02-03 11:09:12'),
(868, '10', 7, 'Access Granted', 'storage/doorlock/doorlock_access_868_03-02-2022.jpg', 'Mengambil Bor', 0, 'Tazaka Room : 10', 'Tazaka Room : 10', '2022-02-03 11:17:01', '2022-02-03 11:17:11'),
(869, '10', 10, 'Access Granted', 'storage/doorlock/doorlock_access_869_03-02-2022.jpg', 'Inventory tools', 0, 'Tazaka Room : 10', 'Tazaka Room : 10', '2022-02-03 11:26:12', '2022-02-03 11:26:24'),
(870, '10', 7, 'Access Granted', 'storage/doorlock/doorlock_access_870_03-02-2022.jpg', 'Inventory tools', 0, 'Tazaka Room : 10', 'Tazaka Room : 10', '2022-02-03 11:50:11', '2022-02-03 11:50:22'),
(871, '4', 7, 'Access Granted', 'storage/doorlock/doorlock_access_871_03-02-2022.jpg', 'Mengambil barang gudang 3', 1, 'Tazaka Room : 4', 'Tazaka Room : 4', '2022-02-03 12:00:14', '2022-02-03 12:00:34'),
(873, '6', 7, 'Access Granted', 'storage/doorlock/doorlock_access_873_03-02-2022.jpg', '-', 0, 'Tazaka Room : 6', 'Tazaka Room : 6', '2022-02-03 13:13:32', '2022-02-03 13:13:34'),
(874, '6', 7, 'Access Granted', 'storage/doorlock/doorlock_access_874_03-02-2022.jpg', '-', 1, 'Tazaka Room : 6', 'Tazaka Room : 6', '2022-02-03 13:13:47', '2022-02-03 13:13:52'),
(875, '6', 7, 'Access Granted', 'storage/doorlock/doorlock_access_875_03-02-2022.jpg', '-', 0, 'Tazaka Room : 6', 'Tazaka Room : 6', '2022-02-03 13:45:30', '2022-02-03 13:45:32'),
(876, '10', 7, 'Access Granted', 'storage/doorlock/doorlock_access_876_03-02-2022.jpg', 'Inventory tools', 0, 'Tazaka Room : 10', 'Tazaka Room : 10', '2022-02-03 13:53:54', '2022-02-03 13:54:03'),
(877, '8', 7, 'Access Granted', 'storage/doorlock/doorlock_access_877_03-02-2022.jpg', 'Maintenance Mesin', 0, 'Tazaka Room : 8', 'Tazaka Room : 8', '2022-02-03 14:26:12', '2022-02-03 14:26:21'),
(878, '10', 7, 'Access Granted', 'storage/doorlock/doorlock_access_878_03-02-2022.jpg', 'Inventory tools', 0, 'Tazaka Room : 10', 'Tazaka Room : 10', '2022-02-03 16:30:47', '2022-02-03 16:30:54'),
(881, '6', 7, 'Access Granted', 'storage/doorlock/doorlock_access_881_04-02-2022.jpg', '-', 1, 'Tazaka Room : 6', 'Tazaka Room : 6', '2022-02-04 09:31:15', '2022-02-04 09:31:21'),
(882, '6', 7, 'Access Granted', 'storage/doorlock/doorlock_access_882_04-02-2022.jpg', '-', 0, 'Tazaka Room : 6', 'Tazaka Room : 6', '2022-02-04 10:44:26', '2022-02-04 10:44:28'),
(883, '11', 7, 'Access Granted', NULL, '-', 0, 'Tazaka Room : 11', 'Tazaka Room : 11', '2022-02-04 13:19:05', '2022-02-04 13:19:05'),
(887, '8', 10, 'Access Granted', 'storage/doorlock/doorlock_access_887_04-02-2022.jpg', 'Maintenance Chiller', 0, 'Tazaka Room : 8', 'Tazaka Room : 8', '2022-02-04 14:31:23', '2022-02-04 14:31:32'),
(888, '8', 7, 'Access Granted', 'storage/doorlock/doorlock_access_888_04-02-2022.jpg', '-', 0, 'Tazaka Room : 8', 'Tazaka Room : 8', '2022-02-04 14:37:38', '2022-02-04 14:37:40'),
(889, '8', 7, 'Access Granted', 'storage/doorlock/doorlock_access_889_04-02-2022.jpg', '-', 0, 'Tazaka Room : 8', 'Tazaka Room : 8', '2022-02-04 14:37:43', '2022-02-04 14:37:44'),
(890, '8', 7, 'Access Granted', 'storage/doorlock/doorlock_access_890_04-02-2022.jpg', '-', 0, 'Tazaka Room : 8', 'Tazaka Room : 8', '2022-02-04 14:37:58', '2022-02-04 14:38:00'),
(891, '8', 7, 'Access Granted', 'storage/doorlock/doorlock_access_891_04-02-2022.jpg', 'Maintenance Chiller', 0, 'Tazaka Room : 8', 'Tazaka Room : 8', '2022-02-04 14:38:05', '2022-02-04 14:38:17'),
(892, '10', 10, 'Access Granted', 'storage/doorlock/doorlock_access_892_04-02-2022.jpg', 'Inventory tools', 0, 'Tazaka Room : 10', 'Tazaka Room : 10', '2022-02-04 15:07:20', '2022-02-04 15:07:28'),
(893, '10', 7, 'Access Granted', 'storage/doorlock/doorlock_access_893_04-02-2022.jpg', '-', 0, 'Tazaka Room : 10', 'Tazaka Room : 10', '2022-02-04 15:18:45', '2022-02-04 15:18:47'),
(894, '10', 7, 'Access Granted', 'storage/doorlock/doorlock_access_894_04-02-2022.jpg', 'Inventory tools', 0, 'Tazaka Room : 10', 'Tazaka Room : 10', '2022-02-04 15:18:51', '2022-02-04 15:18:57'),
(895, '10', 7, 'Access Granted', 'storage/doorlock/doorlock_access_895_04-02-2022.jpg', 'Inventory tools', 0, 'Tazaka Room : 10', 'Tazaka Room : 10', '2022-02-04 16:19:10', '2022-02-04 16:19:20'),
(896, '10', 10, 'Access Granted', 'storage/doorlock/doorlock_access_896_04-02-2022.jpg', 'Inventory tools', 0, 'Tazaka Room : 10', 'Tazaka Room : 10', '2022-02-04 16:35:22', '2022-02-04 16:35:35'),
(898, '11', 7, 'Access Granted', NULL, '-', 0, 'Tazaka Room : 11', 'Tazaka Room : 11', '2022-02-05 15:22:29', '2022-02-05 15:22:29'),
(899, '6', 7, 'Access Granted', 'storage/doorlock/doorlock_access_899_05-02-2022.jpg', '-', 0, 'Tazaka Room : 6', 'Tazaka Room : 6', '2022-02-05 15:23:49', '2022-02-05 15:23:51'),
(900, '6', 7, 'Access Granted', 'storage/doorlock/doorlock_access_900_05-02-2022.jpg', '-', 1, 'Tazaka Room : 6', 'Tazaka Room : 6', '2022-02-05 15:23:57', '2022-02-05 15:24:03'),
(901, '10', 10, 'Access Granted', 'storage/doorlock/doorlock_access_901_05-02-2022.jpg', 'Inventory tools', 0, 'Tazaka Room : 10', 'Tazaka Room : 10', '2022-02-05 15:36:00', '2022-02-05 15:36:08'),
(902, '8', 10, 'Access Granted', 'storage/doorlock/doorlock_access_902_06-02-2022.jpg', 'Maintenance Mesin', 0, 'Tazaka Room : 8', 'Tazaka Room : 8', '2022-02-06 19:46:23', '2022-02-06 19:46:33'),
(903, '8', 10, 'Access Granted', 'storage/doorlock/doorlock_access_903_07-02-2022.jpg', 'Maintenance Chiller', 0, 'Tazaka Room : 8', 'Tazaka Room : 8', '2022-02-07 06:21:34', '2022-02-07 06:21:48'),
(904, '10', 10, 'Access Granted', 'storage/doorlock/doorlock_access_904_07-02-2022.jpg', 'Inventory tools', 1, 'Tazaka Room : 10', 'Tazaka Room : 10', '2022-02-07 08:40:17', '2022-02-07 08:40:32'),
(906, '10', 10, 'Access Granted', 'storage/doorlock/doorlock_access_906_07-02-2022.jpg', 'Inventory tools', 0, 'Tazaka Room : 10', 'Tazaka Room : 10', '2022-02-07 11:20:46', '2022-02-07 11:20:56'),
(907, '10', 10, 'Access Granted', 'storage/doorlock/doorlock_access_907_07-02-2022.jpg', 'Inventory tools', 0, 'Tazaka Room : 10', 'Tazaka Room : 10', '2022-02-07 11:35:01', '2022-02-07 11:35:10'),
(909, '10', 7, 'Access Granted', 'storage/doorlock/doorlock_access_909_07-02-2022.jpg', 'Inventory tools', 0, 'Tazaka Room : 10', 'Tazaka Room : 10', '2022-02-07 16:48:59', '2022-02-07 16:49:06'),
(910, '10', 7, 'Access Granted', 'storage/doorlock/doorlock_access_910_07-02-2022.jpg', 'Mengambil Bor', 0, 'Tazaka Room : 10', 'Tazaka Room : 10', '2022-02-07 17:04:29', '2022-02-07 17:04:43'),
(916, '10', 10, 'Access Granted', 'storage/doorlock/doorlock_access_916_08-02-2022.jpg', 'Inventory tools', 0, 'Tazaka Room : 10', 'Tazaka Room : 10', '2022-02-08 14:13:17', '2022-02-08 14:13:30'),
(923, '10', 7, 'Access Granted', 'storage/doorlock/doorlock_access_923_08-02-2022.jpg', 'Mengambil Bor', 0, 'Tazaka Room : 10', 'Tazaka Room : 10', '2022-02-08 15:39:52', '2022-02-08 15:40:00'),
(924, '6', 7, 'Access Granted', 'storage/doorlock/doorlock_access_924_08-02-2022.jpg', '-', 0, 'Tazaka Room : 6', 'Tazaka Room : 6', '2022-02-08 16:19:01', '2022-02-08 16:19:03'),
(925, '6', 7, 'Access Granted', 'storage/doorlock/doorlock_access_925_08-02-2022.jpg', '-', 1, 'Tazaka Room : 6', 'Tazaka Room : 6', '2022-02-08 16:19:12', '2022-02-08 16:19:17'),
(926, '6', 7, 'Access Granted', 'storage/doorlock/doorlock_access_926_08-02-2022.jpg', '-', 0, 'Tazaka Room : 6', 'Tazaka Room : 6', '2022-02-08 16:42:12', '2022-02-08 16:42:14'),
(927, '8', 7, 'Access Granted', 'storage/doorlock/doorlock_access_927_08-02-2022.jpg', 'Maintenance Mesin', 0, 'Tazaka Room : 8', 'Tazaka Room : 8', '2022-02-08 16:58:29', '2022-02-08 16:58:38'),
(941, '10', 10, 'Access Granted', 'storage/doorlock/doorlock_access_941_10-02-2022.jpg', 'Inventory tools', 0, 'Tazaka Room : 10', 'Tazaka Room : 10', '2022-02-10 08:20:13', '2022-02-10 08:20:24'),
(953, '6', 10, 'Access Granted', 'storage/doorlock/doorlock_access_953_10-02-2022.jpg', '-', 0, 'Tazaka Room : 6', 'Tazaka Room : 6', '2022-02-10 20:26:51', '2022-02-10 20:26:53'),
(954, '6', 10, 'Access Granted', 'storage/doorlock/doorlock_access_954_10-02-2022.jpg', '-', 0, 'Tazaka Room : 6', 'Tazaka Room : 6', '2022-02-10 20:27:00', '2022-02-10 20:27:01'),
(968, '8', 10, 'Access Granted', 'storage/doorlock/doorlock_access_968_12-02-2022.jpg', 'Maintenance Chiller', 0, 'Tazaka Room : 8', 'Tazaka Room : 8', '2022-02-12 20:13:15', '2022-02-12 20:13:26'),
(970, '8', 10, 'Access Granted', 'storage/doorlock/doorlock_access_970_13-02-2022.jpg', '-', 0, 'Tazaka Room : 8', 'Tazaka Room : 8', '2022-02-13 13:29:12', '2022-02-13 13:29:14'),
(971, '8', 10, 'Access Granted', 'storage/doorlock/doorlock_access_971_13-02-2022.jpg', 'Maintenance Chiller', 0, 'Tazaka Room : 8', 'Tazaka Room : 8', '2022-02-13 13:29:29', '2022-02-13 13:29:37'),
(972, '8', 10, 'Access Granted', 'storage/doorlock/doorlock_access_972_14-02-2022.jpg', 'Maintenance Chiller', 0, 'Tazaka Room : 8', 'Tazaka Room : 8', '2022-02-14 06:22:28', '2022-02-14 06:22:36'),
(981, '10', 10, 'Access Granted', 'storage/doorlock/doorlock_access_981_15-02-2022.jpg', 'Inventory tools', 0, 'Tazaka Room : 10', 'Tazaka Room : 10', '2022-02-15 09:54:29', '2022-02-15 09:54:38'),
(982, '10', 10, 'Access Granted', 'storage/doorlock/doorlock_access_982_15-02-2022.jpg', 'Inventory tools', 0, 'Tazaka Room : 10', 'Tazaka Room : 10', '2022-02-15 10:04:53', '2022-02-15 10:05:05'),
(1045, '8', 11, 'Access Granted', 'storage/doorlock/doorlock_access_1045_02-03-2022.jpg', '-', 0, 'Tazaka Room : 8', 'Tazaka Room : 8', '2022-03-02 10:12:27', '2022-03-02 10:12:28'),
(1046, '8', 11, 'Access Granted', 'storage/doorlock/doorlock_access_1046_02-03-2022.jpg', '-', 0, 'Tazaka Room : 8', 'Tazaka Room : 8', '2022-03-02 10:12:32', '2022-03-02 10:12:34'),
(1047, '8', 11, 'Access Granted', 'storage/doorlock/doorlock_access_1047_02-03-2022.jpg', '-', 0, 'Tazaka Room : 8', 'Tazaka Room : 8', '2022-03-02 10:12:44', '2022-03-02 10:12:46'),
(1056, '10', 10, 'Access Granted', 'storage/doorlock/doorlock_access_1056_03-03-2022.jpg', 'Mengambil Bor', 0, 'Tazaka Room : 10', 'Tazaka Room : 10', '2022-03-03 07:56:30', '2022-03-03 07:56:41'),
(1060, '6', 10, 'Access Granted', 'storage/doorlock/doorlock_access_1060_04-03-2022.jpg', '-', 0, 'Tazaka Room : 6', 'Tazaka Room : 6', '2022-03-04 11:07:03', '2022-03-04 11:07:04'),
(1073, '6', 4, 'Access Granted', 'storage/doorlock/doorlock_access_1073_17-03-2022.jpg', '-', 0, 'Tazaka Room : 6', 'Tazaka Room : 6', '2022-03-17 20:12:15', '2022-03-17 20:12:17'),
(1074, '10', 4, 'Access Granted', 'storage/doorlock/doorlock_access_1074_17-03-2022.jpg', 'Mengambil Bor', 1, 'Tazaka Room : 10', 'Tazaka Room : 10', '2022-03-17 20:18:28', '2022-03-17 20:19:08'),
(1075, '1', 4, 'Access Granted', 'storage/doorlock/doorlock_access_1075_17-03-2022.jpg', '-', 0, 'Tazaka Room : 1', 'Tazaka Room : 1', '2022-03-17 20:20:27', '2022-03-17 20:20:29'),
(1076, '2', 4, 'Access Granted', NULL, '-', 0, 'Tazaka Room : 2', 'Tazaka Room : 2', '2022-03-17 20:20:33', '2022-03-17 20:20:33'),
(1077, '1', 4, 'Access Granted', 'storage/doorlock/doorlock_access_1077_17-03-2022.jpg', '-', 0, 'Tazaka Room : 1', 'Tazaka Room : 1', '2022-03-17 20:20:38', '2022-03-17 20:20:40'),
(1078, '2', 4, 'Access Granted', NULL, '-', 0, 'Tazaka Room : 2', 'Tazaka Room : 2', '2022-03-17 20:20:44', '2022-03-17 20:20:44'),
(1079, '1', 4, 'Access Granted', 'storage/doorlock/doorlock_access_1079_17-03-2022.jpg', '-', 0, 'Tazaka Room : 1', 'Tazaka Room : 1', '2022-03-17 20:20:49', '2022-03-17 20:20:50'),
(1080, '7', 4, 'Access Granted', NULL, '-', 2, 'Tazaka Room : 7', 'Tazaka Room : 7', '2022-03-17 20:39:53', '2022-03-17 20:39:58'),
(1081, '6', 4, 'Access Granted', 'storage/doorlock/doorlock_access_1081_17-03-2022.jpg', '-', 0, 'Tazaka Room : 6', 'Tazaka Room : 6', '2022-03-17 21:11:17', '2022-03-17 21:11:20'),
(1082, '1', 4, 'Access Granted', 'storage/doorlock/doorlock_access_1082_17-03-2022.jpg', '-', 0, 'Tazaka Room : 1', 'Tazaka Room : 1', '2022-03-17 22:02:06', '2022-03-17 22:02:08'),
(1083, '1', 4, 'Access Granted', 'storage/doorlock/doorlock_access_1083_17-03-2022.jpg', '-', 0, 'Tazaka Room : 1', 'Tazaka Room : 1', '2022-03-17 22:02:18', '2022-03-17 22:02:20'),
(1084, '6', 4, 'Access Granted', 'storage/doorlock/doorlock_access_1084_17-03-2022.jpg', '-', 0, 'Tazaka Room : 6', 'Tazaka Room : 6', '2022-03-17 22:04:13', '2022-03-17 22:04:16'),
(1085, '1', 4, 'Access Granted', 'storage/doorlock/doorlock_access_1085_17-03-2022.jpg', '-', 0, 'Tazaka Room : 1', 'Tazaka Room : 1', '2022-03-17 22:14:15', '2022-03-17 22:14:17'),
(1086, '10', 4, 'Access Granted', 'storage/doorlock/doorlock_access_1086_17-03-2022.jpg', 'Mengambil Bor', 0, 'Tazaka Room : 10', 'Tazaka Room : 10', '2022-03-17 23:37:10', '2022-03-17 23:37:21'),
(1087, '3', 4, 'Access Granted', NULL, '-', 0, 'Tazaka Room : 3', 'Tazaka Room : 3', '2022-03-17 23:39:42', '2022-03-17 23:39:42'),
(1088, '5', 4, 'Access Granted', NULL, '-', 0, 'Tazaka Room : 5', 'Tazaka Room : 5', '2022-03-18 02:22:13', '2022-03-18 02:22:13'),
(1089, '8', 4, 'Access Granted', 'storage/doorlock/doorlock_access_1089_18-03-2022.jpg', 'Maintenance Chiller', 0, 'Tazaka Room : 8', 'Tazaka Room : 8', '2022-03-18 11:06:10', '2022-03-18 11:06:23'),
(1090, '8', 4, 'Access Granted', 'storage/doorlock/doorlock_access_1090_18-03-2022.jpg', 'Maintenance Chiller', 0, 'Tazaka Room : 8', 'Tazaka Room : 8', '2022-03-18 11:09:19', '2022-03-18 11:09:28'),
(1091, '8', 4, 'Access Granted', 'storage/doorlock/doorlock_access_1091_18-03-2022.jpg', 'Maintenance Mesin', 1, 'Tazaka Room : 8', 'Tazaka Room : 8', '2022-03-18 11:10:43', '2022-03-18 11:10:57'),
(1092, '10', 4, 'Access Granted', 'storage/doorlock/doorlock_access_1092_18-03-2022.jpg', 'Inventory tools', 0, 'Tazaka Room : 10', 'Tazaka Room : 10', '2022-03-18 11:56:38', '2022-03-18 11:56:47'),
(1093, '5', 4, 'Access Granted', NULL, '-', 1, 'Tazaka Room : 5', 'Tazaka Room : 5', '2022-03-18 12:56:18', '2022-03-18 12:56:23'),
(1094, '5', 4, 'Access Granted', NULL, '-', 0, 'Tazaka Room : 5', 'Tazaka Room : 5', '2022-03-18 12:59:47', '2022-03-18 12:59:47'),
(1095, '5', 4, 'Access Granted', NULL, '-', 1, 'Tazaka Room : 5', 'Tazaka Room : 5', '2022-03-18 13:00:03', '2022-03-18 13:00:09'),
(1096, '4', 4, 'Access Granted', 'storage/doorlock/doorlock_access_1096_18-03-2022.jpg', 'Mengambil barang gudang 3', 0, 'Tazaka Room : 4', 'Tazaka Room : 4', '2022-03-18 13:00:22', '2022-03-18 13:00:33'),
(1097, '4', 4, 'Access Granted', 'storage/doorlock/doorlock_access_1097_18-03-2022.jpg', 'Stock opname', 0, 'Tazaka Room : 4', 'Tazaka Room : 4', '2022-03-18 13:00:43', '2022-03-18 13:00:51'),
(1098, '4', 4, 'Access Granted', 'storage/doorlock/doorlock_access_1098_18-03-2022.jpg', 'Stock opname', 0, 'Tazaka Room : 4', 'Tazaka Room : 4', '2022-03-18 13:02:16', '2022-03-18 13:02:28'),
(1099, '5', 4, 'Access Granted', NULL, '-', 1, 'Tazaka Room : 5', 'Tazaka Room : 5', '2022-03-18 13:02:39', '2022-03-18 13:02:44'),
(1100, '5', 4, 'Access Granted', NULL, '-', 2, 'Tazaka Room : 5', 'Tazaka Room : 5', '2022-03-18 13:03:23', '2022-03-18 13:03:28'),
(1101, '4', 4, 'Access Granted', 'storage/doorlock/doorlock_access_1101_18-03-2022.jpg', '-', 0, 'Tazaka Room : 4', 'Tazaka Room : 4', '2022-03-18 13:04:03', '2022-03-18 13:04:05'),
(1102, '10', 4, 'Access Granted', 'storage/doorlock/doorlock_access_1102_18-03-2022.jpg', 'Mengambil Bor', 1, 'Tazaka Room : 10', 'Tazaka Room : 10', '2022-03-18 13:16:05', '2022-03-18 13:16:27'),
(1103, '8', 4, 'Access Granted', 'storage/doorlock/doorlock_access_1103_18-03-2022.jpg', 'Maintenance Chiller', 0, 'Tazaka Room : 8', 'Tazaka Room : 8', '2022-03-18 13:17:28', '2022-03-18 13:17:35'),
(1104, '9', 4, 'Access Granted', NULL, '-', 1, 'Tazaka Room : 9', 'Tazaka Room : 9', '2022-03-18 13:17:45', '2022-03-18 13:17:50'),
(1105, '9', 4, 'Access Granted', NULL, '-', 0, 'Tazaka Room : 9', 'Tazaka Room : 9', '2022-03-18 13:19:20', '2022-03-18 13:19:20'),
(1106, '8', 4, 'Access Granted', 'storage/doorlock/doorlock_access_1106_18-03-2022.jpg', 'Maintenance Chiller', 0, 'Tazaka Room : 8', 'Tazaka Room : 8', '2022-03-18 13:19:51', '2022-03-18 13:20:04'),
(1107, '9', 4, 'Access Granted', NULL, '-', 2, 'Tazaka Room : 9', 'Tazaka Room : 9', '2022-03-18 13:20:23', '2022-03-18 13:20:29'),
(1108, '10', 4, 'Access Granted', 'storage/doorlock/doorlock_access_1108_18-03-2022.jpg', 'Inventory tools', 0, 'Tazaka Room : 10', 'Tazaka Room : 10', '2022-03-18 13:27:04', '2022-03-18 13:27:13'),
(1113, '6', 10, 'Access Granted', 'storage/doorlock/doorlock_access_1113_19-03-2022.jpg', '-', 2, 'Tazaka Room : 6', 'Tazaka Room : 6', '2022-03-19 10:38:32', '2022-03-19 10:38:37'),
(1114, '6', 10, 'Access Granted', 'storage/doorlock/doorlock_access_1114_19-03-2022.jpg', '-', 0, 'Tazaka Room : 6', 'Tazaka Room : 6', '2022-03-19 11:13:44', '2022-03-19 11:13:46'),
(1116, '10', 10, 'Access Granted', 'storage/doorlock/doorlock_access_1116_21-03-2022.jpg', 'Mengambil Bor', 0, 'Tazaka Room : 10', 'Tazaka Room : 10', '2022-03-21 08:40:22', '2022-03-21 08:40:33'),
(1117, '10', 10, 'Access Granted', 'storage/doorlock/doorlock_access_1117_21-03-2022.jpg', 'Mengambil Bor', 0, 'Tazaka Room : 10', 'Tazaka Room : 10', '2022-03-21 11:15:41', '2022-03-21 11:15:52'),
(1118, '6', 10, 'Access Granted', 'storage/doorlock/doorlock_access_1118_21-03-2022.jpg', '-', 1, 'Tazaka Room : 6', 'Tazaka Room : 6', '2022-03-21 11:29:31', '2022-03-21 11:29:36'),
(1119, '6', 10, 'Access Granted', 'storage/doorlock/doorlock_access_1119_21-03-2022.jpg', '-', 2, 'Tazaka Room : 6', 'Tazaka Room : 6', '2022-03-21 11:35:09', '2022-03-21 11:35:15'),
(1120, '6', 10, 'Access Granted', 'storage/doorlock/doorlock_access_1120_22-03-2022.jpg', '-', 0, 'Tazaka Room : 6', 'Tazaka Room : 6', '2022-03-22 08:47:46', '2022-03-22 08:47:47'),
(1122, '10', 10, 'Access Granted', 'storage/doorlock/doorlock_access_1122_22-03-2022.jpg', 'Inventory tools', 1, 'Tazaka Room : 10', 'Tazaka Room : 10', '2022-03-22 20:28:29', '2022-03-22 20:28:43'),
(1123, '6', 10, 'Access Granted', 'storage/doorlock/doorlock_access_1123_25-03-2022.jpg', '-', 2, 'Tazaka Room : 6', 'Tazaka Room : 6', '2022-03-25 15:41:38', '2022-03-25 15:41:44'),
(1124, '4', 6, 'Access Granted', 'storage/doorlock/doorlock_access_1124_26-03-2022.jpg', '-', 0, 'Tazaka Room : 4', 'Tazaka Room : 4', '2022-03-26 13:12:23', '2022-03-26 13:12:25'),
(1125, '4', 6, 'Access Granted', 'storage/doorlock/doorlock_access_1125_26-03-2022.jpg', 'Stock opname', 0, 'Tazaka Room : 4', 'Tazaka Room : 4', '2022-03-26 13:12:28', '2022-03-26 13:12:38'),
(1126, '5', 6, 'Access Granted', NULL, '-', 0, 'Tazaka Room : 5', 'Tazaka Room : 5', '2022-03-26 13:12:46', '2022-03-26 13:12:46'),
(1127, '10', 6, 'Access Granted', 'storage/doorlock/doorlock_access_1127_26-03-2022.jpg', '-', 0, 'Tazaka Room : 10', 'Tazaka Room : 10', '2022-03-26 13:13:33', '2022-03-26 13:13:35'),
(1128, '10', 6, 'Access Granted', 'storage/doorlock/doorlock_access_1128_26-03-2022.jpg', 'Inventory tools', 1, 'Tazaka Room : 10', 'Tazaka Room : 10', '2022-03-26 13:13:38', '2022-03-26 13:13:59'),
(1129, '11', 6, 'Access Granted', NULL, '-', 1, 'Tazaka Room : 11', 'Tazaka Room : 11', '2022-03-26 13:14:04', '2022-03-26 13:14:10'),
(1130, '8', 6, 'Access Granted', 'storage/doorlock/doorlock_access_1130_26-03-2022.jpg', 'Maintenance Mesin', 1, 'Tazaka Room : 8', 'Tazaka Room : 8', '2022-03-26 13:15:31', '2022-03-26 13:16:04'),
(1131, '9', 6, 'Access Granted', NULL, '-', 1, 'Tazaka Room : 9', 'Tazaka Room : 9', '2022-03-26 13:15:40', '2022-03-26 13:15:46'),
(1132, '1', 6, 'Access Granted', 'storage/doorlock/doorlock_access_1132_26-03-2022.jpg', '-', 0, 'Tazaka Room : 1', 'Tazaka Room : 1', '2022-03-26 13:18:38', '2022-03-26 13:18:39'),
(1133, '4', 6, 'Access Granted', 'storage/doorlock/doorlock_access_1133_26-03-2022.jpg', 'Stock opname', 0, 'Tazaka Room : 4', 'Tazaka Room : 4', '2022-03-26 13:23:02', '2022-03-26 13:23:19'),
(1134, '5', 6, 'Access Granted', NULL, '-', 1, 'Tazaka Room : 5', 'Tazaka Room : 5', '2022-03-26 13:23:35', '2022-03-26 13:23:40'),
(1135, '10', 10, 'Access Granted', 'storage/doorlock/doorlock_access_1135_27-03-2022.jpg', 'Mengambil Bor', 0, 'Tazaka Room : 10', 'Tazaka Room : 10', '2022-03-27 10:59:38', '2022-03-27 10:59:45'),
(1136, '6', 10, 'Access Granted', 'storage/doorlock/doorlock_access_1136_28-03-2022.jpg', '-', 2, 'Tazaka Room : 6', 'Tazaka Room : 6', '2022-03-28 08:46:18', '2022-03-28 08:46:23'),
(1137, '10', 10, 'Access Granted', 'storage/doorlock/doorlock_access_1137_29-03-2022.jpg', 'Mengambil Bor', 1, 'Tazaka Room : 10', 'Tazaka Room : 10', '2022-03-29 08:27:45', '2022-03-29 08:28:03'),
(1138, '6', 10, 'Access Granted', 'storage/doorlock/doorlock_access_1138_29-03-2022.jpg', '-', 0, 'Tazaka Room : 6', 'Tazaka Room : 6', '2022-03-29 11:04:03', '2022-03-29 11:04:05'),
(1152, '8', 10, 'Access Granted', 'storage/doorlock/doorlock_access_1152_04-04-2022.jpg', '-', 0, 'Tazaka Room : 8', 'Tazaka Room : 8', '2022-04-04 06:08:18', '2022-04-04 06:08:20'),
(1153, '8', 10, 'Access Granted', 'storage/doorlock/doorlock_access_1153_04-04-2022.jpg', 'Maintenance Mesin', 1, 'Tazaka Room : 8', 'Tazaka Room : 8', '2022-04-04 06:08:36', '2022-04-04 06:09:23'),
(1155, '6', 10, 'Access Granted', 'storage/doorlock/doorlock_access_1155_04-04-2022.jpg', '-', 0, 'Tazaka Room : 6', 'Tazaka Room : 6', '2022-04-04 15:57:58', '2022-04-04 15:58:00'),
(1156, '6', 10, 'Access Granted', 'storage/doorlock/doorlock_access_1156_06-04-2022.jpg', '-', 1, 'Tazaka Room : 6', 'Tazaka Room : 6', '2022-04-06 10:07:42', '2022-04-06 10:07:47'),
(1157, '6', 10, 'Access Granted', 'storage/doorlock/doorlock_access_1157_06-04-2022.jpg', '-', 1, 'Tazaka Room : 6', 'Tazaka Room : 6', '2022-04-06 10:07:54', '2022-04-06 10:07:59'),
(1158, '6', 10, 'Access Granted', 'storage/doorlock/doorlock_access_1158_06-04-2022.jpg', '-', 0, 'Tazaka Room : 6', 'Tazaka Room : 6', '2022-04-06 10:08:04', '2022-04-06 10:08:05'),
(1167, '6', 10, 'Access Granted', 'storage/doorlock/doorlock_access_1167_09-04-2022.jpg', '-', 0, 'Tazaka Room : 6', 'Tazaka Room : 6', '2022-04-09 18:35:28', '2022-04-09 18:35:30'),
(1188, '6', 10, 'Access Granted', 'storage/doorlock/doorlock_access_1188_25-04-2022.jpg', '-', 0, 'Tazaka Room : 6', 'Tazaka Room : 6', '2022-04-25 09:09:21', '2022-04-25 09:09:23'),
(1189, '6', 10, 'Access Granted', 'storage/doorlock/doorlock_access_1189_26-04-2022.jpg', '-', 0, 'Tazaka Room : 6', 'Tazaka Room : 6', '2022-04-26 07:36:16', '2022-04-26 07:36:18'),
(1190, '6', 10, 'Access Granted', 'storage/doorlock/doorlock_access_1190_27-04-2022.jpg', '-', 0, 'Tazaka Room : 6', 'Tazaka Room : 6', '2022-04-27 08:15:09', '2022-04-27 08:15:11'),
(1210, '6', 33, 'Access Granted', 'storage/doorlock/doorlock_access_1210_24-05-2022.jpg', '-', 1, 'Tazaka Room : 6', 'Tazaka Room : 6', '2022-05-24 09:11:36', '2022-05-24 09:11:44'),
(1211, '4', 33, 'Access Granted', 'storage/doorlock/doorlock_access_1211_25-05-2022.jpg', 'Mengambil barang gudang 3', 0, 'Tazaka Room : 4', 'Tazaka Room : 4', '2022-05-25 17:13:39', '2022-05-25 17:13:50'),
(1212, '4', 38, 'Access Granted', 'storage/doorlock/doorlock_access_1212_27-05-2022.jpg', '-', 0, 'Tazaka Room : 4', 'Tazaka Room : 4', '2022-05-27 08:00:09', '2022-05-27 08:00:11'),
(1213, '10', 42, 'Access Granted', 'storage/doorlock/doorlock_access_1213_27-05-2022.jpg', 'Inventory tools', 0, 'Tazaka Room : 10', 'Tazaka Room : 10', '2022-05-27 09:28:31', '2022-05-27 09:28:42'),
(1214, '11', 42, 'Access Granted', NULL, '-', 0, 'Tazaka Room : 11', 'Tazaka Room : 11', '2022-05-27 09:29:19', '2022-05-27 09:29:19'),
(1215, '10', 41, 'Access Granted', 'storage/doorlock/doorlock_access_1215_27-05-2022.jpg', 'Inventory tools', 0, 'Tazaka Room : 10', 'Tazaka Room : 10', '2022-05-27 09:34:41', '2022-05-27 09:35:05'),
(1216, '10', 43, 'Access Granted', 'storage/doorlock/doorlock_access_1216_27-05-2022.jpg', '-', 0, 'Tazaka Room : 10', 'Tazaka Room : 10', '2022-05-27 09:37:08', '2022-05-27 09:37:10'),
(1217, '10', 43, 'Access Granted', 'storage/doorlock/doorlock_access_1217_27-05-2022.jpg', '-', 0, 'Tazaka Room : 10', 'Tazaka Room : 10', '2022-05-27 09:37:13', '2022-05-27 09:37:15'),
(1218, '10', 43, 'Access Granted', 'storage/doorlock/doorlock_access_1218_27-05-2022.jpg', '-', 0, 'Tazaka Room : 10', 'Tazaka Room : 10', '2022-05-27 09:37:20', '2022-05-27 09:37:22'),
(1219, '10', 43, 'Access Granted', 'storage/doorlock/doorlock_access_1219_27-05-2022.jpg', 'Mengambil Bor', 0, 'Tazaka Room : 10', 'Tazaka Room : 10', '2022-05-27 09:37:25', '2022-05-27 09:37:32'),
(1220, '4', 46, 'Access Granted', 'storage/doorlock/doorlock_access_1220_27-05-2022.jpg', 'Mengambil barang gudang 3', 0, 'Tazaka Room : 4', 'Tazaka Room : 4', '2022-05-27 10:04:26', '2022-05-27 10:04:37'),
(1221, '5', 46, 'Access Granted', NULL, '-', 2, 'Tazaka Room : 5', 'Tazaka Room : 5', '2022-05-27 10:04:55', '2022-05-27 10:05:01'),
(1222, '5', 38, 'Access Granted', NULL, '-', 1, 'Tazaka Room : 5', 'Tazaka Room : 5', '2022-05-27 10:06:20', '2022-05-27 10:06:26'),
(1223, '5', 38, 'Access Granted', NULL, '-', 0, 'Tazaka Room : 5', 'Tazaka Room : 5', '2022-05-27 10:06:49', '2022-05-27 10:06:49'),
(1224, '10', 45, 'Access Granted', 'storage/doorlock/doorlock_access_1224_27-05-2022.jpg', '-', 0, 'Tazaka Room : 10', 'Tazaka Room : 10', '2022-05-27 10:07:03', '2022-05-27 10:07:05'),
(1225, '10', 45, 'Access Granted', 'storage/doorlock/doorlock_access_1225_27-05-2022.jpg', 'Mengambil Bor', 0, 'Tazaka Room : 10', 'Tazaka Room : 10', '2022-05-27 10:07:19', '2022-05-27 10:07:29'),
(1226, '10', 45, 'Access Granted', 'storage/doorlock/doorlock_access_1226_27-05-2022.jpg', 'Mengambil Bor', 0, 'Tazaka Room : 10', 'Tazaka Room : 10', '2022-05-27 10:07:39', '2022-05-27 10:07:48'),
(1227, '10', 10, 'Access Granted', 'storage/doorlock/doorlock_access_1227_27-05-2022.jpg', 'Inventory tools', 0, 'Tazaka Room : 10', 'Tazaka Room : 10', '2022-05-27 10:42:41', '2022-05-27 10:42:52'),
(1228, '10', 32, 'Access Granted', 'storage/doorlock/doorlock_access_1228_28-05-2022.jpg', 'Inventory tools', 0, 'Tazaka Room : 10', 'Tazaka Room : 10', '2022-05-28 10:32:00', '2022-05-28 10:32:11'),
(1229, '6', 30, 'Access Granted', 'storage/doorlock/doorlock_access_1229_28-05-2022.jpg', '-', 0, 'Tazaka Room : 6', 'Tazaka Room : 6', '2022-05-28 10:34:03', '2022-05-28 10:34:05'),
(1230, '10', 30, 'Access Granted', 'storage/doorlock/doorlock_access_1230_28-05-2022.jpg', '-', 0, 'Tazaka Room : 10', 'Tazaka Room : 10', '2022-05-28 10:35:46', '2022-05-28 10:35:47'),
(1231, '10', 30, 'Access Granted', 'storage/doorlock/doorlock_access_1231_28-05-2022.jpg', 'Mengambil Bor', 0, 'Tazaka Room : 10', 'Tazaka Room : 10', '2022-05-28 10:35:50', '2022-05-28 10:36:00'),
(1232, '10', 10, 'Access Granted', 'storage/doorlock/doorlock_access_1232_28-05-2022.jpg', 'Mengambil Bor', 0, 'Tazaka Room : 10', 'Tazaka Room : 10', '2022-05-28 10:57:34', '2022-05-28 10:57:42'),
(1233, '10', 10, 'Access Granted', 'storage/doorlock/doorlock_access_1233_28-05-2022.jpg', 'Mengambil Bor', 0, 'Tazaka Room : 10', 'Tazaka Room : 10', '2022-05-28 11:55:50', '2022-05-28 11:55:58'),
(1234, '10', 45, 'Access Granted', 'storage/doorlock/doorlock_access_1234_28-05-2022.jpg', 'Mengambil Bor', 0, 'Tazaka Room : 10', 'Tazaka Room : 10', '2022-05-28 12:13:02', '2022-05-28 12:13:13'),
(1235, '10', 54, 'Access Granted', 'storage/doorlock/doorlock_access_1235_28-05-2022.jpg', 'Inventory tools', 0, 'Tazaka Room : 10', 'Tazaka Room : 10', '2022-05-28 14:03:05', '2022-05-28 14:03:18'),
(1236, '4', 54, 'Access Granted', 'storage/doorlock/doorlock_access_1236_28-05-2022.jpg', '-', 0, 'Tazaka Room : 4', 'Tazaka Room : 4', '2022-05-28 14:05:30', '2022-05-28 14:05:31'),
(1237, '6', 54, 'Access Granted', 'storage/doorlock/doorlock_access_1237_28-05-2022.jpg', '-', 0, 'Tazaka Room : 6', 'Tazaka Room : 6', '2022-05-28 14:07:09', '2022-05-28 14:07:11'),
(1238, '6', 36, 'Access Granted', 'storage/doorlock/doorlock_access_1238_28-05-2022.jpg', '-', 1, 'Tazaka Room : 6', 'Tazaka Room : 6', '2022-05-28 14:14:59', '2022-05-28 14:15:04'),
(1239, '6', 37, 'Access Granted', 'storage/doorlock/doorlock_access_1239_28-05-2022.jpg', '-', 0, 'Tazaka Room : 6', 'Tazaka Room : 6', '2022-05-28 14:15:46', '2022-05-28 14:15:47'),
(1240, '10', 79, 'Access Granted', 'storage/doorlock/doorlock_access_1240_28-05-2022.jpg', '-', 0, 'Tazaka Room : 10', 'Tazaka Room : 10', '2022-05-28 14:41:33', '2022-05-28 14:41:35'),
(1241, '10', 79, 'Access Granted', 'storage/doorlock/doorlock_access_1241_28-05-2022.jpg', 'Inventory tools', 0, 'Tazaka Room : 10', 'Tazaka Room : 10', '2022-05-28 14:41:38', '2022-05-28 14:42:32'),
(1242, '11', 43, 'Access Granted', NULL, '-', 0, 'Tazaka Room : 11', 'Tazaka Room : 11', '2022-05-28 14:43:48', '2022-05-28 14:43:48'),
(1243, '10', 41, 'Access Granted', 'storage/doorlock/doorlock_access_1243_28-05-2022.jpg', 'Mengambil Bor', 0, 'Tazaka Room : 10', 'Tazaka Room : 10', '2022-05-28 14:45:36', '2022-05-28 14:45:46'),
(1244, '11', 41, 'Access Granted', NULL, '-', 1, 'Tazaka Room : 11', 'Tazaka Room : 11', '2022-05-28 14:46:31', '2022-05-28 14:46:36'),
(1245, '10', 79, 'Access Granted', 'storage/doorlock/doorlock_access_1245_28-05-2022.jpg', '-', 0, 'Tazaka Room : 10', 'Tazaka Room : 10', '2022-05-28 14:56:29', '2022-05-28 14:56:31'),
(1246, '10', 79, 'Access Granted', 'storage/doorlock/doorlock_access_1246_28-05-2022.jpg', 'Mengambil Bor', 0, 'Tazaka Room : 10', 'Tazaka Room : 10', '2022-05-28 14:56:35', '2022-05-28 14:56:54'),
(1247, '10', 79, 'Access Granted', 'storage/doorlock/doorlock_access_1247_28-05-2022.jpg', 'Mengambil Bor', 0, 'Tazaka Room : 10', 'Tazaka Room : 10', '2022-05-28 14:57:06', '2022-05-28 14:58:34'),
(1248, '10', 43, 'Access Granted', 'storage/doorlock/doorlock_access_1248_28-05-2022.jpg', '-', 0, 'Tazaka Room : 10', 'Tazaka Room : 10', '2022-05-28 14:58:53', '2022-05-28 14:58:55'),
(1249, '10', 43, 'Access Granted', 'storage/doorlock/doorlock_access_1249_28-05-2022.jpg', 'Inventory tools', 0, 'Tazaka Room : 10', 'Tazaka Room : 10', '2022-05-28 14:58:59', '2022-05-28 14:59:07');
INSERT INTO `doorlock_reports` (`id`, `uid`, `user_id`, `keterangan`, `doorlock_photo_path`, `remark_log`, `count_access`, `createdBy`, `updatedBy`, `created_at`, `updated_at`) VALUES
(1250, '11', 42, 'Access Granted', NULL, '-', 0, 'Tazaka Room : 11', 'Tazaka Room : 11', '2022-05-28 15:00:47', '2022-05-28 15:00:47'),
(1251, '4', 38, 'Access Granted', 'storage/doorlock/doorlock_access_1251_28-05-2022.jpg', '-', 0, 'Tazaka Room : 4', 'Tazaka Room : 4', '2022-05-28 15:34:57', '2022-05-28 15:34:58'),
(1252, '6', 11, 'Access Granted', 'storage/doorlock/doorlock_access_1252_28-05-2022.jpg', '-', 1, 'Tazaka Room : 6', 'Tazaka Room : 6', '2022-05-28 15:40:14', '2022-05-28 15:40:20'),
(1253, '10', 65, 'Access Granted', 'storage/doorlock/doorlock_access_1253_28-05-2022.jpg', 'Mengambil Bor', 0, 'Tazaka Room : 10', 'Tazaka Room : 10', '2022-05-28 15:40:36', '2022-05-28 15:40:56'),
(1254, '10', 10, 'Access Granted', 'storage/doorlock/doorlock_access_1254_28-05-2022.jpg', 'Inventory tools', 1, 'Tazaka Room : 10', 'Tazaka Room : 10', '2022-05-28 16:08:25', '2022-05-28 16:08:41'),
(1255, '10', 41, 'Access Granted', 'storage/doorlock/doorlock_access_1255_28-05-2022.jpg', 'Inventory tools', 0, 'Tazaka Room : 10', 'Tazaka Room : 10', '2022-05-28 17:57:00', '2022-05-28 17:57:11'),
(1256, '10', 42, 'Access Granted', 'storage/doorlock/doorlock_access_1256_28-05-2022.jpg', 'Inventory tools', 0, 'Tazaka Room : 10', 'Tazaka Room : 10', '2022-05-28 19:31:31', '2022-05-28 19:31:42'),
(1257, '4', 31, 'Access Granted', 'storage/doorlock/doorlock_access_1257_30-05-2022.jpg', 'Stock opname', 0, 'Tazaka Room : 4', 'Tazaka Room : 4', '2022-05-30 07:04:10', '2022-05-30 07:04:21'),
(1258, '10', 54, 'Access Granted', 'storage/doorlock/doorlock_access_1258_30-05-2022.jpg', '-', 0, 'Tazaka Room : 10', 'Tazaka Room : 10', '2022-05-30 08:05:12', '2022-05-30 08:05:14'),
(1259, '10', 54, 'Access Granted', 'storage/doorlock/doorlock_access_1259_30-05-2022.jpg', 'Inventory tools', 0, 'Tazaka Room : 10', 'Tazaka Room : 10', '2022-05-30 08:05:19', '2022-05-30 08:05:25'),
(1260, '10', 30, 'Access Granted', 'storage/doorlock/doorlock_access_1260_30-05-2022.jpg', 'Mengambil Bor', 0, 'Tazaka Room : 10', 'Tazaka Room : 10', '2022-05-30 10:08:04', '2022-05-30 10:08:23'),
(1261, '4', 38, 'Access Granted', 'storage/doorlock/doorlock_access_1261_30-05-2022.jpg', 'Mengambil barang gudang 3', 0, 'Tazaka Room : 4', 'Tazaka Room : 4', '2022-05-30 16:54:13', '2022-05-30 16:54:26'),
(1262, '4', 46, 'Access Granted', 'storage/doorlock/doorlock_access_1262_30-05-2022.jpg', 'Stock opname', 0, 'Tazaka Room : 4', 'Tazaka Room : 4', '2022-05-30 16:59:25', '2022-05-30 16:59:40'),
(1263, '4', 46, 'Access Granted', 'storage/doorlock/doorlock_access_1263_30-05-2022.jpg', 'Mengambil barang gudang 3', 0, 'Tazaka Room : 4', 'Tazaka Room : 4', '2022-05-30 18:32:52', '2022-05-30 18:33:02'),
(1264, '4', 36, 'Access Granted', 'storage/doorlock/doorlock_access_1264_30-05-2022.jpg', 'Mengambil barang gudang 3', 0, 'Tazaka Room : 4', 'Tazaka Room : 4', '2022-05-30 19:14:52', '2022-05-30 19:15:14'),
(1265, '4', 36, 'Access Granted', 'storage/doorlock/doorlock_access_1265_30-05-2022.jpg', 'Mengambil barang gudang 3', 0, 'Tazaka Room : 4', 'Tazaka Room : 4', '2022-05-30 19:28:23', '2022-05-30 19:28:59'),
(1266, '10', 43, 'Access Granted', 'storage/doorlock/doorlock_access_1266_30-05-2022.jpg', '-', 0, 'Tazaka Room : 10', 'Tazaka Room : 10', '2022-05-30 20:14:17', '2022-05-30 20:14:19'),
(1267, '10', 43, 'Access Granted', 'storage/doorlock/doorlock_access_1267_30-05-2022.jpg', 'Mengambil Bor', 0, 'Tazaka Room : 10', 'Tazaka Room : 10', '2022-05-30 20:14:22', '2022-05-30 20:14:35'),
(1268, '10', 43, 'Access Granted', 'storage/doorlock/doorlock_access_1268_30-05-2022.jpg', '-', 0, 'Tazaka Room : 10', 'Tazaka Room : 10', '2022-05-30 20:54:35', '2022-05-30 20:54:37'),
(1269, '10', 43, 'Access Granted', 'storage/doorlock/doorlock_access_1269_30-05-2022.jpg', 'Mengambil Bor', 0, 'Tazaka Room : 10', 'Tazaka Room : 10', '2022-05-30 20:54:40', '2022-05-30 20:54:52'),
(1270, '10', 42, 'Access Granted', 'storage/doorlock/doorlock_access_1270_30-05-2022.jpg', 'Inventory tools', 0, 'Tazaka Room : 10', 'Tazaka Room : 10', '2022-05-30 23:37:00', '2022-05-30 23:37:13'),
(1271, '4', 36, 'Access Granted', 'storage/doorlock/doorlock_access_1271_31-05-2022.jpg', 'Stock opname', 0, 'Tazaka Room : 4', 'Tazaka Room : 4', '2022-05-31 00:40:15', '2022-05-31 00:40:31'),
(1272, '4', 36, 'Access Granted', 'storage/doorlock/doorlock_access_1272_31-05-2022.jpg', 'Mengambil barang gudang 3', 0, 'Tazaka Room : 4', 'Tazaka Room : 4', '2022-05-31 00:58:27', '2022-05-31 00:58:49'),
(1273, '4', 36, 'Access Granted', 'storage/doorlock/doorlock_access_1273_31-05-2022.jpg', 'Mengambil barang gudang 3', 0, 'Tazaka Room : 4', 'Tazaka Room : 4', '2022-05-31 00:59:04', '2022-05-31 00:59:13'),
(1274, '4', 36, 'Access Granted', 'storage/doorlock/doorlock_access_1274_31-05-2022.jpg', 'Mengambil barang gudang 3', 0, 'Tazaka Room : 4', 'Tazaka Room : 4', '2022-05-31 02:10:24', '2022-05-31 02:10:47'),
(1275, '4', 36, 'Access Granted', 'storage/doorlock/doorlock_access_1275_31-05-2022.jpg', 'Mengambil barang gudang 3', 0, 'Tazaka Room : 4', 'Tazaka Room : 4', '2022-05-31 02:40:06', '2022-05-31 02:40:24'),
(1276, '4', 56, 'Access Granted', 'storage/doorlock/doorlock_access_1276_31-05-2022.jpg', 'Mengambil barang gudang 3', 0, 'Tazaka Room : 4', 'Tazaka Room : 4', '2022-05-31 03:06:53', '2022-05-31 03:07:06'),
(1277, '4', 56, 'Access Granted', 'storage/doorlock/doorlock_access_1277_31-05-2022.jpg', 'Stock opname', 0, 'Tazaka Room : 4', 'Tazaka Room : 4', '2022-05-31 06:46:46', '2022-05-31 06:46:58'),
(1278, '4', 81, 'Access Granted', 'storage/doorlock/doorlock_access_1278_31-05-2022.jpg', 'Mengambil barang gudang 3', 0, 'Tazaka Room : 4', 'Tazaka Room : 4', '2022-05-31 07:17:55', '2022-05-31 07:18:14'),
(1279, '6', 81, 'Access Granted', 'storage/doorlock/doorlock_access_1279_31-05-2022.jpg', '-', 0, 'Tazaka Room : 6', 'Tazaka Room : 6', '2022-05-31 07:19:59', '2022-05-31 07:20:01'),
(1280, '6', 99, 'Access Granted', 'storage/doorlock/doorlock_access_1280_31-05-2022.jpg', '-', 1, 'Tazaka Room : 6', 'Tazaka Room : 6', '2022-05-31 07:31:52', '2022-05-31 07:31:57'),
(1281, '10', 41, 'Access Granted', 'storage/doorlock/doorlock_access_1281_31-05-2022.jpg', 'Inventory tools', 0, 'Tazaka Room : 10', 'Tazaka Room : 10', '2022-05-31 07:37:16', '2022-05-31 07:37:27'),
(1282, '6', 81, 'Access Granted', 'storage/doorlock/doorlock_access_1282_31-05-2022.jpg', '-', 1, 'Tazaka Room : 6', 'Tazaka Room : 6', '2022-05-31 09:40:50', '2022-05-31 09:40:56'),
(1283, '4', 72, 'Access Granted', 'storage/doorlock/doorlock_access_1283_31-05-2022.jpg', 'Mengambil barang gudang 3', 0, 'Tazaka Room : 4', 'Tazaka Room : 4', '2022-05-31 11:36:58', '2022-05-31 11:37:18'),
(1284, '6', 31, 'Access Granted', 'storage/doorlock/doorlock_access_1284_31-05-2022.jpg', '-', 1, 'Tazaka Room : 6', 'Tazaka Room : 6', '2022-05-31 13:37:59', '2022-05-31 13:38:04'),
(1285, '10', 41, 'Access Granted', 'storage/doorlock/doorlock_access_1285_31-05-2022.jpg', 'Mengambil Bor', 0, 'Tazaka Room : 10', 'Tazaka Room : 10', '2022-05-31 15:17:50', '2022-05-31 15:17:58'),
(1286, '10', 41, 'Access Granted', 'storage/doorlock/doorlock_access_1286_31-05-2022.jpg', 'Inventory tools', 0, 'Tazaka Room : 10', 'Tazaka Room : 10', '2022-05-31 16:39:38', '2022-05-31 16:39:51'),
(1287, '10', 43, 'Access Granted', 'storage/doorlock/doorlock_access_1287_31-05-2022.jpg', '-', 0, 'Tazaka Room : 10', 'Tazaka Room : 10', '2022-05-31 19:13:54', '2022-05-31 19:13:55'),
(1288, '10', 43, 'Access Granted', 'storage/doorlock/doorlock_access_1288_31-05-2022.jpg', 'Mengambil Bor', 0, 'Tazaka Room : 10', 'Tazaka Room : 10', '2022-05-31 19:13:59', '2022-05-31 19:14:08'),
(1289, '4', 56, 'Access Granted', 'storage/doorlock/doorlock_access_1289_31-05-2022.jpg', 'Mengambil barang gudang 3', 0, 'Tazaka Room : 4', 'Tazaka Room : 4', '2022-05-31 20:20:00', '2022-05-31 20:20:14'),
(1290, '4', 56, 'Access Granted', 'storage/doorlock/doorlock_access_1290_31-05-2022.jpg', 'Mengambil barang gudang 3', 0, 'Tazaka Room : 4', 'Tazaka Room : 4', '2022-05-31 20:23:35', '2022-05-31 20:23:47'),
(1291, '4', 56, 'Access Granted', 'storage/doorlock/doorlock_access_1291_31-05-2022.jpg', 'Mengambil barang gudang 3', 0, 'Tazaka Room : 4', 'Tazaka Room : 4', '2022-05-31 20:25:44', '2022-05-31 20:25:57'),
(1292, '10', 42, 'Access Granted', 'storage/doorlock/doorlock_access_1292_31-05-2022.jpg', 'Inventory tools', 0, 'Tazaka Room : 10', 'Tazaka Room : 10', '2022-05-31 20:50:03', '2022-05-31 20:50:12'),
(1293, '10', 42, 'Access Granted', 'storage/doorlock/doorlock_access_1293_01-06-2022.jpg', 'Inventory tools', 0, 'Tazaka Room : 10', 'Tazaka Room : 10', '2022-06-01 01:11:08', '2022-06-01 01:11:17'),
(1294, '4', 56, 'Access Granted', 'storage/doorlock/doorlock_access_1294_01-06-2022.jpg', 'Mengambil barang gudang 3', 0, 'Tazaka Room : 4', 'Tazaka Room : 4', '2022-06-01 03:09:34', '2022-06-01 03:09:46'),
(1295, '4', 56, 'Access Granted', 'storage/doorlock/doorlock_access_1295_01-06-2022.jpg', 'Stock opname', 0, 'Tazaka Room : 4', 'Tazaka Room : 4', '2022-06-01 06:43:38', '2022-06-01 06:43:54'),
(1296, '4', 31, 'Access Granted', 'storage/doorlock/doorlock_access_1296_01-06-2022.jpg', 'Stock opname', 0, 'Tazaka Room : 4', 'Tazaka Room : 4', '2022-06-01 07:02:11', '2022-06-01 07:02:56'),
(1297, '6', 54, 'Access Granted', 'storage/doorlock/doorlock_access_1297_01-06-2022.jpg', '-', 0, 'Tazaka Room : 6', 'Tazaka Room : 6', '2022-06-01 09:14:38', '2022-06-01 09:14:40'),
(1298, '6', 54, 'Access Granted', 'storage/doorlock/doorlock_access_1298_01-06-2022.jpg', '-', 0, 'Tazaka Room : 6', 'Tazaka Room : 6', '2022-06-01 09:14:48', '2022-06-01 09:14:50'),
(1299, '6', 31, 'Access Granted', 'storage/doorlock/doorlock_access_1299_01-06-2022.jpg', '-', 0, 'Tazaka Room : 6', 'Tazaka Room : 6', '2022-06-01 13:04:10', '2022-06-01 13:04:11'),
(1300, '4', 54, 'Access Granted', 'storage/doorlock/doorlock_access_1300_01-06-2022.jpg', 'Stock opname', 0, 'Tazaka Room : 4', 'Tazaka Room : 4', '2022-06-01 16:57:20', '2022-06-01 16:57:30'),
(1301, '4', 56, 'Access Granted', 'storage/doorlock/doorlock_access_1301_01-06-2022.jpg', 'Mengambil barang gudang 3', 1, 'Tazaka Room : 4', 'Tazaka Room : 4', '2022-06-01 19:14:48', '2022-06-01 19:15:15'),
(1302, '4', 56, 'Access Granted', 'storage/doorlock/doorlock_access_1302_01-06-2022.jpg', 'Mengambil barang gudang 3', 0, 'Tazaka Room : 4', 'Tazaka Room : 4', '2022-06-01 20:15:44', '2022-06-01 20:16:02'),
(1303, '10', 45, 'Access Granted', 'storage/doorlock/doorlock_access_1303_01-06-2022.jpg', '-', 0, 'Tazaka Room : 10', 'Tazaka Room : 10', '2022-06-01 22:21:54', '2022-06-01 22:21:55'),
(1304, '10', 45, 'Access Granted', 'storage/doorlock/doorlock_access_1304_01-06-2022.jpg', '-', 0, 'Tazaka Room : 10', 'Tazaka Room : 10', '2022-06-01 22:21:59', '2022-06-01 22:22:00'),
(1305, '10', 45, 'Access Granted', 'storage/doorlock/doorlock_access_1305_01-06-2022.jpg', 'Mengambil Bor', 1, 'Tazaka Room : 10', 'Tazaka Room : 10', '2022-06-01 22:22:10', '2022-06-01 22:22:40'),
(1306, '6', 36, 'Access Granted', 'storage/doorlock/doorlock_access_1306_02-06-2022.jpg', '-', 0, 'Tazaka Room : 6', 'Tazaka Room : 6', '2022-06-02 00:15:12', '2022-06-02 00:15:14'),
(1307, '10', 43, 'Access Granted', 'storage/doorlock/doorlock_access_1307_02-06-2022.jpg', '-', 0, 'Tazaka Room : 10', 'Tazaka Room : 10', '2022-06-02 01:15:50', '2022-06-02 01:15:52'),
(1308, '10', 43, 'Access Granted', 'storage/doorlock/doorlock_access_1308_02-06-2022.jpg', 'Mengambil Bor', 0, 'Tazaka Room : 10', 'Tazaka Room : 10', '2022-06-02 01:15:55', '2022-06-02 01:16:01'),
(1309, '10', 43, 'Access Granted', 'storage/doorlock/doorlock_access_1309_02-06-2022.jpg', '-', 0, 'Tazaka Room : 10', 'Tazaka Room : 10', '2022-06-02 06:12:22', '2022-06-02 06:12:23'),
(1310, '10', 43, 'Access Granted', 'storage/doorlock/doorlock_access_1310_02-06-2022.jpg', 'Mengambil Bor', 1, 'Tazaka Room : 10', 'Tazaka Room : 10', '2022-06-02 06:12:26', '2022-06-02 06:12:41'),
(1311, '4', 56, 'Access Granted', 'storage/doorlock/doorlock_access_1311_02-06-2022.jpg', 'Stock opname', 0, 'Tazaka Room : 4', 'Tazaka Room : 4', '2022-06-02 06:12:33', '2022-06-02 06:12:41'),
(1312, '4', 31, 'Access Granted', 'storage/doorlock/doorlock_access_1312_02-06-2022.jpg', 'Stock opname', 0, 'Tazaka Room : 4', 'Tazaka Room : 4', '2022-06-02 06:55:09', '2022-06-02 06:56:20'),
(1313, '10', 30, 'Access Granted', 'storage/doorlock/doorlock_access_1313_02-06-2022.jpg', 'Inventory tools', 0, 'Tazaka Room : 10', 'Tazaka Room : 10', '2022-06-02 07:07:30', '2022-06-02 07:07:41'),
(1314, '6', 81, 'Access Granted', 'storage/doorlock/doorlock_access_1314_02-06-2022.jpg', '-', 0, 'Tazaka Room : 6', 'Tazaka Room : 6', '2022-06-02 09:55:37', '2022-06-02 09:55:38'),
(1315, '6', 80, 'Access Granted', 'storage/doorlock/doorlock_access_1315_02-06-2022.jpg', '-', 0, 'Tazaka Room : 6', 'Tazaka Room : 6', '2022-06-02 13:05:03', '2022-06-02 13:05:05'),
(1316, '4', 54, 'Access Granted', 'storage/doorlock/doorlock_access_1316_02-06-2022.jpg', 'Stock opname', 0, 'Tazaka Room : 4', 'Tazaka Room : 4', '2022-06-02 13:05:32', '2022-06-02 13:05:42'),
(1317, '10', 41, 'Access Granted', 'storage/doorlock/doorlock_access_1317_02-06-2022.jpg', 'Inventory tools', 0, 'Tazaka Room : 10', 'Tazaka Room : 10', '2022-06-02 13:57:06', '2022-06-02 13:57:17'),
(1318, '10', 32, 'Access Granted', 'storage/doorlock/doorlock_access_1318_02-06-2022.jpg', '-', 0, 'Tazaka Room : 10', 'Tazaka Room : 10', '2022-06-02 19:13:27', '2022-06-02 19:13:28'),
(1319, '4', 36, 'Access Granted', 'storage/doorlock/doorlock_access_1319_02-06-2022.jpg', 'Stock opname', 0, 'Tazaka Room : 4', 'Tazaka Room : 4', '2022-06-02 19:16:09', '2022-06-02 19:16:33'),
(1320, '10', 42, 'Access Granted', 'storage/doorlock/doorlock_access_1320_02-06-2022.jpg', 'Inventory tools', 0, 'Tazaka Room : 10', 'Tazaka Room : 10', '2022-06-02 19:48:32', '2022-06-02 19:48:42'),
(1321, '10', 32, 'Access Granted', 'storage/doorlock/doorlock_access_1321_02-06-2022.jpg', 'Inventory tools', 0, 'Tazaka Room : 10', 'Tazaka Room : 10', '2022-06-02 20:01:08', '2022-06-02 20:01:18'),
(1322, '10', 65, 'Access Granted', 'storage/doorlock/doorlock_access_1322_02-06-2022.jpg', 'Inventory tools', 0, 'Tazaka Room : 10', 'Tazaka Room : 10', '2022-06-02 22:24:58', '2022-06-02 22:25:16'),
(1323, '4', 56, 'Access Granted', 'storage/doorlock/doorlock_access_1323_02-06-2022.jpg', 'Mengambil barang gudang 3', 0, 'Tazaka Room : 4', 'Tazaka Room : 4', '2022-06-02 22:56:19', '2022-06-02 22:56:32'),
(1324, '10', 32, 'Access Granted', 'storage/doorlock/doorlock_access_1324_02-06-2022.jpg', 'Mengambil Bor', 0, 'Tazaka Room : 10', 'Tazaka Room : 10', '2022-06-02 23:13:09', '2022-06-02 23:13:18'),
(1325, '4', 36, 'Access Granted', 'storage/doorlock/doorlock_access_1325_03-06-2022.jpg', 'Mengambil barang gudang 3', 0, 'Tazaka Room : 4', 'Tazaka Room : 4', '2022-06-03 02:32:40', '2022-06-03 02:32:55'),
(1326, '4', 56, 'Access Granted', 'storage/doorlock/doorlock_access_1326_03-06-2022.jpg', 'Mengambil barang gudang 3', 0, 'Tazaka Room : 4', 'Tazaka Room : 4', '2022-06-03 05:29:51', '2022-06-03 05:30:04'),
(1327, '10', 42, 'Access Granted', 'storage/doorlock/doorlock_access_1327_03-06-2022.jpg', 'Inventory tools', 0, 'Tazaka Room : 10', 'Tazaka Room : 10', '2022-06-03 05:33:52', '2022-06-03 05:34:09'),
(1328, '4', 54, 'Access Granted', 'storage/doorlock/doorlock_access_1328_03-06-2022.jpg', 'Stock opname', 0, 'Tazaka Room : 4', 'Tazaka Room : 4', '2022-06-03 07:05:37', '2022-06-03 07:05:48'),
(1329, '6', 80, 'Access Granted', 'storage/doorlock/doorlock_access_1329_03-06-2022.jpg', '-', 1, 'Tazaka Room : 6', 'Tazaka Room : 6', '2022-06-03 07:10:09', '2022-06-03 07:10:14'),
(1330, '10', 30, 'Access Granted', 'storage/doorlock/doorlock_access_1330_03-06-2022.jpg', 'Inventory tools', 0, 'Tazaka Room : 10', 'Tazaka Room : 10', '2022-06-03 07:42:26', '2022-06-03 07:42:47'),
(1331, '4', 54, 'Access Granted', 'storage/doorlock/doorlock_access_1331_03-06-2022.jpg', 'Mengambil barang gudang 3', 0, 'Tazaka Room : 4', 'Tazaka Room : 4', '2022-06-03 12:59:17', '2022-06-03 12:59:32'),
(1332, '6', 81, 'Access Granted', 'storage/doorlock/doorlock_access_1332_03-06-2022.jpg', '-', 1, 'Tazaka Room : 6', 'Tazaka Room : 6', '2022-06-03 14:09:04', '2022-06-03 14:09:09'),
(1333, '6', 81, 'Access Granted', 'storage/doorlock/doorlock_access_1333_03-06-2022.jpg', '-', 1, 'Tazaka Room : 6', 'Tazaka Room : 6', '2022-06-03 14:10:12', '2022-06-03 14:10:18'),
(1334, '10', 73, 'Access Granted', 'storage/doorlock/doorlock_access_1334_03-06-2022.jpg', 'Inventory tools', 1, 'Tazaka Room : 10', 'Tazaka Room : 10', '2022-06-03 14:11:35', '2022-06-03 14:11:50'),
(1335, '10', 73, 'Access Granted', 'storage/doorlock/doorlock_access_1335_03-06-2022.jpg', '-', 0, 'Tazaka Room : 10', 'Tazaka Room : 10', '2022-06-03 14:11:51', '2022-06-03 14:11:53'),
(1336, '10', 39, 'Access Granted', 'storage/doorlock/doorlock_access_1336_03-06-2022.jpg', '-', 0, 'Tazaka Room : 10', 'Tazaka Room : 10', '2022-06-03 14:14:09', '2022-06-03 14:14:11'),
(1337, '10', 39, 'Access Granted', 'storage/doorlock/doorlock_access_1337_03-06-2022.jpg', 'Inventory tools', 0, 'Tazaka Room : 10', 'Tazaka Room : 10', '2022-06-03 14:14:33', '2022-06-03 14:14:43'),
(1338, '10', 29, 'Access Granted', 'storage/doorlock/doorlock_access_1338_03-06-2022.jpg', 'Inventory tools', 1, 'Tazaka Room : 10', 'Tazaka Room : 10', '2022-06-03 14:29:01', '2022-06-03 14:29:20'),
(1339, '10', 35, 'Access Granted', 'storage/doorlock/doorlock_access_1339_03-06-2022.jpg', 'Mengambil Bor', 0, 'Tazaka Room : 10', 'Tazaka Room : 10', '2022-06-03 14:35:07', '2022-06-03 14:35:18'),
(1340, '10', 97, 'Access Granted', 'storage/doorlock/doorlock_access_1340_03-06-2022.jpg', 'Inventory tools', 0, 'Tazaka Room : 10', 'Tazaka Room : 10', '2022-06-03 14:48:35', '2022-06-03 14:48:50'),
(1341, '10', 97, 'Access Granted', 'storage/doorlock/doorlock_access_1341_03-06-2022.jpg', 'Inventory tools', 0, 'Tazaka Room : 10', 'Tazaka Room : 10', '2022-06-03 14:53:27', '2022-06-03 14:53:45'),
(1342, '10', 104, 'Access Granted', 'storage/doorlock/doorlock_access_1342_03-06-2022.jpg', 'Inventory tools', 0, 'Tazaka Room : 10', 'Tazaka Room : 10', '2022-06-03 14:56:40', '2022-06-03 14:56:51'),
(1343, '10', 93, 'Access Granted', 'storage/doorlock/doorlock_access_1343_03-06-2022.jpg', 'Inventory tools', 0, 'Tazaka Room : 10', 'Tazaka Room : 10', '2022-06-03 14:57:12', '2022-06-03 14:57:22'),
(1344, '10', 88, 'Access Granted', 'storage/doorlock/doorlock_access_1344_03-06-2022.jpg', 'Inventory tools', 0, 'Tazaka Room : 10', 'Tazaka Room : 10', '2022-06-03 15:03:13', '2022-06-03 15:03:35'),
(1345, '10', 74, 'Access Granted', 'storage/doorlock/doorlock_access_1345_03-06-2022.jpg', 'Inventory tools', 0, 'Tazaka Room : 10', 'Tazaka Room : 10', '2022-06-03 15:04:30', '2022-06-03 15:04:43'),
(1346, '10', 75, 'Access Granted', 'storage/doorlock/doorlock_access_1346_03-06-2022.jpg', 'Inventory tools', 0, 'Tazaka Room : 10', 'Tazaka Room : 10', '2022-06-03 15:13:01', '2022-06-03 15:13:11'),
(1347, '10', 87, 'Access Granted', 'storage/doorlock/doorlock_access_1347_03-06-2022.jpg', 'Inventory tools', 0, 'Tazaka Room : 10', 'Tazaka Room : 10', '2022-06-03 15:14:42', '2022-06-03 15:14:52'),
(1348, '10', 87, 'Access Granted', 'storage/doorlock/doorlock_access_1348_03-06-2022.jpg', 'Mengambil Bor', 0, 'Tazaka Room : 10', 'Tazaka Room : 10', '2022-06-03 15:15:07', '2022-06-03 15:15:24'),
(1358, '10', 95, 'Access Granted', 'storage/doorlock/doorlock_access_1358_03-06-2022.jpg', 'Inventory tools', 1, 'Tazaka Room : 10', 'Tazaka Room : 10', '2022-06-03 15:26:29', '2022-06-03 15:26:42'),
(1359, '10', 95, 'Access Granted', 'storage/doorlock/doorlock_access_1359_03-06-2022.jpg', '-', 0, 'Tazaka Room : 10', 'Tazaka Room : 10', '2022-06-03 15:26:57', '2022-06-03 15:26:59'),
(1360, '10', 95, 'Access Granted', 'storage/doorlock/doorlock_access_1360_03-06-2022.jpg', 'Inventory tools', 0, 'Tazaka Room : 10', 'Tazaka Room : 10', '2022-06-03 15:27:31', '2022-06-03 15:27:55'),
(1365, '10', 44, 'Access Granted', 'storage/doorlock/doorlock_access_1365_03-06-2022.jpg', '-', 0, 'Tazaka Room : 10', 'Tazaka Room : 10', '2022-06-03 15:29:35', '2022-06-03 15:29:37'),
(1366, '10', 44, 'Access Granted', 'storage/doorlock/doorlock_access_1366_03-06-2022.jpg', '-', 0, 'Tazaka Room : 10', 'Tazaka Room : 10', '2022-06-03 15:29:40', '2022-06-03 15:29:42'),
(1367, '10', 44, 'Access Granted', 'storage/doorlock/doorlock_access_1367_03-06-2022.jpg', '-', 0, 'Tazaka Room : 10', 'Tazaka Room : 10', '2022-06-03 15:29:50', '2022-06-03 15:29:52'),
(1368, '10', 44, 'Access Granted', 'storage/doorlock/doorlock_access_1368_03-06-2022.jpg', '-', 0, 'Tazaka Room : 10', 'Tazaka Room : 10', '2022-06-03 15:29:55', '2022-06-03 15:29:57'),
(1369, '10', 44, 'Access Granted', 'storage/doorlock/doorlock_access_1369_03-06-2022.jpg', '-', 0, 'Tazaka Room : 10', 'Tazaka Room : 10', '2022-06-03 15:30:10', '2022-06-03 15:30:12'),
(1370, '10', 44, 'Access Granted', 'storage/doorlock/doorlock_access_1370_03-06-2022.jpg', '-', 0, 'Tazaka Room : 10', 'Tazaka Room : 10', '2022-06-03 15:30:15', '2022-06-03 15:30:17'),
(1371, '10', 44, 'Access Granted', 'storage/doorlock/doorlock_access_1371_03-06-2022.jpg', '-', 0, 'Tazaka Room : 10', 'Tazaka Room : 10', '2022-06-03 15:30:20', '2022-06-03 15:30:22'),
(1372, '10', 44, 'Access Granted', 'storage/doorlock/doorlock_access_1372_03-06-2022.jpg', '-', 0, 'Tazaka Room : 10', 'Tazaka Room : 10', '2022-06-03 15:30:25', '2022-06-03 15:30:27'),
(1373, '10', 44, 'Access Granted', 'storage/doorlock/doorlock_access_1373_03-06-2022.jpg', '-', 0, 'Tazaka Room : 10', 'Tazaka Room : 10', '2022-06-03 15:30:30', '2022-06-03 15:30:31'),
(1374, '10', 44, 'Access Granted', 'storage/doorlock/doorlock_access_1374_03-06-2022.jpg', 'Mengambil Bor', 0, 'Tazaka Room : 10', 'Tazaka Room : 10', '2022-06-03 15:30:35', '2022-06-03 15:30:41'),
(1375, '10', 94, 'Access Granted', 'storage/doorlock/doorlock_access_1375_03-06-2022.jpg', 'Inventory tools', 0, 'Tazaka Room : 10', 'Tazaka Room : 10', '2022-06-03 15:34:49', '2022-06-03 15:34:58'),
(1376, '10', 105, 'Access Granted', 'storage/doorlock/doorlock_access_1376_03-06-2022.jpg', 'Mengambil Bor', 0, 'Tazaka Room : 10', 'Tazaka Room : 10', '2022-06-03 15:59:48', '2022-06-03 15:59:57'),
(1377, '11', 105, 'Access Granted', NULL, '-', 0, 'Tazaka Room : 11', 'Tazaka Room : 11', '2022-06-03 16:00:12', '2022-06-03 16:00:12'),
(1378, '10', 106, 'Access Granted', 'storage/doorlock/doorlock_access_1378_03-06-2022.jpg', 'Mengambil Bor', 1, 'Tazaka Room : 10', 'Tazaka Room : 10', '2022-06-03 16:00:24', '2022-06-03 16:00:38'),
(1379, '11', 106, 'Access Granted', NULL, '-', 1, 'Tazaka Room : 11', 'Tazaka Room : 11', '2022-06-03 16:00:41', '2022-06-03 16:00:47'),
(1380, '10', 33, 'Access Granted', 'storage/doorlock/doorlock_access_1380_03-06-2022.jpg', 'Inventory tools', 0, 'Tazaka Room : 10', 'Tazaka Room : 10', '2022-06-03 16:01:49', '2022-06-03 16:02:02'),
(1381, '10', 30, 'Access Granted', 'storage/doorlock/doorlock_access_1381_03-06-2022.jpg', 'Inventory tools', 0, 'Tazaka Room : 10', 'Tazaka Room : 10', '2022-06-03 16:10:24', '2022-06-03 16:10:34'),
(1382, '4', 36, 'Access Granted', 'storage/doorlock/doorlock_access_1382_03-06-2022.jpg', 'Mengambil barang gudang 3', 0, 'Tazaka Room : 4', 'Tazaka Room : 4', '2022-06-03 19:19:52', '2022-06-03 19:20:02'),
(1383, '10', 65, 'Access Granted', 'storage/doorlock/doorlock_access_1383_03-06-2022.jpg', 'Mengambil Bor', 1, 'Tazaka Room : 10', 'Tazaka Room : 10', '2022-06-03 19:25:20', '2022-06-03 19:25:36'),
(1384, '4', 56, 'Access Granted', 'storage/doorlock/doorlock_access_1384_03-06-2022.jpg', 'Mengambil barang gudang 3', 0, 'Tazaka Room : 4', 'Tazaka Room : 4', '2022-06-03 19:46:09', '2022-06-03 19:46:19'),
(1385, '10', 65, 'Access Granted', 'storage/doorlock/doorlock_access_1385_03-06-2022.jpg', 'Mengambil Bor', 0, 'Tazaka Room : 10', 'Tazaka Room : 10', '2022-06-03 21:27:52', '2022-06-03 21:28:04'),
(1386, '10', 65, 'Access Granted', 'storage/doorlock/doorlock_access_1386_04-06-2022.jpg', 'Mengambil Bor', 0, 'Tazaka Room : 10', 'Tazaka Room : 10', '2022-06-04 00:29:28', '2022-06-04 00:29:51'),
(1387, '10', 43, 'Access Granted', 'storage/doorlock/doorlock_access_1387_04-06-2022.jpg', '-', 0, 'Tazaka Room : 10', 'Tazaka Room : 10', '2022-06-04 06:41:58', '2022-06-04 06:41:59'),
(1388, '10', 43, 'Access Granted', 'storage/doorlock/doorlock_access_1388_04-06-2022.jpg', 'Mengambil Bor', 0, 'Tazaka Room : 10', 'Tazaka Room : 10', '2022-06-04 06:42:03', '2022-06-04 06:42:08'),
(1389, '4', 31, 'Access Granted', 'storage/doorlock/doorlock_access_1389_04-06-2022.jpg', 'Mengambil barang gudang 3', 0, 'Tazaka Room : 4', 'Tazaka Room : 4', '2022-06-04 06:56:58', '2022-06-04 06:57:18'),
(1390, '10', 35, 'Access Granted', 'storage/doorlock/doorlock_access_1390_04-06-2022.jpg', 'Inventory tools', 0, 'Tazaka Room : 10', 'Tazaka Room : 10', '2022-06-04 08:11:18', '2022-06-04 08:11:28'),
(1391, '10', 97, 'Access Granted', 'storage/doorlock/doorlock_access_1391_04-06-2022.jpg', 'Inventory tools', 0, 'Tazaka Room : 10', 'Tazaka Room : 10', '2022-06-04 08:24:31', '2022-06-04 08:24:41'),
(1392, '4', 54, 'Access Granted', 'storage/doorlock/doorlock_access_1392_04-06-2022.jpg', 'Stock opname', 0, 'Tazaka Room : 4', 'Tazaka Room : 4', '2022-06-04 12:58:05', '2022-06-04 12:58:16'),
(1393, '10', 90, 'Access Granted', 'storage/doorlock/doorlock_access_1393_04-06-2022.jpg', 'Inventory tools', 0, 'Tazaka Room : 10', 'Tazaka Room : 10', '2022-06-04 13:18:31', '2022-06-04 13:18:41'),
(1394, '10', 90, 'Access Granted', 'storage/doorlock/doorlock_access_1394_04-06-2022.jpg', 'Inventory tools', 0, 'Tazaka Room : 10', 'Tazaka Room : 10', '2022-06-04 13:18:57', '2022-06-04 13:19:09'),
(1395, '10', 96, 'Access Granted', 'storage/doorlock/doorlock_access_1395_04-06-2022.jpg', '-', 0, 'Tazaka Room : 10', 'Tazaka Room : 10', '2022-06-04 13:26:55', '2022-06-04 13:26:56'),
(1396, '6', 96, 'Access Granted', 'storage/doorlock/doorlock_access_1396_04-06-2022.jpg', '-', 1, 'Tazaka Room : 6', 'Tazaka Room : 6', '2022-06-04 13:28:48', '2022-06-04 13:28:53'),
(1397, '6', 96, 'Access Granted', 'storage/doorlock/doorlock_access_1397_04-06-2022.jpg', '-', 0, 'Tazaka Room : 6', 'Tazaka Room : 6', '2022-06-04 13:29:09', '2022-06-04 13:29:12'),
(1398, '6', 96, 'Access Granted', 'storage/doorlock/doorlock_access_1398_04-06-2022.jpg', '-', 0, 'Tazaka Room : 6', 'Tazaka Room : 6', '2022-06-04 13:29:21', '2022-06-04 13:29:22'),
(1399, '6', 96, 'Access Granted', 'storage/doorlock/doorlock_access_1399_04-06-2022.jpg', '-', 0, 'Tazaka Room : 6', 'Tazaka Room : 6', '2022-06-04 13:29:30', '2022-06-04 13:29:32'),
(1400, '6', 81, 'Access Granted', 'storage/doorlock/doorlock_access_1400_04-06-2022.jpg', '-', 0, 'Tazaka Room : 6', 'Tazaka Room : 6', '2022-06-04 14:35:12', '2022-06-04 14:35:14'),
(1401, '4', 72, 'Access Granted', 'storage/doorlock/doorlock_access_1401_04-06-2022.jpg', '-', 0, 'Tazaka Room : 4', 'Tazaka Room : 4', '2022-06-04 14:36:50', '2022-06-04 14:36:51'),
(1402, '4', 72, 'Access Granted', 'storage/doorlock/doorlock_access_1402_04-06-2022.jpg', 'Mengambil barang gudang 3', 1, 'Tazaka Room : 4', 'Tazaka Room : 4', '2022-06-04 14:37:06', '2022-06-04 14:37:25'),
(1403, '4', 36, 'Access Granted', 'storage/doorlock/doorlock_access_1403_04-06-2022.jpg', 'Stock opname', 0, 'Tazaka Room : 4', 'Tazaka Room : 4', '2022-06-04 19:22:57', '2022-06-04 19:23:11'),
(1404, '10', 42, 'Access Granted', 'storage/doorlock/doorlock_access_1404_04-06-2022.jpg', 'Inventory tools', 0, 'Tazaka Room : 10', 'Tazaka Room : 10', '2022-06-04 20:11:34', '2022-06-04 20:11:44'),
(1405, '10', 43, 'Access Granted', 'storage/doorlock/doorlock_access_1405_04-06-2022.jpg', '-', 0, 'Tazaka Room : 10', 'Tazaka Room : 10', '2022-06-04 22:01:42', '2022-06-04 22:01:44'),
(1406, '10', 43, 'Access Granted', 'storage/doorlock/doorlock_access_1406_04-06-2022.jpg', 'Mengambil Bor', 0, 'Tazaka Room : 10', 'Tazaka Room : 10', '2022-06-04 22:01:51', '2022-06-04 22:01:55'),
(1407, '10', 42, 'Access Granted', 'storage/doorlock/doorlock_access_1407_05-06-2022.jpg', 'Inventory tools', 0, 'Tazaka Room : 10', 'Tazaka Room : 10', '2022-06-05 06:40:45', '2022-06-05 06:40:54'),
(1408, '4', 31, 'Access Granted', 'storage/doorlock/doorlock_access_1408_06-06-2022.jpg', 'Stock opname', 0, 'Tazaka Room : 4', 'Tazaka Room : 4', '2022-06-06 07:02:38', '2022-06-06 07:03:16'),
(1409, '10', 32, 'Access Granted', 'storage/doorlock/doorlock_access_1409_06-06-2022.jpg', 'Inventory tools', 0, 'Tazaka Room : 10', 'Tazaka Room : 10', '2022-06-06 07:35:14', '2022-06-06 07:35:23'),
(1410, '10', 43, 'Access Granted', 'storage/doorlock/doorlock_access_1410_06-06-2022.jpg', '-', 0, 'Tazaka Room : 10', 'Tazaka Room : 10', '2022-06-06 07:44:17', '2022-06-06 07:44:19'),
(1411, '10', 43, 'Access Granted', 'storage/doorlock/doorlock_access_1411_06-06-2022.jpg', 'Mengambil Bor', 0, 'Tazaka Room : 10', 'Tazaka Room : 10', '2022-06-06 07:44:22', '2022-06-06 07:44:31'),
(1412, '10', 43, 'Access Granted', 'storage/doorlock/doorlock_access_1412_06-06-2022.jpg', '-', 0, 'Tazaka Room : 10', 'Tazaka Room : 10', '2022-06-06 07:53:58', '2022-06-06 07:54:00'),
(1413, '10', 43, 'Access Granted', 'storage/doorlock/doorlock_access_1413_06-06-2022.jpg', 'Mengambil Bor', 0, 'Tazaka Room : 10', 'Tazaka Room : 10', '2022-06-06 07:54:03', '2022-06-06 07:54:08'),
(1414, '10', 30, 'Access Granted', 'storage/doorlock/doorlock_access_1414_06-06-2022.jpg', 'Inventory tools', 0, 'Tazaka Room : 10', 'Tazaka Room : 10', '2022-06-06 10:30:37', '2022-06-06 10:30:46'),
(1415, '6', 81, 'Access Granted', 'storage/doorlock/doorlock_access_1415_06-06-2022.jpg', '-', 1, 'Tazaka Room : 6', 'Tazaka Room : 6', '2022-06-06 10:36:36', '2022-06-06 10:36:42'),
(1416, '6', 81, 'Access Granted', 'storage/doorlock/doorlock_access_1416_06-06-2022.jpg', '-', 0, 'Tazaka Room : 6', 'Tazaka Room : 6', '2022-06-06 10:37:01', '2022-06-06 10:37:03'),
(1417, '10', 45, 'Access Granted', 'storage/doorlock/doorlock_access_1417_06-06-2022.jpg', 'Inventory tools', 0, 'Tazaka Room : 10', 'Tazaka Room : 10', '2022-06-06 10:43:20', '2022-06-06 10:43:32'),
(1418, '10', 45, 'Access Granted', 'storage/doorlock/doorlock_access_1418_06-06-2022.jpg', 'Inventory tools', 0, 'Tazaka Room : 10', 'Tazaka Room : 10', '2022-06-06 10:54:18', '2022-06-06 10:54:26'),
(1419, '10', 42, 'Access Granted', 'storage/doorlock/doorlock_access_1419_06-06-2022.jpg', 'Inventory tools', 0, 'Tazaka Room : 10', 'Tazaka Room : 10', '2022-06-06 11:23:43', '2022-06-06 11:23:54'),
(1420, '10', 42, 'Access Granted', 'storage/doorlock/doorlock_access_1420_06-06-2022.jpg', 'Inventory tools', 0, 'Tazaka Room : 10', 'Tazaka Room : 10', '2022-06-06 11:24:37', '2022-06-06 11:24:45'),
(1421, '4', 56, 'Access Granted', 'storage/doorlock/doorlock_access_1421_06-06-2022.jpg', 'Stock opname', 0, 'Tazaka Room : 4', 'Tazaka Room : 4', '2022-06-06 12:04:07', '2022-06-06 12:04:16'),
(1422, '4', 56, 'Access Granted', 'storage/doorlock/doorlock_access_1422_06-06-2022.jpg', 'Mengambil barang gudang 3', 0, 'Tazaka Room : 4', 'Tazaka Room : 4', '2022-06-06 12:10:58', '2022-06-06 12:11:06'),
(1423, '10', 32, 'Access Granted', 'storage/doorlock/doorlock_access_1423_06-06-2022.jpg', 'Inventory tools', 0, 'Tazaka Room : 10', 'Tazaka Room : 10', '2022-06-06 13:04:42', '2022-06-06 13:04:51'),
(1424, '10', 32, 'Access Granted', 'storage/doorlock/doorlock_access_1424_06-06-2022.jpg', 'Inventory tools', 0, 'Tazaka Room : 10', 'Tazaka Room : 10', '2022-06-06 13:42:58', '2022-06-06 13:43:06'),
(1425, '6', 60, 'Access Granted', 'storage/doorlock/doorlock_access_1425_06-06-2022.jpg', '-', 1, 'Tazaka Room : 6', 'Tazaka Room : 6', '2022-06-06 13:44:53', '2022-06-06 13:44:58'),
(1426, '10', 33, 'Access Granted', 'storage/doorlock/doorlock_access_1426_06-06-2022.jpg', 'Inventory tools', 0, 'Tazaka Room : 10', 'Tazaka Room : 10', '2022-06-06 13:54:29', '2022-06-06 13:54:43'),
(1427, '10', 32, 'Access Granted', 'storage/doorlock/doorlock_access_1427_06-06-2022.jpg', 'Inventory tools', 0, 'Tazaka Room : 10', 'Tazaka Room : 10', '2022-06-06 14:30:05', '2022-06-06 14:30:18'),
(1428, '10', 29, 'Access Granted', 'storage/doorlock/doorlock_access_1428_06-06-2022.jpg', '-', 0, 'Tazaka Room : 10', 'Tazaka Room : 10', '2022-06-06 19:15:07', '2022-06-06 19:15:09'),
(1429, '10', 29, 'Access Granted', 'storage/doorlock/doorlock_access_1429_06-06-2022.jpg', 'Inventory tools', 0, 'Tazaka Room : 10', 'Tazaka Room : 10', '2022-06-06 19:15:28', '2022-06-06 19:15:42'),
(1430, '10', 35, 'Access Granted', 'storage/doorlock/doorlock_access_1430_06-06-2022.jpg', '-', 0, 'Tazaka Room : 10', 'Tazaka Room : 10', '2022-06-06 19:18:25', '2022-06-06 19:18:27'),
(1431, '10', 29, 'Access Granted', 'storage/doorlock/doorlock_access_1431_06-06-2022.jpg', '-', 0, 'Tazaka Room : 10', 'Tazaka Room : 10', '2022-06-06 22:02:16', '2022-06-06 22:02:18'),
(1432, '10', 29, 'Access Granted', 'storage/doorlock/doorlock_access_1432_06-06-2022.jpg', 'Mengambil Bor', 0, 'Tazaka Room : 10', 'Tazaka Room : 10', '2022-06-06 22:02:40', '2022-06-06 22:02:50'),
(1433, '10', 73, 'Access Granted', 'storage/doorlock/doorlock_access_1433_07-06-2022.jpg', 'Inventory tools', 0, 'Tazaka Room : 10', 'Tazaka Room : 10', '2022-06-07 01:20:10', '2022-06-07 01:20:20'),
(1434, '4', 99, 'Access Granted', 'storage/doorlock/doorlock_access_1434_07-06-2022.jpg', 'Stock opname', 0, 'Tazaka Room : 4', 'Tazaka Room : 4', '2022-06-07 01:25:59', '2022-06-07 01:26:06'),
(1435, '4', 54, 'Access Granted', 'storage/doorlock/doorlock_access_1435_07-06-2022.jpg', 'Stock opname', 0, 'Tazaka Room : 4', 'Tazaka Room : 4', '2022-06-07 07:16:16', '2022-06-07 07:16:25'),
(1436, '10', 65, 'Access Granted', 'storage/doorlock/doorlock_access_1436_07-06-2022.jpg', 'Mengambil Bor', 0, 'Tazaka Room : 10', 'Tazaka Room : 10', '2022-06-07 07:21:18', '2022-06-07 07:21:33'),
(1437, '10', 60, 'Access Granted', 'storage/doorlock/doorlock_access_1437_07-06-2022.jpg', '-', 0, 'Tazaka Room : 10', 'Tazaka Room : 10', '2022-06-07 07:29:53', '2022-06-07 07:29:55'),
(1438, '10', 60, 'Access Granted', 'storage/doorlock/doorlock_access_1438_07-06-2022.jpg', '-', 0, 'Tazaka Room : 10', 'Tazaka Room : 10', '2022-06-07 07:29:59', '2022-06-07 07:30:01'),
(1439, '10', 60, 'Access Granted', 'storage/doorlock/doorlock_access_1439_07-06-2022.jpg', '-', 0, 'Tazaka Room : 10', 'Tazaka Room : 10', '2022-06-07 07:30:10', '2022-06-07 07:30:12'),
(1440, '10', 60, 'Access Granted', 'storage/doorlock/doorlock_access_1440_07-06-2022.jpg', 'Inventory tools', 0, 'Tazaka Room : 10', 'Tazaka Room : 10', '2022-06-07 07:30:36', '2022-06-07 07:30:48'),
(1441, '10', 54, 'Access Granted', 'storage/doorlock/doorlock_access_1441_07-06-2022.jpg', 'Inventory tools', 0, 'Tazaka Room : 10', 'Tazaka Room : 10', '2022-06-07 07:46:20', '2022-06-07 07:46:28'),
(1442, '10', 43, 'Access Granted', 'storage/doorlock/doorlock_access_1442_07-06-2022.jpg', 'Mengambil Bor', 0, 'Tazaka Room : 10', 'Tazaka Room : 10', '2022-06-07 08:13:32', '2022-06-07 08:13:42'),
(1443, '10', 10, 'Access Granted', 'storage/doorlock/doorlock_access_1443_07-06-2022.jpg', 'Mengambil Bor', 0, 'Tazaka Room : 10', 'Tazaka Room : 10', '2022-06-07 08:54:26', '2022-06-07 08:54:35'),
(1444, '10', 10, 'Access Granted', 'storage/doorlock/doorlock_access_1444_07-06-2022.jpg', 'Inventory tools', 0, 'Tazaka Room : 10', 'Tazaka Room : 10', '2022-06-07 09:03:56', '2022-06-07 09:04:06'),
(1445, '10', 54, 'Access Granted', 'storage/doorlock/doorlock_access_1445_07-06-2022.jpg', 'Inventory tools', 0, 'Tazaka Room : 10', 'Tazaka Room : 10', '2022-06-07 09:18:34', '2022-06-07 09:18:43'),
(1446, '10', 105, 'Access Granted', 'storage/doorlock/doorlock_access_1446_07-06-2022.jpg', 'Inventory tools', 0, 'Tazaka Room : 10', 'Tazaka Room : 10', '2022-06-07 09:30:34', '2022-06-07 09:30:44'),
(1447, '10', 10, 'Access Granted', 'storage/doorlock/doorlock_access_1447_07-06-2022.jpg', 'Inventory tools', 0, 'Tazaka Room : 10', 'Tazaka Room : 10', '2022-06-07 11:34:06', '2022-06-07 11:34:15'),
(1448, '10', 10, 'Access Granted', 'storage/doorlock/doorlock_access_1448_07-06-2022.jpg', 'Mengambil Bor', 0, 'Tazaka Room : 10', 'Tazaka Room : 10', '2022-06-07 11:37:50', '2022-06-07 11:37:59'),
(1449, '4', 54, 'Access Granted', 'storage/doorlock/doorlock_access_1449_07-06-2022.jpg', 'Mengambil barang gudang 3', 0, 'Tazaka Room : 4', 'Tazaka Room : 4', '2022-06-07 13:01:34', '2022-06-07 13:01:41'),
(1450, '10', 65, 'Access Granted', 'storage/doorlock/doorlock_access_1450_07-06-2022.jpg', 'Mengambil Bor', 0, 'Tazaka Room : 10', 'Tazaka Room : 10', '2022-06-07 13:32:21', '2022-06-07 13:32:33'),
(1451, '10', 45, 'Access Granted', 'storage/doorlock/doorlock_access_1451_07-06-2022.jpg', 'Mengambil Bor', 0, 'Tazaka Room : 10', 'Tazaka Room : 10', '2022-06-07 15:51:24', '2022-06-07 15:51:36'),
(1452, '4', 54, 'Access Granted', 'storage/doorlock/doorlock_access_1452_07-06-2022.jpg', 'Stock opname', 0, 'Tazaka Room : 4', 'Tazaka Room : 4', '2022-06-07 18:09:17', '2022-06-07 18:09:29'),
(1453, '4', 99, 'Access Granted', 'storage/doorlock/doorlock_access_1453_07-06-2022.jpg', 'Mengambil barang gudang 3', 0, 'Tazaka Room : 4', 'Tazaka Room : 4', '2022-06-07 19:05:55', '2022-06-07 19:06:06'),
(1454, '10', 35, 'Access Granted', 'storage/doorlock/doorlock_access_1454_07-06-2022.jpg', 'Inventory tools', 0, 'Tazaka Room : 10', 'Tazaka Room : 10', '2022-06-07 19:29:16', '2022-06-07 19:29:25'),
(1455, '10', 73, 'Access Granted', 'storage/doorlock/doorlock_access_1455_08-06-2022.jpg', 'Inventory tools', 1, 'Tazaka Room : 10', 'Tazaka Room : 10', '2022-06-08 02:49:21', '2022-06-08 02:49:39'),
(1456, '4', 31, 'Access Granted', 'storage/doorlock/doorlock_access_1456_08-06-2022.jpg', 'Stock opname', 1, 'Tazaka Room : 4', 'Tazaka Room : 4', '2022-06-08 06:57:18', '2022-06-08 06:57:42'),
(1457, '10', 43, 'Access Granted', 'storage/doorlock/doorlock_access_1457_08-06-2022.jpg', 'Mengambil Bor', 0, 'Tazaka Room : 10', 'Tazaka Room : 10', '2022-06-08 07:17:36', '2022-06-08 07:17:47'),
(1458, '10', 32, 'Access Granted', 'storage/doorlock/doorlock_access_1458_08-06-2022.jpg', 'Inventory tools', 0, 'Tazaka Room : 10', 'Tazaka Room : 10', '2022-06-08 07:21:40', '2022-06-08 07:21:48'),
(1459, '10', 32, 'Access Granted', 'storage/doorlock/doorlock_access_1459_08-06-2022.jpg', 'Inventory tools', 1, 'Tazaka Room : 10', 'Tazaka Room : 10', '2022-06-08 09:11:11', '2022-06-08 09:11:23'),
(1460, '10', 32, 'Access Granted', 'storage/doorlock/doorlock_access_1460_08-06-2022.jpg', 'Inventory tools', 0, 'Tazaka Room : 10', 'Tazaka Room : 10', '2022-06-08 09:14:39', '2022-06-08 09:14:50'),
(1461, '6', 36, 'Access Granted', 'storage/doorlock/doorlock_access_1461_08-06-2022.jpg', '-', 0, 'Tazaka Room : 6', 'Tazaka Room : 6', '2022-06-08 09:41:48', '2022-06-08 09:41:49'),
(1462, '6', 56, 'Access Granted', 'storage/doorlock/doorlock_access_1462_08-06-2022.jpg', '-', 0, 'Tazaka Room : 6', 'Tazaka Room : 6', '2022-06-08 10:39:36', '2022-06-08 10:39:37'),
(1463, '6', 56, 'Access Granted', 'storage/doorlock/doorlock_access_1463_08-06-2022.jpg', '-', 1, 'Tazaka Room : 6', 'Tazaka Room : 6', '2022-06-08 10:39:46', '2022-06-08 10:39:51'),
(1464, '4', 54, 'Access Granted', 'storage/doorlock/doorlock_access_1464_08-06-2022.jpg', 'Stock opname', 0, 'Tazaka Room : 4', 'Tazaka Room : 4', '2022-06-08 12:42:21', '2022-06-08 12:42:39'),
(1465, '4', 36, 'Access Granted', 'storage/doorlock/doorlock_access_1465_08-06-2022.jpg', 'Stock opname', 0, 'Tazaka Room : 4', 'Tazaka Room : 4', '2022-06-08 13:16:04', '2022-06-08 13:16:17'),
(1466, '10', 35, 'Access Granted', 'storage/doorlock/doorlock_access_1466_08-06-2022.jpg', 'Inventory tools', 0, 'Tazaka Room : 10', 'Tazaka Room : 10', '2022-06-08 19:36:16', '2022-06-08 19:36:26'),
(1467, '10', 88, 'Access Granted', 'storage/doorlock/doorlock_access_1467_08-06-2022.jpg', 'Mengambil Bor', 0, 'Tazaka Room : 10', 'Tazaka Room : 10', '2022-06-08 21:42:12', '2022-06-08 21:42:29'),
(1468, '4', 96, 'Access Granted', 'storage/doorlock/doorlock_access_1468_09-06-2022.jpg', '-', 0, 'Tazaka Room : 4', 'Tazaka Room : 4', '2022-06-09 06:41:15', '2022-06-09 06:41:17'),
(1469, '4', 96, 'Access Granted', 'storage/doorlock/doorlock_access_1469_09-06-2022.jpg', '-', 0, 'Tazaka Room : 4', 'Tazaka Room : 4', '2022-06-09 06:41:26', '2022-06-09 06:41:28'),
(1470, '4', 96, 'Access Granted', 'storage/doorlock/doorlock_access_1470_09-06-2022.jpg', '-', 0, 'Tazaka Room : 4', 'Tazaka Room : 4', '2022-06-09 06:41:52', '2022-06-09 06:41:54'),
(1471, '6', 96, 'Access Granted', 'storage/doorlock/doorlock_access_1471_09-06-2022.jpg', '-', 0, 'Tazaka Room : 6', 'Tazaka Room : 6', '2022-06-09 06:56:48', '2022-06-09 06:56:49'),
(1472, '6', 96, 'Access Granted', 'storage/doorlock/doorlock_access_1472_09-06-2022.jpg', '-', 1, 'Tazaka Room : 6', 'Tazaka Room : 6', '2022-06-09 06:56:58', '2022-06-09 06:57:03'),
(1473, '6', 96, 'Access Granted', 'storage/doorlock/doorlock_access_1473_09-06-2022.jpg', '-', 0, 'Tazaka Room : 6', 'Tazaka Room : 6', '2022-06-09 06:57:07', '2022-06-09 06:57:09'),
(1474, '4', 31, 'Access Granted', 'storage/doorlock/doorlock_access_1474_09-06-2022.jpg', 'Stock opname', 0, 'Tazaka Room : 4', 'Tazaka Room : 4', '2022-06-09 06:57:29', '2022-06-09 06:57:49'),
(1475, '6', 56, 'Access Granted', 'storage/doorlock/doorlock_access_1475_09-06-2022.jpg', '-', 0, 'Tazaka Room : 6', 'Tazaka Room : 6', '2022-06-09 08:02:01', '2022-06-09 08:02:02'),
(1476, '6', 81, 'Access Granted', 'storage/doorlock/doorlock_access_1476_09-06-2022.jpg', '-', 2, 'Tazaka Room : 6', 'Tazaka Room : 6', '2022-06-09 08:41:20', '2022-06-09 08:41:26'),
(1477, '6', 81, 'Access Granted', 'storage/doorlock/doorlock_access_1477_09-06-2022.jpg', '-', 1, 'Tazaka Room : 6', 'Tazaka Room : 6', '2022-06-09 08:41:29', '2022-06-09 08:41:35'),
(1478, '6', 56, 'Access Granted', 'storage/doorlock/doorlock_access_1478_09-06-2022.jpg', '-', 0, 'Tazaka Room : 6', 'Tazaka Room : 6', '2022-06-09 10:05:13', '2022-06-09 10:05:15'),
(1479, '10', 42, 'Access Granted', 'storage/doorlock/doorlock_access_1479_09-06-2022.jpg', 'Inventory tools', 0, 'Tazaka Room : 10', 'Tazaka Room : 10', '2022-06-09 10:08:19', '2022-06-09 10:08:28'),
(1480, '4', 33, 'Access Granted', 'storage/doorlock/doorlock_access_1480_09-06-2022.jpg', 'Stock opname', 0, 'Tazaka Room : 4', 'Tazaka Room : 4', '2022-06-09 12:07:09', '2022-06-09 12:07:17'),
(1481, '4', 54, 'Access Granted', 'storage/doorlock/doorlock_access_1481_09-06-2022.jpg', 'Stock opname', 0, 'Tazaka Room : 4', 'Tazaka Room : 4', '2022-06-09 13:00:02', '2022-06-09 13:00:53'),
(1482, '10', 88, 'Access Granted', 'storage/doorlock/doorlock_access_1482_09-06-2022.jpg', 'Inventory tools', 0, 'Tazaka Room : 10', 'Tazaka Room : 10', '2022-06-09 19:16:20', '2022-06-09 19:16:31'),
(1483, '10', 88, 'Access Granted', 'storage/doorlock/doorlock_access_1483_09-06-2022.jpg', 'Inventory tools', 0, 'Tazaka Room : 10', 'Tazaka Room : 10', '2022-06-09 19:24:51', '2022-06-09 19:25:03'),
(1484, '10', 88, 'Access Granted', 'storage/doorlock/doorlock_access_1484_09-06-2022.jpg', 'Inventory tools', 0, 'Tazaka Room : 10', 'Tazaka Room : 10', '2022-06-09 20:26:31', '2022-06-09 20:26:40'),
(1487, '6', 96, 'Access Granted', 'storage/doorlock/doorlock_access_1487_10-06-2022.jpg', '-', 0, 'Tazaka Room : 6', 'Tazaka Room : 6', '2022-06-10 06:55:00', '2022-06-10 06:55:02'),
(1488, '10', 60, 'Access Granted', 'storage/doorlock/doorlock_access_1488_10-06-2022.jpg', 'Inventory tools', 0, 'Tazaka Room : 10', 'Tazaka Room : 10', '2022-06-10 07:07:45', '2022-06-10 07:07:57'),
(1489, '10', 65, 'Access Granted', 'storage/doorlock/doorlock_access_1489_10-06-2022.jpg', 'Inventory tools', 0, 'Tazaka Room : 10', 'Tazaka Room : 10', '2022-06-10 07:08:24', '2022-06-10 07:08:33'),
(1490, '10', 60, 'Access Granted', 'storage/doorlock/doorlock_access_1490_10-06-2022.jpg', 'Inventory tools', 0, 'Tazaka Room : 10', 'Tazaka Room : 10', '2022-06-10 07:19:26', '2022-06-10 07:19:36'),
(1491, '10', 42, 'Access Granted', 'storage/doorlock/doorlock_access_1491_10-06-2022.jpg', 'Inventory tools', 0, 'Tazaka Room : 10', 'Tazaka Room : 10', '2022-06-10 08:08:36', '2022-06-10 08:08:45'),
(1492, '10', 10, 'Access Granted', 'storage/doorlock/doorlock_access_1492_10-06-2022.jpg', 'Inventory tools', 0, 'Tazaka Room : 10', 'Tazaka Room : 10', '2022-06-10 09:06:02', '2022-06-10 09:06:09'),
(1493, '10', 65, 'Access Granted', 'storage/doorlock/doorlock_access_1493_10-06-2022.jpg', 'Inventory tools', 0, 'Tazaka Room : 10', 'Tazaka Room : 10', '2022-06-10 09:27:36', '2022-06-10 09:27:45'),
(1494, '10', 42, 'Access Granted', 'storage/doorlock/doorlock_access_1494_10-06-2022.jpg', 'Inventory tools', 0, 'Tazaka Room : 10', 'Tazaka Room : 10', '2022-06-10 10:49:10', '2022-06-10 10:49:23'),
(1495, '4', 54, 'Access Granted', 'storage/doorlock/doorlock_access_1495_10-06-2022.jpg', 'Stock opname', 1, 'Tazaka Room : 4', 'Tazaka Room : 4', '2022-06-10 12:48:38', '2022-06-10 12:49:03'),
(1496, '10', 35, 'Access Granted', 'storage/doorlock/doorlock_access_1496_10-06-2022.jpg', 'Inventory tools', 0, 'Tazaka Room : 10', 'Tazaka Room : 10', '2022-06-10 20:20:50', '2022-06-10 20:21:05'),
(1497, '10', 35, 'Access Granted', 'storage/doorlock/doorlock_access_1497_10-06-2022.jpg', 'Inventory tools', 0, 'Tazaka Room : 10', 'Tazaka Room : 10', '2022-06-10 20:22:43', '2022-06-10 20:22:52'),
(1502, '6', 96, 'Access Granted', 'storage/doorlock/doorlock_access_1502_11-06-2022.jpg', '-', 1, 'Tazaka Room : 6', 'Tazaka Room : 6', '2022-06-11 06:59:02', '2022-06-11 06:59:07'),
(1503, '10', 42, 'Access Granted', 'storage/doorlock/doorlock_access_1503_11-06-2022.jpg', 'Inventory tools', 0, 'Tazaka Room : 10', 'Tazaka Room : 10', '2022-06-11 07:18:59', '2022-06-11 07:19:11'),
(1504, '10', 42, 'Access Granted', 'storage/doorlock/doorlock_access_1504_11-06-2022.jpg', 'Inventory tools', 0, 'Tazaka Room : 10', 'Tazaka Room : 10', '2022-06-11 08:16:39', '2022-06-11 08:17:40'),
(1505, '6', 60, 'Access Granted', 'storage/doorlock/doorlock_access_1505_11-06-2022.jpg', '-', 0, 'Tazaka Room : 6', 'Tazaka Room : 6', '2022-06-11 08:57:50', '2022-06-11 08:57:52'),
(1506, '4', 31, 'Access Granted', 'storage/doorlock/doorlock_access_1506_13-06-2022.jpg', 'Stock opname', 0, 'Tazaka Room : 4', 'Tazaka Room : 4', '2022-06-13 06:58:21', '2022-06-13 06:58:32'),
(1507, '6', 80, 'Access Granted', 'storage/doorlock/doorlock_access_1507_13-06-2022.jpg', '-', 2, 'Tazaka Room : 6', 'Tazaka Room : 6', '2022-06-13 07:04:51', '2022-06-13 07:04:57'),
(1508, '10', 97, 'Access Granted', 'storage/doorlock/doorlock_access_1508_13-06-2022.jpg', 'Inventory tools', 0, 'Tazaka Room : 10', 'Tazaka Room : 10', '2022-06-13 07:07:00', '2022-06-13 07:07:17'),
(1509, '6', 30, 'Access Granted', 'storage/doorlock/doorlock_access_1509_13-06-2022.jpg', '-', 0, 'Tazaka Room : 6', 'Tazaka Room : 6', '2022-06-13 14:30:24', '2022-06-13 14:30:26'),
(1510, '6', 30, 'Access Granted', 'storage/doorlock/doorlock_access_1510_13-06-2022.jpg', '-', 0, 'Tazaka Room : 6', 'Tazaka Room : 6', '2022-06-13 14:30:34', '2022-06-13 14:30:36'),
(1511, '6', 33, 'Access Granted', 'storage/doorlock/doorlock_access_1511_13-06-2022.jpg', '-', 1, 'Tazaka Room : 6', 'Tazaka Room : 6', '2022-06-13 14:39:21', '2022-06-13 14:39:27'),
(1512, '6', 81, 'Access Granted', 'storage/doorlock/doorlock_access_1512_13-06-2022.jpg', '-', 1, 'Tazaka Room : 6', 'Tazaka Room : 6', '2022-06-13 15:18:36', '2022-06-13 15:18:42'),
(1513, '10', 10, 'Access Granted', 'storage/doorlock/doorlock_access_1513_13-06-2022.jpg', 'Inventory tools', 1, 'Tazaka Room : 10', 'Tazaka Room : 10', '2022-06-13 16:11:46', '2022-06-13 16:12:01'),
(1514, '10', 29, 'Access Granted', 'storage/doorlock/doorlock_access_1514_13-06-2022.jpg', 'Mengambil Bor', 0, 'Tazaka Room : 10', 'Tazaka Room : 10', '2022-06-13 16:26:23', '2022-06-13 16:26:46'),
(1515, '10', 35, 'Access Granted', 'storage/doorlock/doorlock_access_1515_13-06-2022.jpg', 'Mengambil Bor', 0, 'Tazaka Room : 10', 'Tazaka Room : 10', '2022-06-13 17:17:32', '2022-06-13 17:17:50'),
(1516, '10', 35, 'Access Granted', 'storage/doorlock/doorlock_access_1516_13-06-2022.jpg', 'Inventory tools', 0, 'Tazaka Room : 10', 'Tazaka Room : 10', '2022-06-13 17:30:44', '2022-06-13 17:31:04'),
(1517, '10', 35, 'Access Granted', 'storage/doorlock/doorlock_access_1517_13-06-2022.jpg', 'Inventory tools', 0, 'Tazaka Room : 10', 'Tazaka Room : 10', '2022-06-13 18:34:00', '2022-06-13 18:34:09'),
(1518, '4', 36, 'Access Granted', 'storage/doorlock/doorlock_access_1518_13-06-2022.jpg', 'Mengambil barang gudang 3', 0, 'Tazaka Room : 4', 'Tazaka Room : 4', '2022-06-13 19:12:02', '2022-06-13 19:12:13'),
(1519, '6', 60, 'Access Granted', 'storage/doorlock/doorlock_access_1519_13-06-2022.jpg', '-', 1, 'Tazaka Room : 6', 'Tazaka Room : 6', '2022-06-13 21:33:39', '2022-06-13 21:33:45'),
(1520, '6', 36, 'Access Granted', 'storage/doorlock/doorlock_access_1520_14-06-2022.jpg', '-', 1, 'Tazaka Room : 6', 'Tazaka Room : 6', '2022-06-14 00:44:48', '2022-06-14 00:44:54'),
(1521, '6', 36, 'Access Granted', 'storage/doorlock/doorlock_access_1521_14-06-2022.jpg', '-', 1, 'Tazaka Room : 6', 'Tazaka Room : 6', '2022-06-14 01:29:25', '2022-06-14 01:29:31'),
(1522, '7', 36, 'Access Granted', NULL, '-', 0, 'Tazaka Room : 7', 'Tazaka Room : 7', '2022-06-14 01:30:21', '2022-06-14 01:30:21'),
(1523, '7', 36, 'Access Granted', NULL, '-', 1, 'Tazaka Room : 7', 'Tazaka Room : 7', '2022-06-14 01:30:34', '2022-06-14 01:30:40'),
(1524, '7', 36, 'Access Granted', NULL, '-', 2, 'Tazaka Room : 7', 'Tazaka Room : 7', '2022-06-14 01:46:16', '2022-06-14 01:46:21'),
(1525, '6', 80, 'Access Granted', 'storage/doorlock/doorlock_access_1525_14-06-2022.jpg', '-', 1, 'Tazaka Room : 6', 'Tazaka Room : 6', '2022-06-14 07:12:58', '2022-06-14 07:13:03'),
(1526, '10', 29, 'Access Granted', 'storage/doorlock/doorlock_access_1526_14-06-2022.jpg', 'Mengambil Bor', 0, 'Tazaka Room : 10', 'Tazaka Room : 10', '2022-06-14 07:28:38', '2022-06-14 07:29:01'),
(1527, '10', 90, 'Access Granted', 'storage/doorlock/doorlock_access_1527_14-06-2022.jpg', 'Inventory tools', 0, 'Tazaka Room : 10', 'Tazaka Room : 10', '2022-06-14 07:33:05', '2022-06-14 07:33:17'),
(1528, '10', 29, 'Access Granted', 'storage/doorlock/doorlock_access_1528_14-06-2022.jpg', 'Mengambil Bor', 0, 'Tazaka Room : 10', 'Tazaka Room : 10', '2022-06-14 07:40:18', '2022-06-14 07:40:27');
INSERT INTO `doorlock_reports` (`id`, `uid`, `user_id`, `keterangan`, `doorlock_photo_path`, `remark_log`, `count_access`, `createdBy`, `updatedBy`, `created_at`, `updated_at`) VALUES
(1529, '10', 35, 'Access Granted', 'storage/doorlock/doorlock_access_1529_14-06-2022.jpg', 'Mengambil Bor', 0, 'Tazaka Room : 10', 'Tazaka Room : 10', '2022-06-14 07:53:33', '2022-06-14 07:53:49'),
(1530, '6', 37, 'Access Granted', 'storage/doorlock/doorlock_access_1530_14-06-2022.jpg', '-', 1, 'Tazaka Room : 6', 'Tazaka Room : 6', '2022-06-14 08:03:57', '2022-06-14 08:04:03'),
(1531, '10', 30, 'Access Granted', 'storage/doorlock/doorlock_access_1531_14-06-2022.jpg', 'Inventory tools', 0, 'Tazaka Room : 10', 'Tazaka Room : 10', '2022-06-14 08:07:08', '2022-06-14 08:07:18'),
(1532, '10', 35, 'Access Granted', 'storage/doorlock/doorlock_access_1532_14-06-2022.jpg', 'Mengambil Bor', 0, 'Tazaka Room : 10', 'Tazaka Room : 10', '2022-06-14 08:40:50', '2022-06-14 08:41:04'),
(1533, '10', 97, 'Access Granted', 'storage/doorlock/doorlock_access_1533_14-06-2022.jpg', 'Inventory tools', 0, 'Tazaka Room : 10', 'Tazaka Room : 10', '2022-06-14 10:02:22', '2022-06-14 10:02:32'),
(1534, '6', 37, 'Access Granted', 'storage/doorlock/doorlock_access_1534_14-06-2022.jpg', '-', 1, 'Tazaka Room : 6', 'Tazaka Room : 6', '2022-06-14 11:55:52', '2022-06-14 11:55:58'),
(1535, '6', 81, 'Access Granted', 'storage/doorlock/doorlock_access_1535_14-06-2022.jpg', '-', 0, 'Tazaka Room : 6', 'Tazaka Room : 6', '2022-06-14 12:00:10', '2022-06-14 12:00:12'),
(1536, '10', 90, 'Access Granted', 'storage/doorlock/doorlock_access_1536_14-06-2022.jpg', 'Inventory tools', 0, 'Tazaka Room : 10', 'Tazaka Room : 10', '2022-06-14 12:30:13', '2022-06-14 12:30:21'),
(1537, '10', 90, 'Access Granted', 'storage/doorlock/doorlock_access_1537_14-06-2022.jpg', 'Inventory tools', 0, 'Tazaka Room : 10', 'Tazaka Room : 10', '2022-06-14 15:13:17', '2022-06-14 15:13:28'),
(1538, '10', 97, 'Access Granted', 'storage/doorlock/doorlock_access_1538_14-06-2022.jpg', 'Inventory tools', 0, 'Tazaka Room : 10', 'Tazaka Room : 10', '2022-06-14 15:25:01', '2022-06-14 15:25:10'),
(1539, '10', 97, 'Access Granted', 'storage/doorlock/doorlock_access_1539_14-06-2022.jpg', 'Inventory tools', 0, 'Tazaka Room : 10', 'Tazaka Room : 10', '2022-06-14 15:43:21', '2022-06-14 15:43:38'),
(1540, '10', 97, 'Access Granted', 'storage/doorlock/doorlock_access_1540_14-06-2022.jpg', 'Inventory tools', 0, 'Tazaka Room : 10', 'Tazaka Room : 10', '2022-06-14 16:19:57', '2022-06-14 16:20:06'),
(1541, '10', 60, 'Access Granted', 'storage/doorlock/doorlock_access_1541_14-06-2022.jpg', 'Inventory tools', 0, 'Tazaka Room : 10', 'Tazaka Room : 10', '2022-06-14 19:22:09', '2022-06-14 19:22:20'),
(1542, '10', 79, 'Access Granted', 'storage/doorlock/doorlock_access_1542_14-06-2022.jpg', 'Inventory tools', 0, 'Tazaka Room : 10', 'Tazaka Room : 10', '2022-06-14 19:38:09', '2022-06-14 19:38:21'),
(1543, '10', 45, 'Access Granted', 'storage/doorlock/doorlock_access_1543_14-06-2022.jpg', 'Mengambil Bor', 0, 'Tazaka Room : 10', 'Tazaka Room : 10', '2022-06-14 20:01:01', '2022-06-14 20:01:10'),
(1544, '10', 43, 'Access Granted', 'storage/doorlock/doorlock_access_1544_14-06-2022.jpg', 'Mengambil Bor', 1, 'Tazaka Room : 10', 'Tazaka Room : 10', '2022-06-14 20:25:42', '2022-06-14 20:26:02'),
(1545, '10', 60, 'Access Granted', 'storage/doorlock/doorlock_access_1545_14-06-2022.jpg', 'Inventory tools', 1, 'Tazaka Room : 10', 'Tazaka Room : 10', '2022-06-14 20:37:58', '2022-06-14 20:38:15'),
(1546, '10', 42, 'Access Granted', 'storage/doorlock/doorlock_access_1546_14-06-2022.jpg', 'Inventory tools', 0, 'Tazaka Room : 10', 'Tazaka Room : 10', '2022-06-14 20:49:54', '2022-06-14 20:50:02'),
(1547, '10', 43, 'Access Granted', 'storage/doorlock/doorlock_access_1547_14-06-2022.jpg', 'Mengambil Bor', 0, 'Tazaka Room : 10', 'Tazaka Room : 10', '2022-06-14 21:27:34', '2022-06-14 21:27:47'),
(1548, '10', 43, 'Access Granted', 'storage/doorlock/doorlock_access_1548_14-06-2022.jpg', 'Mengambil Bor', 0, 'Tazaka Room : 10', 'Tazaka Room : 10', '2022-06-14 22:50:06', '2022-06-14 22:50:16'),
(1549, '10', 79, 'Access Granted', 'storage/doorlock/doorlock_access_1549_15-06-2022.jpg', 'Inventory tools', 0, 'Tazaka Room : 10', 'Tazaka Room : 10', '2022-06-15 01:04:08', '2022-06-15 01:04:26'),
(1550, '4', 31, 'Access Granted', 'storage/doorlock/doorlock_access_1550_15-06-2022.jpg', 'Stock opname', 0, 'Tazaka Room : 4', 'Tazaka Room : 4', '2022-06-15 07:05:26', '2022-06-15 07:05:37'),
(1551, '6', 80, 'Access Granted', 'storage/doorlock/doorlock_access_1551_15-06-2022.jpg', '-', 0, 'Tazaka Room : 6', 'Tazaka Room : 6', '2022-06-15 07:06:37', '2022-06-15 07:06:38'),
(1552, '10', 29, 'Access Granted', 'storage/doorlock/doorlock_access_1552_15-06-2022.jpg', 'Mengambil Bor', 0, 'Tazaka Room : 10', 'Tazaka Room : 10', '2022-06-15 07:14:52', '2022-06-15 07:15:01'),
(1553, '10', 10, 'Access Granted', 'storage/doorlock/doorlock_access_1553_15-06-2022.jpg', 'Mengambil Bor', 0, 'Tazaka Room : 10', 'Tazaka Room : 10', '2022-06-15 07:36:49', '2022-06-15 07:36:58'),
(1554, '10', 29, 'Access Granted', 'storage/doorlock/doorlock_access_1554_15-06-2022.jpg', 'Inventory tools', 1, 'Tazaka Room : 10', 'Tazaka Room : 10', '2022-06-15 08:10:07', '2022-06-15 08:10:22'),
(1555, '10', 97, 'Access Granted', 'storage/doorlock/doorlock_access_1555_15-06-2022.jpg', 'Inventory tools', 0, 'Tazaka Room : 10', 'Tazaka Room : 10', '2022-06-15 08:17:16', '2022-06-15 08:17:36'),
(1556, '6', 31, 'Access Granted', 'storage/doorlock/doorlock_access_1556_15-06-2022.jpg', '-', 0, 'Tazaka Room : 6', 'Tazaka Room : 6', '2022-06-15 08:23:07', '2022-06-15 08:23:09'),
(1557, '6', 81, 'Access Granted', 'storage/doorlock/doorlock_access_1557_15-06-2022.jpg', '-', 0, 'Tazaka Room : 6', 'Tazaka Room : 6', '2022-06-15 08:34:28', '2022-06-15 08:34:29'),
(1558, '6', 81, 'Access Granted', 'storage/doorlock/doorlock_access_1558_15-06-2022.jpg', '-', 1, 'Tazaka Room : 6', 'Tazaka Room : 6', '2022-06-15 08:36:18', '2022-06-15 08:36:24'),
(1559, '6', 31, 'Access Granted', 'storage/doorlock/doorlock_access_1559_15-06-2022.jpg', '-', 0, 'Tazaka Room : 6', 'Tazaka Room : 6', '2022-06-15 08:54:54', '2022-06-15 08:54:56'),
(1560, '6', 31, 'Access Granted', 'storage/doorlock/doorlock_access_1560_15-06-2022.jpg', '-', 1, 'Tazaka Room : 6', 'Tazaka Room : 6', '2022-06-15 09:24:37', '2022-06-15 09:24:43'),
(1561, '10', 33, 'Access Granted', 'storage/doorlock/doorlock_access_1561_15-06-2022.jpg', 'Mengambil Bor', 0, 'Tazaka Room : 10', 'Tazaka Room : 10', '2022-06-15 10:45:09', '2022-06-15 10:45:18'),
(1562, '10', 33, 'Access Granted', 'storage/doorlock/doorlock_access_1562_15-06-2022.jpg', 'Inventory tools', 0, 'Tazaka Room : 10', 'Tazaka Room : 10', '2022-06-15 10:47:42', '2022-06-15 10:47:51'),
(1563, '10', 29, 'Access Granted', 'storage/doorlock/doorlock_access_1563_15-06-2022.jpg', 'Mengambil Bor', 0, 'Tazaka Room : 10', 'Tazaka Room : 10', '2022-06-15 10:58:57', '2022-06-15 10:59:09'),
(1564, '10', 97, 'Access Granted', 'storage/doorlock/doorlock_access_1564_15-06-2022.jpg', 'Inventory tools', 0, 'Tazaka Room : 10', 'Tazaka Room : 10', '2022-06-15 11:19:14', '2022-06-15 11:19:26'),
(1565, '10', 33, 'Access Granted', 'storage/doorlock/doorlock_access_1565_15-06-2022.jpg', 'Inventory tools', 0, 'Tazaka Room : 10', 'Tazaka Room : 10', '2022-06-15 12:11:33', '2022-06-15 12:11:44'),
(1566, '10', 33, 'Access Granted', 'storage/doorlock/doorlock_access_1566_15-06-2022.jpg', 'Inventory tools', 1, 'Tazaka Room : 10', 'Tazaka Room : 10', '2022-06-15 12:22:11', '2022-06-15 12:22:26'),
(1567, '10', 33, 'Access Granted', 'storage/doorlock/doorlock_access_1567_15-06-2022.jpg', 'Inventory tools', 1, 'Tazaka Room : 10', 'Tazaka Room : 10', '2022-06-15 12:52:15', '2022-06-15 12:52:29'),
(1568, '4', 54, 'Access Granted', 'storage/doorlock/doorlock_access_1568_15-06-2022.jpg', 'Stock opname', 0, 'Tazaka Room : 4', 'Tazaka Room : 4', '2022-06-15 13:02:40', '2022-06-15 13:02:53'),
(1569, '10', 30, 'Access Granted', 'storage/doorlock/doorlock_access_1569_15-06-2022.jpg', 'Inventory tools', 0, 'Tazaka Room : 10', 'Tazaka Room : 10', '2022-06-15 13:10:54', '2022-06-15 13:11:04'),
(1570, '10', 30, 'Access Granted', 'storage/doorlock/doorlock_access_1570_15-06-2022.jpg', 'Inventory tools', 0, 'Tazaka Room : 10', 'Tazaka Room : 10', '2022-06-15 14:05:35', '2022-06-15 14:05:45'),
(1571, '10', 10, 'Access Granted', 'storage/doorlock/doorlock_access_1571_15-06-2022.jpg', 'Mengambil Bor', 1, 'Tazaka Room : 10', 'Tazaka Room : 10', '2022-06-15 16:00:05', '2022-06-15 16:00:21'),
(1572, '10', 33, 'Access Granted', 'storage/doorlock/doorlock_access_1572_16-06-2022.jpg', 'Mengambil Bor', 0, 'Tazaka Room : 10', 'Tazaka Room : 10', '2022-06-16 13:33:58', '2022-06-16 13:34:06'),
(1573, '10', 33, 'Access Granted', 'storage/doorlock/doorlock_access_1573_16-06-2022.jpg', 'Mengambil Bor', 0, 'Tazaka Room : 10', 'Tazaka Room : 10', '2022-06-16 13:34:16', '2022-06-16 13:34:25'),
(1574, '10', 97, 'Access Granted', 'storage/doorlock/doorlock_access_1574_16-06-2022.jpg', '-', 0, 'Tazaka Room : 10', 'Tazaka Room : 10', '2022-06-16 14:00:19', '2022-06-16 14:00:21'),
(1575, '10', 97, 'Access Granted', 'storage/doorlock/doorlock_access_1575_16-06-2022.jpg', 'Inventory tools', 1, 'Tazaka Room : 10', 'Tazaka Room : 10', '2022-06-16 14:00:24', '2022-06-16 14:00:35'),
(1576, '10', 30, 'Access Granted', 'storage/doorlock/doorlock_access_1576_16-06-2022.jpg', 'Inventory tools', 0, 'Tazaka Room : 10', 'Tazaka Room : 10', '2022-06-16 14:10:32', '2022-06-16 14:10:41'),
(1577, '10', 97, 'Access Granted', 'storage/doorlock/doorlock_access_1577_16-06-2022.jpg', 'Inventory tools', 1, 'Tazaka Room : 10', 'Tazaka Room : 10', '2022-06-16 14:32:10', '2022-06-16 14:32:24'),
(1578, '6', 54, 'Access Granted', 'storage/doorlock/doorlock_access_1578_16-06-2022.jpg', '-', 0, 'Tazaka Room : 6', 'Tazaka Room : 6', '2022-06-16 14:43:19', '2022-06-16 14:43:21'),
(1579, '6', 31, 'Access Granted', 'storage/doorlock/doorlock_access_1579_16-06-2022.jpg', '-', 1, 'Tazaka Room : 6', 'Tazaka Room : 6', '2022-06-16 14:49:59', '2022-06-16 14:50:04'),
(1580, '10', 97, 'Access Granted', 'storage/doorlock/doorlock_access_1580_16-06-2022.jpg', 'Inventory tools', 0, 'Tazaka Room : 10', 'Tazaka Room : 10', '2022-06-16 15:40:24', '2022-06-16 15:40:31'),
(1581, '6', 60, 'Access Granted', 'storage/doorlock/doorlock_access_1581_16-06-2022.jpg', '-', 1, 'Tazaka Room : 6', 'Tazaka Room : 6', '2022-06-16 21:19:14', '2022-06-16 21:19:19'),
(1582, '6', 60, 'Access Granted', 'storage/doorlock/doorlock_access_1582_16-06-2022.jpg', '-', 0, 'Tazaka Room : 6', 'Tazaka Room : 6', '2022-06-16 22:06:48', '2022-06-16 22:06:49'),
(1583, '6', 60, 'Access Granted', 'storage/doorlock/doorlock_access_1583_17-06-2022.jpg', '-', 0, 'Tazaka Room : 6', 'Tazaka Room : 6', '2022-06-17 01:50:11', '2022-06-17 01:50:13'),
(1584, '6', 102, 'Access Granted', 'storage/doorlock/doorlock_access_1584_17-06-2022.jpg', '-', 1, 'Tazaka Room : 6', 'Tazaka Room : 6', '2022-06-17 07:03:02', '2022-06-17 07:03:07'),
(1585, '10', 97, 'Access Granted', 'storage/doorlock/doorlock_access_1585_17-06-2022.jpg', 'Inventory tools', 0, 'Tazaka Room : 10', 'Tazaka Room : 10', '2022-06-17 07:12:00', '2022-06-17 07:12:08'),
(1586, '10', 29, 'Access Granted', 'storage/doorlock/doorlock_access_1586_17-06-2022.jpg', 'Mengambil Bor', 0, 'Tazaka Room : 10', 'Tazaka Room : 10', '2022-06-17 07:23:46', '2022-06-17 07:23:54'),
(1587, '10', 54, 'Access Granted', 'storage/doorlock/doorlock_access_1587_17-06-2022.jpg', 'Inventory tools', 0, 'Tazaka Room : 10', 'Tazaka Room : 10', '2022-06-17 07:32:13', '2022-06-17 07:32:25'),
(1588, '10', 30, 'Access Granted', 'storage/doorlock/doorlock_access_1588_17-06-2022.jpg', 'Inventory tools', 0, 'Tazaka Room : 10', 'Tazaka Room : 10', '2022-06-17 07:59:52', '2022-06-17 08:00:08'),
(1589, '6', 80, 'Access Granted', 'storage/doorlock/doorlock_access_1589_17-06-2022.jpg', '-', 1, 'Tazaka Room : 6', 'Tazaka Room : 6', '2022-06-17 08:00:34', '2022-06-17 08:00:40'),
(1590, '10', 30, 'Access Granted', 'storage/doorlock/doorlock_access_1590_17-06-2022.jpg', 'Inventory tools', 0, 'Tazaka Room : 10', 'Tazaka Room : 10', '2022-06-17 11:22:26', '2022-06-17 11:22:41'),
(1591, '10', 35, 'Access Granted', 'storage/doorlock/doorlock_access_1591_17-06-2022.jpg', 'Mengambil Bor', 0, 'Tazaka Room : 10', 'Tazaka Room : 10', '2022-06-17 12:09:02', '2022-06-17 12:09:17'),
(1592, '10', 30, 'Access Granted', 'storage/doorlock/doorlock_access_1592_17-06-2022.jpg', 'Inventory tools', 1, 'Tazaka Room : 10', 'Tazaka Room : 10', '2022-06-17 13:30:28', '2022-06-17 13:30:42'),
(1593, '10', 29, 'Access Granted', 'storage/doorlock/doorlock_access_1593_17-06-2022.jpg', 'Mengambil Bor', 0, 'Tazaka Room : 10', 'Tazaka Room : 10', '2022-06-17 13:40:47', '2022-06-17 13:40:59'),
(1594, '10', 97, 'Access Granted', NULL, 'Mengambil Bor', 0, 'Tazaka Room : 10', 'Tazaka Room : 10', '2022-06-17 14:01:58', '2022-06-17 14:02:08'),
(1595, '10', 29, 'Access Granted', 'storage/doorlock/doorlock_access_1595_17-06-2022.jpg', 'Mengambil Bor', 0, 'Tazaka Room : 10', 'Tazaka Room : 10', '2022-06-17 14:28:03', '2022-06-17 14:28:12'),
(1596, '6', 31, 'Access Granted', 'storage/doorlock/doorlock_access_1596_17-06-2022.jpg', '-', 0, 'Tazaka Room : 6', 'Tazaka Room : 6', '2022-06-17 14:48:47', '2022-06-17 14:48:49'),
(1597, '10', 97, 'Access Granted', 'storage/doorlock/doorlock_access_1597_17-06-2022.jpg', 'Inventory tools', 0, 'Tazaka Room : 10', 'Tazaka Room : 10', '2022-06-17 14:53:39', '2022-06-17 14:53:46'),
(1598, '10', 10, 'Access Granted', 'storage/doorlock/doorlock_access_1598_17-06-2022.jpg', 'Mengambil Bor', 0, 'Tazaka Room : 10', 'Tazaka Room : 10', '2022-06-17 15:08:38', '2022-06-17 15:08:47'),
(1599, '10', 42, 'Access Granted', 'storage/doorlock/doorlock_access_1599_17-06-2022.jpg', 'Inventory tools', 0, 'Tazaka Room : 10', 'Tazaka Room : 10', '2022-06-17 19:13:53', '2022-06-17 19:14:01'),
(1600, '4', 78, 'Access Granted', 'storage/doorlock/doorlock_access_1600_17-06-2022.jpg', 'Mengambil barang gudang 3', 0, 'Tazaka Room : 4', 'Tazaka Room : 4', '2022-06-17 19:22:59', '2022-06-17 19:23:08'),
(1601, '4', 31, 'Access Granted', 'storage/doorlock/doorlock_access_1601_18-06-2022.jpg', 'Stock opname', 0, 'Tazaka Room : 4', 'Tazaka Room : 4', '2022-06-18 07:02:00', '2022-06-18 07:02:42'),
(1602, '6', 102, 'Access Granted', 'storage/doorlock/doorlock_access_1602_18-06-2022.jpg', '-', 0, 'Tazaka Room : 6', 'Tazaka Room : 6', '2022-06-18 07:05:17', '2022-06-18 07:05:19'),
(1603, '10', 97, 'Access Granted', 'storage/doorlock/doorlock_access_1603_18-06-2022.jpg', 'Inventory tools', 0, 'Tazaka Room : 10', 'Tazaka Room : 10', '2022-06-18 07:39:52', '2022-06-18 07:40:00'),
(1604, '10', 97, 'Access Granted', 'storage/doorlock/doorlock_access_1604_18-06-2022.jpg', 'Inventory tools', 0, 'Tazaka Room : 10', 'Tazaka Room : 10', '2022-06-18 09:33:06', '2022-06-18 09:33:14'),
(1605, '10', 97, 'Access Granted', 'storage/doorlock/doorlock_access_1605_18-06-2022.jpg', 'Inventory tools', 0, 'Tazaka Room : 10', 'Tazaka Room : 10', '2022-06-18 10:59:54', '2022-06-18 11:00:07'),
(1606, '10', 97, 'Access Granted', 'storage/doorlock/doorlock_access_1606_18-06-2022.jpg', 'Inventory tools', 0, 'Tazaka Room : 10', 'Tazaka Room : 10', '2022-06-18 13:00:28', '2022-06-18 13:00:35'),
(1607, '10', 42, 'Access Granted', 'storage/doorlock/doorlock_access_1607_18-06-2022.jpg', 'Mengambil Bor', 0, 'Tazaka Room : 10', 'Tazaka Room : 10', '2022-06-18 17:20:26', '2022-06-18 17:20:38'),
(1608, '4', 36, 'Access Granted', 'storage/doorlock/doorlock_access_1608_18-06-2022.jpg', 'Mengambil barang gudang 3', 0, 'Tazaka Room : 4', 'Tazaka Room : 4', '2022-06-18 20:16:17', '2022-06-18 20:16:32'),
(1609, '10', 60, 'Access Granted', 'storage/doorlock/doorlock_access_1609_19-06-2022.jpg', 'Inventory tools', 0, 'Tazaka Room : 10', 'Tazaka Room : 10', '2022-06-19 06:42:48', '2022-06-19 06:42:58'),
(1610, '4', 31, 'Access Granted', 'storage/doorlock/doorlock_access_1610_20-06-2022.jpg', 'Stock opname', 1, 'Tazaka Room : 4', 'Tazaka Room : 4', '2022-06-20 06:57:22', '2022-06-20 06:57:42'),
(1611, '6', 80, 'Access Granted', 'storage/doorlock/doorlock_access_1611_20-06-2022.jpg', '-', 1, 'Tazaka Room : 6', 'Tazaka Room : 6', '2022-06-20 07:02:35', '2022-06-20 07:02:40'),
(1612, '10', 32, 'Access Granted', 'storage/doorlock/doorlock_access_1612_20-06-2022.jpg', 'Inventory tools', 0, 'Tazaka Room : 10', 'Tazaka Room : 10', '2022-06-20 07:25:13', '2022-06-20 07:25:21'),
(1613, '6', 81, 'Access Granted', 'storage/doorlock/doorlock_access_1613_20-06-2022.jpg', '-', 0, 'Tazaka Room : 6', 'Tazaka Room : 6', '2022-06-20 08:12:30', '2022-06-20 08:12:32'),
(1614, '10', 45, 'Access Granted', 'storage/doorlock/doorlock_access_1614_20-06-2022.jpg', 'Inventory tools', 0, 'Tazaka Room : 10', 'Tazaka Room : 10', '2022-06-20 09:01:16', '2022-06-20 09:01:26'),
(1615, '6', 31, 'Access Granted', 'storage/doorlock/doorlock_access_1615_20-06-2022.jpg', '-', 0, 'Tazaka Room : 6', 'Tazaka Room : 6', '2022-06-20 09:06:56', '2022-06-20 09:06:58'),
(1616, '6', 31, 'Access Granted', 'storage/doorlock/doorlock_access_1616_20-06-2022.jpg', '-', 0, 'Tazaka Room : 6', 'Tazaka Room : 6', '2022-06-20 09:07:09', '2022-06-20 09:07:11'),
(1617, '6', 80, 'Access Granted', 'storage/doorlock/doorlock_access_1617_21-06-2022.jpg', '-', 1, 'Tazaka Room : 6', 'Tazaka Room : 6', '2022-06-21 07:19:38', '2022-06-21 07:19:43'),
(1618, '10', 32, 'Access Granted', 'storage/doorlock/doorlock_access_1618_21-06-2022.jpg', '-', 0, 'Tazaka Room : 10', 'Tazaka Room : 10', '2022-06-21 07:24:33', '2022-06-21 07:24:35'),
(1619, '10', 32, 'Access Granted', 'storage/doorlock/doorlock_access_1619_21-06-2022.jpg', 'Inventory tools', 0, 'Tazaka Room : 10', 'Tazaka Room : 10', '2022-06-21 07:24:38', '2022-06-21 07:24:49'),
(1620, '6', 60, 'Access Granted', 'storage/doorlock/doorlock_access_1620_21-06-2022.jpg', '-', 0, 'Tazaka Room : 6', 'Tazaka Room : 6', '2022-06-21 07:59:45', '2022-06-21 07:59:46'),
(1621, '6', 60, 'Access Granted', 'storage/doorlock/doorlock_access_1621_21-06-2022.jpg', '-', 0, 'Tazaka Room : 6', 'Tazaka Room : 6', '2022-06-21 08:00:04', '2022-06-21 08:00:06'),
(1622, '4', 56, 'Access Granted', 'storage/doorlock/doorlock_access_1622_21-06-2022.jpg', 'Mengambil barang gudang 3', 1, 'Tazaka Room : 4', 'Tazaka Room : 4', '2022-06-21 12:12:42', '2022-06-21 12:13:02'),
(1623, '4', 33, 'Access Granted', 'storage/doorlock/doorlock_access_1623_21-06-2022.jpg', 'Mengambil barang gudang 3', 0, 'Tazaka Room : 4', 'Tazaka Room : 4', '2022-06-21 13:06:28', '2022-06-21 13:06:38'),
(1624, '6', 30, 'Access Granted', 'storage/doorlock/doorlock_access_1624_21-06-2022.jpg', '-', 1, 'Tazaka Room : 6', 'Tazaka Room : 6', '2022-06-21 14:21:01', '2022-06-21 14:21:06'),
(1625, '6', 30, 'Access Granted', 'storage/doorlock/doorlock_access_1625_21-06-2022.jpg', '-', 1, 'Tazaka Room : 6', 'Tazaka Room : 6', '2022-06-21 14:21:14', '2022-06-21 14:21:19'),
(1626, '10', 29, 'Access Granted', 'storage/doorlock/doorlock_access_1626_21-06-2022.jpg', 'Mengambil Bor', 0, 'Tazaka Room : 10', 'Tazaka Room : 10', '2022-06-21 19:15:21', '2022-06-21 19:15:42'),
(1627, '10', 97, 'Access Granted', 'storage/doorlock/doorlock_access_1627_21-06-2022.jpg', 'Inventory tools', 0, 'Tazaka Room : 10', 'Tazaka Room : 10', '2022-06-21 19:49:16', '2022-06-21 19:49:23'),
(1628, '10', 97, 'Access Granted', 'storage/doorlock/doorlock_access_1628_21-06-2022.jpg', 'Inventory tools', 0, 'Tazaka Room : 10', 'Tazaka Room : 10', '2022-06-21 19:53:11', '2022-06-21 19:53:19'),
(1629, '10', 29, 'Access Granted', 'storage/doorlock/doorlock_access_1629_21-06-2022.jpg', 'Mengambil Bor', 0, 'Tazaka Room : 10', 'Tazaka Room : 10', '2022-06-21 20:24:42', '2022-06-21 20:24:49'),
(1631, '6', 54, 'Access Granted', 'storage/doorlock/doorlock_access_1631_22-06-2022.jpg', '-', 1, 'Tazaka Room : 6', 'Tazaka Room : 6', '2022-06-22 07:09:25', '2022-06-22 07:09:31'),
(1632, '10', 32, 'Access Granted', 'storage/doorlock/doorlock_access_1632_22-06-2022.jpg', 'Inventory tools', 0, 'Tazaka Room : 10', 'Tazaka Room : 10', '2022-06-22 07:31:44', '2022-06-22 07:31:53'),
(1633, '4', 81, 'Access Granted', 'storage/doorlock/doorlock_access_1633_22-06-2022.jpg', '-', 0, 'Tazaka Room : 4', 'Tazaka Room : 4', '2022-06-22 12:04:41', '2022-06-22 12:04:43'),
(1634, '4', 81, 'Access Granted', 'storage/doorlock/doorlock_access_1634_22-06-2022.jpg', 'Mengambil barang gudang 3', 0, 'Tazaka Room : 4', 'Tazaka Room : 4', '2022-06-22 12:05:05', '2022-06-22 12:05:15'),
(1635, '4', 54, 'Access Granted', 'storage/doorlock/doorlock_access_1635_22-06-2022.jpg', 'Stock opname', 0, 'Tazaka Room : 4', 'Tazaka Room : 4', '2022-06-22 13:03:27', '2022-06-22 13:03:39'),
(1636, '6', 30, 'Access Granted', 'storage/doorlock/doorlock_access_1636_22-06-2022.jpg', '-', 0, 'Tazaka Room : 6', 'Tazaka Room : 6', '2022-06-22 13:41:06', '2022-06-22 13:41:08'),
(1637, '5', 31, 'Access Granted', NULL, '-', 1, 'Tazaka Room : 5', 'Tazaka Room : 5', '2022-06-22 17:01:43', '2022-06-22 17:01:48'),
(1638, '6', 56, 'Access Granted', 'storage/doorlock/doorlock_access_1638_23-06-2022.jpg', '-', 1, 'Tazaka Room : 6', 'Tazaka Room : 6', '2022-06-23 07:12:13', '2022-06-23 07:12:19'),
(1639, '6', 56, 'Access Granted', 'storage/doorlock/doorlock_access_1639_23-06-2022.jpg', '-', 0, 'Tazaka Room : 6', 'Tazaka Room : 6', '2022-06-23 07:12:22', '2022-06-23 07:12:24'),
(1640, '10', 43, 'Access Granted', 'storage/doorlock/doorlock_access_1640_23-06-2022.jpg', 'Mengambil Bor', 0, 'Tazaka Room : 10', 'Tazaka Room : 10', '2022-06-23 07:51:47', '2022-06-23 07:51:57'),
(1641, '10', 45, 'Access Granted', 'storage/doorlock/doorlock_access_1641_23-06-2022.jpg', 'Inventory tools', 0, 'Tazaka Room : 10', 'Tazaka Room : 10', '2022-06-23 07:55:32', '2022-06-23 07:55:43'),
(1642, '6', 54, 'Access Granted', 'storage/doorlock/doorlock_access_1642_23-06-2022.jpg', '-', 1, 'Tazaka Room : 6', 'Tazaka Room : 6', '2022-06-23 07:57:12', '2022-06-23 07:57:18'),
(1643, '6', 54, 'Access Granted', 'storage/doorlock/doorlock_access_1643_23-06-2022.jpg', '-', 0, 'Tazaka Room : 6', 'Tazaka Room : 6', '2022-06-23 07:57:23', '2022-06-23 07:57:24'),
(1644, '10', 35, 'Access Granted', 'storage/doorlock/doorlock_access_1644_23-06-2022.jpg', 'Inventory tools', 0, 'Tazaka Room : 10', 'Tazaka Room : 10', '2022-06-23 19:07:01', '2022-06-23 19:07:08'),
(1645, '10', 35, 'Access Granted', 'storage/doorlock/doorlock_access_1645_23-06-2022.jpg', 'Inventory tools', 0, 'Tazaka Room : 10', 'Tazaka Room : 10', '2022-06-23 19:08:00', '2022-06-23 19:08:10'),
(1646, '10', 35, 'Access Granted', 'storage/doorlock/doorlock_access_1646_23-06-2022.jpg', 'Inventory tools', 0, 'Tazaka Room : 10', 'Tazaka Room : 10', '2022-06-23 19:45:27', '2022-06-23 19:45:36'),
(1647, '6', 80, 'Access Granted', 'storage/doorlock/doorlock_access_1647_24-06-2022.jpg', '-', 1, 'Tazaka Room : 6', 'Tazaka Room : 6', '2022-06-24 07:02:55', '2022-06-24 07:03:00'),
(1648, '10', 79, 'Access Granted', 'storage/doorlock/doorlock_access_1648_24-06-2022.jpg', '-', 0, 'Tazaka Room : 10', 'Tazaka Room : 10', '2022-06-24 07:07:52', '2022-06-24 07:07:54'),
(1649, '10', 79, 'Access Granted', 'storage/doorlock/doorlock_access_1649_24-06-2022.jpg', 'Inventory tools', 0, 'Tazaka Room : 10', 'Tazaka Room : 10', '2022-06-24 07:07:57', '2022-06-24 07:08:04'),
(1650, '10', 79, 'Access Granted', 'storage/doorlock/doorlock_access_1650_24-06-2022.jpg', '-', 0, 'Tazaka Room : 10', 'Tazaka Room : 10', '2022-06-24 07:16:31', '2022-06-24 07:16:33'),
(1651, '10', 79, 'Access Granted', 'storage/doorlock/doorlock_access_1651_24-06-2022.jpg', 'Inventory tools', 0, 'Tazaka Room : 10', 'Tazaka Room : 10', '2022-06-24 07:16:36', '2022-06-24 07:16:40'),
(1652, '6', 56, 'Access Granted', 'storage/doorlock/doorlock_access_1652_24-06-2022.jpg', '-', 1, 'Tazaka Room : 6', 'Tazaka Room : 6', '2022-06-24 09:04:33', '2022-06-24 09:04:38'),
(1653, '6', 56, 'Access Granted', 'storage/doorlock/doorlock_access_1653_24-06-2022.jpg', '-', 2, 'Tazaka Room : 6', 'Tazaka Room : 6', '2022-06-24 09:24:43', '2022-06-24 09:24:49'),
(1654, '6', 54, 'Access Granted', 'storage/doorlock/doorlock_access_1654_25-06-2022.jpg', '-', 1, 'Tazaka Room : 6', 'Tazaka Room : 6', '2022-06-25 07:15:25', '2022-06-25 07:15:31'),
(1655, '6', 56, 'Access Granted', 'storage/doorlock/doorlock_access_1655_25-06-2022.jpg', '-', 1, 'Tazaka Room : 6', 'Tazaka Room : 6', '2022-06-25 08:04:36', '2022-06-25 08:04:41'),
(1656, '10', 60, 'Access Granted', 'storage/doorlock/doorlock_access_1656_25-06-2022.jpg', 'Inventory tools', 0, 'Tazaka Room : 10', 'Tazaka Room : 10', '2022-06-25 08:28:56', '2022-06-25 08:29:04'),
(1657, '6', 56, 'Access Granted', 'storage/doorlock/doorlock_access_1657_25-06-2022.jpg', '-', 0, 'Tazaka Room : 6', 'Tazaka Room : 6', '2022-06-25 08:35:19', '2022-06-25 08:35:21'),
(1658, '6', 56, 'Access Granted', 'storage/doorlock/doorlock_access_1658_25-06-2022.jpg', '-', 1, 'Tazaka Room : 6', 'Tazaka Room : 6', '2022-06-25 15:53:22', '2022-06-25 15:53:27'),
(1659, '6', 56, 'Access Granted', 'storage/doorlock/doorlock_access_1659_25-06-2022.jpg', '-', 0, 'Tazaka Room : 6', 'Tazaka Room : 6', '2022-06-25 16:51:41', '2022-06-25 16:51:42'),
(1660, '6', 33, 'Access Granted', 'storage/doorlock/doorlock_access_1660_25-06-2022.jpg', '-', 1, 'Tazaka Room : 6', 'Tazaka Room : 6', '2022-06-25 17:46:33', '2022-06-25 17:46:38'),
(1661, '10', 97, 'Access Granted', 'storage/doorlock/doorlock_access_1661_25-06-2022.jpg', 'Inventory tools', 0, 'Tazaka Room : 10', 'Tazaka Room : 10', '2022-06-25 20:00:19', '2022-06-25 20:00:26'),
(1662, '10', 35, 'Access Granted', 'storage/doorlock/doorlock_access_1662_25-06-2022.jpg', '-', 0, 'Tazaka Room : 10', 'Tazaka Room : 10', '2022-06-25 20:19:46', '2022-06-25 20:19:47'),
(1663, '10', 35, 'Access Granted', 'storage/doorlock/doorlock_access_1663_25-06-2022.jpg', '-', 0, 'Tazaka Room : 10', 'Tazaka Room : 10', '2022-06-25 20:20:01', '2022-06-25 20:20:03'),
(1664, '10', 35, 'Access Granted', 'storage/doorlock/doorlock_access_1664_25-06-2022.jpg', 'Inventory tools', 0, 'Tazaka Room : 10', 'Tazaka Room : 10', '2022-06-25 20:20:18', '2022-06-25 20:20:31'),
(1665, '10', 35, 'Access Granted', 'storage/doorlock/doorlock_access_1665_26-06-2022.jpg', 'Inventory tools', 0, 'Tazaka Room : 10', 'Tazaka Room : 10', '2022-06-26 00:56:39', '2022-06-26 00:56:46'),
(1666, '10', 35, 'Access Granted', 'storage/doorlock/doorlock_access_1666_26-06-2022.jpg', 'Inventory tools', 0, 'Tazaka Room : 10', 'Tazaka Room : 10', '2022-06-26 00:59:19', '2022-06-26 00:59:33'),
(1667, '10', 29, 'Access Granted', 'storage/doorlock/doorlock_access_1667_26-06-2022.jpg', 'Mengambil Bor', 0, 'Tazaka Room : 10', 'Tazaka Room : 10', '2022-06-26 01:31:10', '2022-06-26 01:31:19'),
(1668, '4', 31, 'Access Granted', 'storage/doorlock/doorlock_access_1668_27-06-2022.jpg', 'Stock opname', 0, 'Tazaka Room : 4', 'Tazaka Room : 4', '2022-06-27 07:01:52', '2022-06-27 07:02:35'),
(1669, '6', 102, 'Access Granted', 'storage/doorlock/doorlock_access_1669_27-06-2022.jpg', '-', 1, 'Tazaka Room : 6', 'Tazaka Room : 6', '2022-06-27 07:04:28', '2022-06-27 07:04:34'),
(1670, '10', 73, 'Access Granted', 'storage/doorlock/doorlock_access_1670_27-06-2022.jpg', '-', 0, 'Tazaka Room : 10', 'Tazaka Room : 10', '2022-06-27 07:22:58', '2022-06-27 07:22:59'),
(1671, '10', 73, 'Access Granted', 'storage/doorlock/doorlock_access_1671_27-06-2022.jpg', 'Inventory tools', 0, 'Tazaka Room : 10', 'Tazaka Room : 10', '2022-06-27 07:23:10', '2022-06-27 07:23:18'),
(1672, '10', 35, 'Access Granted', 'storage/doorlock/doorlock_access_1672_27-06-2022.jpg', 'Mengambil Bor', 0, 'Tazaka Room : 10', 'Tazaka Room : 10', '2022-06-27 07:26:39', '2022-06-27 07:26:54'),
(1673, '10', 30, 'Access Granted', 'storage/doorlock/doorlock_access_1673_27-06-2022.jpg', 'Inventory tools', 0, 'Tazaka Room : 10', 'Tazaka Room : 10', '2022-06-27 07:30:54', '2022-06-27 07:31:05'),
(1674, '10', 30, 'Access Granted', 'storage/doorlock/doorlock_access_1674_27-06-2022.jpg', 'Mengambil Bor', 0, 'Tazaka Room : 10', 'Tazaka Room : 10', '2022-06-27 07:49:09', '2022-06-27 07:49:19'),
(1675, '10', 29, 'Access Granted', 'storage/doorlock/doorlock_access_1675_27-06-2022.jpg', 'Mengambil Bor', 0, 'Tazaka Room : 10', 'Tazaka Room : 10', '2022-06-27 09:04:56', '2022-06-27 09:05:12'),
(1676, '6', 102, 'Access Granted', 'storage/doorlock/doorlock_access_1676_27-06-2022.jpg', '-', 0, 'Tazaka Room : 6', 'Tazaka Room : 6', '2022-06-27 09:09:24', '2022-06-27 09:09:26'),
(1677, '10', 33, 'Access Granted', 'storage/doorlock/doorlock_access_1677_27-06-2022.jpg', 'Inventory tools', 0, 'Tazaka Room : 10', 'Tazaka Room : 10', '2022-06-27 09:13:56', '2022-06-27 09:14:07'),
(1678, '11', 33, 'Access Granted', NULL, '-', 1, 'Tazaka Room : 11', 'Tazaka Room : 11', '2022-06-27 09:18:15', '2022-06-27 09:18:21'),
(1679, '10', 73, 'Access Granted', 'storage/doorlock/doorlock_access_1679_27-06-2022.jpg', 'Inventory tools', 1, 'Tazaka Room : 10', 'Tazaka Room : 10', '2022-06-27 09:30:53', '2022-06-27 09:31:08'),
(1680, '10', 35, 'Access Granted', 'storage/doorlock/doorlock_access_1680_27-06-2022.jpg', 'Inventory tools', 0, 'Tazaka Room : 10', 'Tazaka Room : 10', '2022-06-27 09:38:48', '2022-06-27 09:38:59'),
(1681, '10', 73, 'Access Granted', 'storage/doorlock/doorlock_access_1681_27-06-2022.jpg', 'Inventory tools', 0, 'Tazaka Room : 10', 'Tazaka Room : 10', '2022-06-27 09:53:39', '2022-06-27 09:53:47'),
(1682, '10', 73, 'Access Granted', 'storage/doorlock/doorlock_access_1682_27-06-2022.jpg', 'Inventory tools', 0, 'Tazaka Room : 10', 'Tazaka Room : 10', '2022-06-27 09:57:44', '2022-06-27 09:57:54'),
(1683, '10', 10, 'Access Granted', 'storage/doorlock/doorlock_access_1683_27-06-2022.jpg', 'Mengambil Bor', 0, 'Tazaka Room : 10', 'Tazaka Room : 10', '2022-06-27 10:29:55', '2022-06-27 10:30:10'),
(1684, '6', 31, 'Access Granted', 'storage/doorlock/doorlock_access_1684_27-06-2022.jpg', '-', 0, 'Tazaka Room : 6', 'Tazaka Room : 6', '2022-06-27 10:49:42', '2022-06-27 10:49:44'),
(1685, '6', 102, 'Access Granted', 'storage/doorlock/doorlock_access_1685_27-06-2022.jpg', '-', 0, 'Tazaka Room : 6', 'Tazaka Room : 6', '2022-06-27 11:00:35', '2022-06-27 11:00:37'),
(1686, '4', 46, 'Access Granted', 'storage/doorlock/doorlock_access_1686_27-06-2022.jpg', 'Stock opname', 0, 'Tazaka Room : 4', 'Tazaka Room : 4', '2022-06-27 13:02:15', '2022-06-27 13:02:24'),
(1689, '10', 73, 'Access Granted', 'storage/doorlock/doorlock_access_1689_27-06-2022.jpg', 'Inventory tools', 0, 'Tazaka Room : 10', 'Tazaka Room : 10', '2022-06-27 15:39:42', '2022-06-27 15:39:53'),
(1690, '10', 30, 'Access Granted', 'storage/doorlock/doorlock_access_1690_27-06-2022.jpg', 'Inventory tools', 0, 'Tazaka Room : 10', 'Tazaka Room : 10', '2022-06-27 16:33:16', '2022-06-27 16:33:28'),
(1691, '10', 30, 'Access Granted', 'storage/doorlock/doorlock_access_1691_27-06-2022.jpg', 'Inventory tools', 1, 'Tazaka Room : 10', 'Tazaka Room : 10', '2022-06-27 16:42:12', '2022-06-27 16:42:26'),
(1692, '10', 35, 'Access Granted', 'storage/doorlock/doorlock_access_1692_27-06-2022.jpg', 'Inventory tools', 0, 'Tazaka Room : 10', 'Tazaka Room : 10', '2022-06-27 17:35:58', '2022-06-27 17:36:07'),
(1693, '10', 30, 'Access Granted', 'storage/doorlock/doorlock_access_1693_27-06-2022.jpg', 'Inventory tools', 0, 'Tazaka Room : 10', 'Tazaka Room : 10', '2022-06-27 18:42:44', '2022-06-27 18:42:52'),
(1694, '10', 43, 'Access Granted', 'storage/doorlock/doorlock_access_1694_27-06-2022.jpg', '-', 0, 'Tazaka Room : 10', 'Tazaka Room : 10', '2022-06-27 19:15:37', '2022-06-27 19:15:39'),
(1695, '10', 43, 'Access Granted', 'storage/doorlock/doorlock_access_1695_27-06-2022.jpg', '-', 0, 'Tazaka Room : 10', 'Tazaka Room : 10', '2022-06-27 19:15:42', '2022-06-27 19:15:44'),
(1696, '10', 43, 'Access Granted', 'storage/doorlock/doorlock_access_1696_27-06-2022.jpg', 'Mengambil Bor', 0, 'Tazaka Room : 10', 'Tazaka Room : 10', '2022-06-27 19:15:52', '2022-06-27 19:16:03'),
(1697, '10', 79, 'Access Granted', 'storage/doorlock/doorlock_access_1697_27-06-2022.jpg', 'Inventory tools', 1, 'Tazaka Room : 10', 'Tazaka Room : 10', '2022-06-27 19:23:18', '2022-06-27 19:23:34'),
(1698, '10', 45, 'Access Granted', 'storage/doorlock/doorlock_access_1698_27-06-2022.jpg', 'Inventory tools', 0, 'Tazaka Room : 10', 'Tazaka Room : 10', '2022-06-27 22:58:28', '2022-06-27 22:58:43'),
(1699, '6', 36, 'Access Granted', 'storage/doorlock/doorlock_access_1699_27-06-2022.jpg', '-', 1, 'Tazaka Room : 6', 'Tazaka Room : 6', '2022-06-27 23:00:37', '2022-06-27 23:00:42'),
(1700, '7', 36, 'Access Granted', NULL, '-', 0, 'Tazaka Room : 7', 'Tazaka Room : 7', '2022-06-27 23:20:30', '2022-06-27 23:20:30'),
(1701, '10', 42, 'Access Granted', 'storage/doorlock/doorlock_access_1701_27-06-2022.jpg', 'Inventory tools', 0, 'Tazaka Room : 10', 'Tazaka Room : 10', '2022-06-27 23:25:53', '2022-06-27 23:26:03'),
(1702, '6', 60, 'Access Granted', 'storage/doorlock/doorlock_access_1702_28-06-2022.jpg', '-', 1, 'Tazaka Room : 6', 'Tazaka Room : 6', '2022-06-28 01:45:21', '2022-06-28 01:45:27'),
(1703, '4', 56, 'Access Granted', 'storage/doorlock/doorlock_access_1703_28-06-2022.jpg', 'Mengambil barang gudang 3', 0, 'Tazaka Room : 4', 'Tazaka Room : 4', '2022-06-28 02:07:07', '2022-06-28 02:07:15'),
(1704, '10', 60, 'Access Granted', 'storage/doorlock/doorlock_access_1704_28-06-2022.jpg', 'Inventory tools', 0, 'Tazaka Room : 10', 'Tazaka Room : 10', '2022-06-28 02:23:49', '2022-06-28 02:24:01'),
(1705, '10', 42, 'Access Granted', 'storage/doorlock/doorlock_access_1705_28-06-2022.jpg', 'Inventory tools', 0, 'Tazaka Room : 10', 'Tazaka Room : 10', '2022-06-28 02:51:54', '2022-06-28 02:52:03'),
(1706, '10', 42, 'Access Granted', 'storage/doorlock/doorlock_access_1706_28-06-2022.jpg', 'Inventory tools', 0, 'Tazaka Room : 10', 'Tazaka Room : 10', '2022-06-28 03:12:24', '2022-06-28 03:12:36'),
(1707, '4', 56, 'Access Granted', 'storage/doorlock/doorlock_access_1707_28-06-2022.jpg', 'Mengambil barang gudang 3', 0, 'Tazaka Room : 4', 'Tazaka Room : 4', '2022-06-28 03:19:25', '2022-06-28 03:19:42'),
(1708, '10', 44, 'Access Granted', 'storage/doorlock/doorlock_access_1708_28-06-2022.jpg', 'Mengambil Bor', 0, 'Tazaka Room : 10', 'Tazaka Room : 10', '2022-06-28 06:33:48', '2022-06-28 06:34:05'),
(1709, '4', 78, 'Access Granted', 'storage/doorlock/doorlock_access_1709_28-06-2022.jpg', 'Mengambil barang gudang 3', 0, 'Tazaka Room : 4', 'Tazaka Room : 4', '2022-06-28 06:44:49', '2022-06-28 06:45:12'),
(1710, '4', 81, 'Access Granted', 'storage/doorlock/doorlock_access_1710_28-06-2022.jpg', 'Mengambil barang gudang 3', 0, 'Tazaka Room : 4', 'Tazaka Room : 4', '2022-06-28 07:19:50', '2022-06-28 07:20:02'),
(1711, '6', 54, 'Access Granted', 'storage/doorlock/doorlock_access_1711_28-06-2022.jpg', '-', 1, 'Tazaka Room : 6', 'Tazaka Room : 6', '2022-06-28 07:28:37', '2022-06-28 07:28:43'),
(1712, '10', 90, 'Access Granted', 'storage/doorlock/doorlock_access_1712_28-06-2022.jpg', 'Inventory tools', 0, 'Tazaka Room : 10', 'Tazaka Room : 10', '2022-06-28 07:57:56', '2022-06-28 07:58:18'),
(1713, '10', 106, 'Access Granted', 'storage/doorlock/doorlock_access_1713_28-06-2022.jpg', 'Inventory tools', 0, 'Tazaka Room : 10', 'Tazaka Room : 10', '2022-06-28 07:58:30', '2022-06-28 07:58:39'),
(1714, '6', 102, 'Access Granted', 'storage/doorlock/doorlock_access_1714_28-06-2022.jpg', '-', 1, 'Tazaka Room : 6', 'Tazaka Room : 6', '2022-06-28 08:07:55', '2022-06-28 08:08:00'),
(1715, '10', 10, 'Access Granted', 'storage/doorlock/doorlock_access_1715_28-06-2022.jpg', 'Mengambil Bor', 0, 'Tazaka Room : 10', 'Tazaka Room : 10', '2022-06-28 08:10:10', '2022-06-28 08:10:20'),
(1716, '6', 102, 'Access Granted', 'storage/doorlock/doorlock_access_1716_28-06-2022.jpg', '-', 0, 'Tazaka Room : 6', 'Tazaka Room : 6', '2022-06-28 09:31:07', '2022-06-28 09:31:09'),
(1717, '6', 102, 'Access Granted', 'storage/doorlock/doorlock_access_1717_28-06-2022.jpg', '-', 0, 'Tazaka Room : 6', 'Tazaka Room : 6', '2022-06-28 09:46:59', '2022-06-28 09:47:00'),
(1718, '10', 10, 'Access Granted', 'storage/doorlock/doorlock_access_1718_28-06-2022.jpg', 'Mengambil Bor', 1, 'Tazaka Room : 10', 'Tazaka Room : 10', '2022-06-28 10:34:22', '2022-06-28 10:34:36'),
(1719, '4', 46, 'Access Granted', 'storage/doorlock/doorlock_access_1719_28-06-2022.jpg', 'Stock opname', 0, 'Tazaka Room : 4', 'Tazaka Room : 4', '2022-06-28 12:16:24', '2022-06-28 12:16:34'),
(1720, '6', 81, 'Access Granted', 'storage/doorlock/doorlock_access_1720_28-06-2022.jpg', '-', 2, 'Tazaka Room : 6', 'Tazaka Room : 6', '2022-06-28 14:07:07', '2022-06-28 14:07:12'),
(1721, '10', 10, 'Access Granted', 'storage/doorlock/doorlock_access_1721_28-06-2022.jpg', 'Mengambil Bor', 0, 'Tazaka Room : 10', 'Tazaka Room : 10', '2022-06-28 15:16:55', '2022-06-28 15:17:05'),
(1722, '10', 10, 'Access Granted', 'storage/doorlock/doorlock_access_1722_28-06-2022.jpg', 'Inventory tools', 0, 'Tazaka Room : 10', 'Tazaka Room : 10', '2022-06-28 15:27:24', '2022-06-28 15:27:33'),
(1723, '10', 73, 'Access Granted', 'storage/doorlock/doorlock_access_1723_28-06-2022.jpg', 'Inventory tools', 1, 'Tazaka Room : 10', 'Tazaka Room : 10', '2022-06-28 16:04:05', '2022-06-28 16:04:20'),
(1724, '10', 10, 'Access Granted', 'storage/doorlock/doorlock_access_1724_28-06-2022.jpg', 'Mengambil Bor', 0, 'Tazaka Room : 10', 'Tazaka Room : 10', '2022-06-28 16:49:52', '2022-06-28 16:50:02'),
(1725, '10', 10, 'Access Granted', 'storage/doorlock/doorlock_access_1725_28-06-2022.jpg', 'Mengambil Bor', 1, 'Tazaka Room : 10', 'Tazaka Room : 10', '2022-06-28 16:56:50', '2022-06-28 16:57:09'),
(1726, '10', 44, 'Access Granted', 'storage/doorlock/doorlock_access_1726_28-06-2022.jpg', 'Mengambil Bor', 0, 'Tazaka Room : 10', 'Tazaka Room : 10', '2022-06-28 19:14:51', '2022-06-28 19:15:01'),
(1727, '6', 36, 'Access Granted', 'storage/doorlock/doorlock_access_1727_28-06-2022.jpg', '-', 0, 'Tazaka Room : 6', 'Tazaka Room : 6', '2022-06-28 19:30:19', '2022-06-28 19:30:20'),
(1728, '4', 56, 'Access Granted', 'storage/doorlock/doorlock_access_1728_28-06-2022.jpg', 'Mengambil barang gudang 3', 0, 'Tazaka Room : 4', 'Tazaka Room : 4', '2022-06-28 19:36:56', '2022-06-28 19:37:14'),
(1729, '4', 36, 'Access Granted', 'storage/doorlock/doorlock_access_1729_28-06-2022.jpg', 'Stock opname', 0, 'Tazaka Room : 4', 'Tazaka Room : 4', '2022-06-28 21:23:33', '2022-06-28 21:23:45'),
(1730, '4', 78, 'Access Granted', 'storage/doorlock/doorlock_access_1730_29-06-2022.jpg', 'Stock opname', 0, 'Tazaka Room : 4', 'Tazaka Room : 4', '2022-06-29 06:14:06', '2022-06-29 06:14:23'),
(1731, '4', 54, 'Access Granted', 'storage/doorlock/doorlock_access_1731_29-06-2022.jpg', 'Stock opname', 0, 'Tazaka Room : 4', 'Tazaka Room : 4', '2022-06-29 07:05:10', '2022-06-29 07:05:23'),
(1732, '6', 54, 'Access Granted', 'storage/doorlock/doorlock_access_1732_29-06-2022.jpg', '-', 0, 'Tazaka Room : 6', 'Tazaka Room : 6', '2022-06-29 07:14:28', '2022-06-29 07:14:30'),
(1733, '10', 35, 'Access Granted', 'storage/doorlock/doorlock_access_1733_29-06-2022.jpg', 'Inventory tools', 0, 'Tazaka Room : 10', 'Tazaka Room : 10', '2022-06-29 07:22:17', '2022-06-29 07:22:25'),
(1734, '10', 35, 'Access Granted', 'storage/doorlock/doorlock_access_1734_29-06-2022.jpg', 'Inventory tools', 0, 'Tazaka Room : 10', 'Tazaka Room : 10', '2022-06-29 07:31:29', '2022-06-29 07:31:38'),
(1735, '10', 10, 'Access Granted', 'storage/doorlock/doorlock_access_1735_29-06-2022.jpg', 'Mengambil Bor', 0, 'Tazaka Room : 10', 'Tazaka Room : 10', '2022-06-29 07:37:11', '2022-06-29 07:37:27'),
(1736, '10', 10, 'Access Granted', 'storage/doorlock/doorlock_access_1736_29-06-2022.jpg', 'Mengambil Bor', 0, 'Tazaka Room : 10', 'Tazaka Room : 10', '2022-06-29 07:43:23', '2022-06-29 07:43:34'),
(1737, '6', 54, 'Access Granted', 'storage/doorlock/doorlock_access_1737_29-06-2022.jpg', '-', 1, 'Tazaka Room : 6', 'Tazaka Room : 6', '2022-06-29 07:50:52', '2022-06-29 07:50:57'),
(1738, '6', 102, 'Access Granted', 'storage/doorlock/doorlock_access_1738_29-06-2022.jpg', '-', 1, 'Tazaka Room : 6', 'Tazaka Room : 6', '2022-06-29 08:32:14', '2022-06-29 08:32:20'),
(1739, '4', 31, 'Access Granted', 'storage/doorlock/doorlock_access_1739_29-06-2022.jpg', 'Mengambil barang gudang 3', 0, 'Tazaka Room : 4', 'Tazaka Room : 4', '2022-06-29 11:58:14', '2022-06-29 11:58:29'),
(1740, '4', 81, 'Access Granted', 'storage/doorlock/doorlock_access_1740_29-06-2022.jpg', 'Mengambil barang gudang 3', 0, 'Tazaka Room : 4', 'Tazaka Room : 4', '2022-06-29 12:03:33', '2022-06-29 12:03:44'),
(1741, '4', 54, 'Access Granted', 'storage/doorlock/doorlock_access_1741_29-06-2022.jpg', 'Stock opname', 1, 'Tazaka Room : 4', 'Tazaka Room : 4', '2022-06-29 12:59:54', '2022-06-29 13:00:15'),
(1742, '10', 35, 'Access Granted', 'storage/doorlock/doorlock_access_1742_29-06-2022.jpg', 'Inventory tools', 0, 'Tazaka Room : 10', 'Tazaka Room : 10', '2022-06-29 13:03:53', '2022-06-29 13:04:02'),
(1743, '10', 10, 'Access Granted', 'storage/doorlock/doorlock_access_1743_29-06-2022.jpg', 'Mengambil Bor', 0, 'Tazaka Room : 10', 'Tazaka Room : 10', '2022-06-29 13:16:44', '2022-06-29 13:16:59'),
(1744, '10', 29, 'Access Granted', 'storage/doorlock/doorlock_access_1744_29-06-2022.jpg', 'Mengambil Bor', 0, 'Tazaka Room : 10', 'Tazaka Room : 10', '2022-06-29 13:20:39', '2022-06-29 13:20:55'),
(1745, '10', 35, 'Access Granted', 'storage/doorlock/doorlock_access_1745_29-06-2022.jpg', 'Inventory tools', 0, 'Tazaka Room : 10', 'Tazaka Room : 10', '2022-06-29 13:42:48', '2022-06-29 13:42:56'),
(1747, '10', 29, 'Access Granted', 'storage/doorlock/doorlock_access_1747_29-06-2022.jpg', 'Inventory tools', 0, 'Tazaka Room : 10', 'Tazaka Room : 10', '2022-06-29 14:41:56', '2022-06-29 14:42:08'),
(1748, '10', 29, 'Access Granted', 'storage/doorlock/doorlock_access_1748_29-06-2022.jpg', 'Inventory tools', 0, 'Tazaka Room : 10', 'Tazaka Room : 10', '2022-06-29 15:14:47', '2022-06-29 15:14:58'),
(1749, '10', 65, 'Access Granted', 'storage/doorlock/doorlock_access_1749_29-06-2022.jpg', 'Inventory tools', 0, 'Tazaka Room : 10', 'Tazaka Room : 10', '2022-06-29 18:53:46', '2022-06-29 18:53:56'),
(1750, '10', 88, 'Access Granted', 'storage/doorlock/doorlock_access_1750_29-06-2022.jpg', 'Inventory tools', 0, 'Tazaka Room : 10', 'Tazaka Room : 10', '2022-06-29 19:18:46', '2022-06-29 19:18:58'),
(1751, '10', 45, 'Access Granted', 'storage/doorlock/doorlock_access_1751_30-06-2022.jpg', 'Inventory tools', 0, 'Tazaka Room : 10', 'Tazaka Room : 10', '2022-06-30 02:59:05', '2022-06-30 02:59:15'),
(1752, '4', 78, 'Access Granted', 'storage/doorlock/doorlock_access_1752_30-06-2022.jpg', 'Stock opname', 0, 'Tazaka Room : 4', 'Tazaka Room : 4', '2022-06-30 06:25:41', '2022-06-30 06:25:51'),
(1753, '4', 80, 'Access Granted', 'storage/doorlock/doorlock_access_1753_30-06-2022.jpg', '-', 0, 'Tazaka Room : 4', 'Tazaka Room : 4', '2022-06-30 07:07:01', '2022-06-30 07:07:03'),
(1754, '4', 38, 'Access Granted', 'storage/doorlock/doorlock_access_1754_30-06-2022.jpg', 'Mengambil barang gudang 3', 0, 'Tazaka Room : 4', 'Tazaka Room : 4', '2022-06-30 07:07:40', '2022-06-30 07:07:50'),
(1755, '10', 35, 'Access Granted', 'storage/doorlock/doorlock_access_1755_30-06-2022.jpg', 'Mengambil Bor', 0, 'Tazaka Room : 10', 'Tazaka Room : 10', '2022-06-30 07:09:16', '2022-06-30 07:09:23'),
(1756, '10', 54, 'Access Granted', 'storage/doorlock/doorlock_access_1756_30-06-2022.jpg', 'Inventory tools', 0, 'Tazaka Room : 10', 'Tazaka Room : 10', '2022-06-30 07:29:50', '2022-06-30 07:29:59'),
(1757, '10', 10, 'Access Granted', 'storage/doorlock/doorlock_access_1757_30-06-2022.jpg', 'Inventory tools', 0, 'Tazaka Room : 10', 'Tazaka Room : 10', '2022-06-30 07:39:51', '2022-06-30 07:40:03'),
(1758, '10', 33, 'Access Granted', 'storage/doorlock/doorlock_access_1758_30-06-2022.jpg', 'Mengambil Bor', 0, 'Tazaka Room : 10', 'Tazaka Room : 10', '2022-06-30 08:00:32', '2022-06-30 08:00:42'),
(1759, '10', 10, 'Access Granted', 'storage/doorlock/doorlock_access_1759_30-06-2022.jpg', 'Mengambil Bor', 0, 'Tazaka Room : 10', 'Tazaka Room : 10', '2022-06-30 08:03:26', '2022-06-30 08:03:37'),
(1760, '10', 29, 'Access Granted', 'storage/doorlock/doorlock_access_1760_30-06-2022.jpg', 'Inventory tools', 0, 'Tazaka Room : 10', 'Tazaka Room : 10', '2022-06-30 08:10:28', '2022-06-30 08:10:36'),
(1761, '10', 35, 'Access Granted', 'storage/doorlock/doorlock_access_1761_30-06-2022.jpg', 'Inventory tools', 0, 'Tazaka Room : 10', 'Tazaka Room : 10', '2022-06-30 08:19:47', '2022-06-30 08:19:56'),
(1762, '10', 54, 'Access Granted', 'storage/doorlock/doorlock_access_1762_30-06-2022.jpg', 'Inventory tools', 1, 'Tazaka Room : 10', 'Tazaka Room : 10', '2022-06-30 08:24:15', '2022-06-30 08:24:39'),
(1763, '6', 102, 'Access Granted', 'storage/doorlock/doorlock_access_1763_30-06-2022.jpg', '-', 0, 'Tazaka Room : 6', 'Tazaka Room : 6', '2022-06-30 08:35:35', '2022-06-30 08:35:37'),
(1764, '6', 54, 'Access Granted', 'storage/doorlock/doorlock_access_1764_30-06-2022.jpg', '-', 0, 'Tazaka Room : 6', 'Tazaka Room : 6', '2022-06-30 08:47:12', '2022-06-30 08:47:14'),
(1766, '10', 29, 'Access Granted', 'storage/doorlock/doorlock_access_1766_30-06-2022.jpg', 'Inventory tools', 0, 'Tazaka Room : 10', 'Tazaka Room : 10', '2022-06-30 10:24:34', '2022-06-30 10:24:43'),
(1767, '6', 102, 'Access Granted', 'storage/doorlock/doorlock_access_1767_30-06-2022.jpg', '-', 2, 'Tazaka Room : 6', 'Tazaka Room : 6', '2022-06-30 11:00:43', '2022-06-30 11:00:48'),
(1768, '4', 54, 'Access Granted', 'storage/doorlock/doorlock_access_1768_30-06-2022.jpg', 'Mengambil barang gudang 3', 0, 'Tazaka Room : 4', 'Tazaka Room : 4', '2022-06-30 13:02:34', '2022-06-30 13:02:44'),
(1769, '6', 37, 'Access Granted', 'storage/doorlock/doorlock_access_1769_30-06-2022.jpg', '-', 2, 'Tazaka Room : 6', 'Tazaka Room : 6', '2022-06-30 14:45:08', '2022-06-30 14:45:13'),
(1770, '10', 73, 'Access Granted', 'storage/doorlock/doorlock_access_1770_30-06-2022.jpg', '-', 0, 'Tazaka Room : 10', 'Tazaka Room : 10', '2022-06-30 18:22:24', '2022-06-30 18:22:25'),
(1771, '10', 73, 'Access Granted', 'storage/doorlock/doorlock_access_1771_30-06-2022.jpg', 'Inventory tools', 0, 'Tazaka Room : 10', 'Tazaka Room : 10', '2022-06-30 18:22:40', '2022-06-30 18:22:51'),
(1772, '10', 42, 'Access Granted', 'storage/doorlock/doorlock_access_1772_30-06-2022.jpg', 'Inventory tools', 0, 'Tazaka Room : 10', 'Tazaka Room : 10', '2022-06-30 19:04:14', '2022-06-30 19:04:23'),
(1773, '4', 36, 'Access Granted', 'storage/doorlock/doorlock_access_1773_30-06-2022.jpg', 'Mengambil barang gudang 3', 0, 'Tazaka Room : 4', 'Tazaka Room : 4', '2022-06-30 19:43:16', '2022-06-30 19:43:28'),
(1774, '4', 56, 'Access Granted', 'storage/doorlock/doorlock_access_1774_30-06-2022.jpg', 'Mengambil barang gudang 3', 0, 'Tazaka Room : 4', 'Tazaka Room : 4', '2022-06-30 19:59:56', '2022-06-30 20:00:13'),
(1775, '4', 54, 'Access Granted', 'storage/doorlock/doorlock_access_1775_01-07-2022.jpg', 'Stock opname', 0, 'Tazaka Room : 4', 'Tazaka Room : 4', '2022-07-01 07:00:52', '2022-07-01 07:01:04'),
(1776, '6', 102, 'Access Granted', 'storage/doorlock/doorlock_access_1776_01-07-2022.jpg', '-', 0, 'Tazaka Room : 6', 'Tazaka Room : 6', '2022-07-01 07:04:43', '2022-07-01 07:04:45'),
(1777, '6', 102, 'Access Granted', 'storage/doorlock/doorlock_access_1777_01-07-2022.jpg', '-', 0, 'Tazaka Room : 6', 'Tazaka Room : 6', '2022-07-01 07:04:57', '2022-07-01 07:04:58'),
(1778, '6', 102, 'Access Granted', 'storage/doorlock/doorlock_access_1778_01-07-2022.jpg', '-', 0, 'Tazaka Room : 6', 'Tazaka Room : 6', '2022-07-01 07:05:04', '2022-07-01 07:05:06'),
(1779, '10', 35, 'Access Granted', 'storage/doorlock/doorlock_access_1779_01-07-2022.jpg', 'Mengambil Bor', 0, 'Tazaka Room : 10', 'Tazaka Room : 10', '2022-07-01 07:08:56', '2022-07-01 07:09:09'),
(1781, '10', 73, 'Access Granted', 'storage/doorlock/doorlock_access_1781_01-07-2022.jpg', 'Inventory tools', 0, 'Tazaka Room : 10', 'Tazaka Room : 10', '2022-07-01 07:59:01', '2022-07-01 07:59:20'),
(1782, '6', 81, 'Access Granted', 'storage/doorlock/doorlock_access_1782_01-07-2022.jpg', '-', 0, 'Tazaka Room : 6', 'Tazaka Room : 6', '2022-07-01 08:04:39', '2022-07-01 08:04:41'),
(1783, '6', 81, 'Access Granted', 'storage/doorlock/doorlock_access_1783_01-07-2022.jpg', '-', 1, 'Tazaka Room : 6', 'Tazaka Room : 6', '2022-07-01 08:05:49', '2022-07-01 08:05:55'),
(1784, '10', 90, 'Access Granted', 'storage/doorlock/doorlock_access_1784_01-07-2022.jpg', 'Inventory tools', 0, 'Tazaka Room : 10', 'Tazaka Room : 10', '2022-07-01 08:17:39', '2022-07-01 08:17:50'),
(1785, '10', 35, 'Access Granted', 'storage/doorlock/doorlock_access_1785_01-07-2022.jpg', 'Inventory tools', 0, 'Tazaka Room : 10', 'Tazaka Room : 10', '2022-07-01 08:38:57', '2022-07-01 08:39:06'),
(1786, '6', 102, 'Access Granted', 'storage/doorlock/doorlock_access_1786_01-07-2022.jpg', '-', 2, 'Tazaka Room : 6', 'Tazaka Room : 6', '2022-07-01 08:39:10', '2022-07-01 08:39:15'),
(1787, '6', 102, 'Access Granted', 'storage/doorlock/doorlock_access_1787_01-07-2022.jpg', '-', 1, 'Tazaka Room : 6', 'Tazaka Room : 6', '2022-07-01 08:46:18', '2022-07-01 08:46:23'),
(1788, '4', 31, 'Access Granted', 'storage/doorlock/doorlock_access_1788_01-07-2022.jpg', 'Stock opname', 0, 'Tazaka Room : 4', 'Tazaka Room : 4', '2022-07-01 12:49:02', '2022-07-01 12:49:11'),
(1789, '10', 90, 'Access Granted', 'storage/doorlock/doorlock_access_1789_01-07-2022.jpg', 'Inventory tools', 0, 'Tazaka Room : 10', 'Tazaka Room : 10', '2022-07-01 16:04:02', '2022-07-01 16:04:10'),
(1790, '10', 35, 'Access Granted', 'storage/doorlock/doorlock_access_1790_01-07-2022.jpg', 'Mengambil Bor', 0, 'Tazaka Room : 10', 'Tazaka Room : 10', '2022-07-01 16:44:50', '2022-07-01 16:44:59'),
(1791, '10', 10, 'Access Granted', 'storage/doorlock/doorlock_access_1791_01-07-2022.jpg', 'Mengambil Bor', 0, 'Tazaka Room : 10', 'Tazaka Room : 10', '2022-07-01 17:17:49', '2022-07-01 17:17:57'),
(1792, '10', 44, 'Access Granted', 'storage/doorlock/doorlock_access_1792_01-07-2022.jpg', 'Mengambil Bor', 0, 'Tazaka Room : 10', 'Tazaka Room : 10', '2022-07-01 19:16:25', '2022-07-01 19:16:36'),
(1793, '6', 56, 'Access Granted', 'storage/doorlock/doorlock_access_1793_01-07-2022.jpg', '-', 0, 'Tazaka Room : 6', 'Tazaka Room : 6', '2022-07-01 19:24:44', '2022-07-01 19:24:45'),
(1794, '6', 56, 'Access Granted', 'storage/doorlock/doorlock_access_1794_01-07-2022.jpg', '-', 0, 'Tazaka Room : 6', 'Tazaka Room : 6', '2022-07-01 19:25:03', '2022-07-01 19:25:05');
INSERT INTO `doorlock_reports` (`id`, `uid`, `user_id`, `keterangan`, `doorlock_photo_path`, `remark_log`, `count_access`, `createdBy`, `updatedBy`, `created_at`, `updated_at`) VALUES
(1795, '6', 56, 'Access Granted', 'storage/doorlock/doorlock_access_1795_01-07-2022.jpg', '-', 0, 'Tazaka Room : 6', 'Tazaka Room : 6', '2022-07-01 19:25:22', '2022-07-01 19:25:24'),
(1796, '4', 36, 'Access Granted', 'storage/doorlock/doorlock_access_1796_01-07-2022.jpg', 'Stock opname', 0, 'Tazaka Room : 4', 'Tazaka Room : 4', '2022-07-01 19:28:36', '2022-07-01 19:28:46'),
(1797, '10', 65, 'Access Granted', 'storage/doorlock/doorlock_access_1797_01-07-2022.jpg', 'Inventory tools', 0, 'Tazaka Room : 10', 'Tazaka Room : 10', '2022-07-01 19:43:52', '2022-07-01 19:44:01'),
(1798, '4', 56, 'Access Granted', 'storage/doorlock/doorlock_access_1798_01-07-2022.jpg', 'Mengambil barang gudang 3', 0, 'Tazaka Room : 4', 'Tazaka Room : 4', '2022-07-01 20:13:53', '2022-07-01 20:14:06'),
(1799, '4', 36, 'Access Granted', 'storage/doorlock/doorlock_access_1799_01-07-2022.jpg', 'Mengambil barang gudang 3', 0, 'Tazaka Room : 4', 'Tazaka Room : 4', '2022-07-01 20:52:11', '2022-07-01 20:52:27'),
(1800, '10', 43, 'Access Granted', 'storage/doorlock/doorlock_access_1800_01-07-2022.jpg', 'Mengambil Bor', 0, 'Tazaka Room : 10', 'Tazaka Room : 10', '2022-07-01 21:16:16', '2022-07-01 21:16:36'),
(1801, '10', 42, 'Access Granted', 'storage/doorlock/doorlock_access_1801_01-07-2022.jpg', 'Inventory tools', 0, 'Tazaka Room : 10', 'Tazaka Room : 10', '2022-07-01 23:49:18', '2022-07-01 23:49:26'),
(1802, '10', 60, 'Access Granted', 'storage/doorlock/doorlock_access_1802_02-07-2022.jpg', 'Inventory tools', 1, 'Tazaka Room : 10', 'Tazaka Room : 10', '2022-07-02 02:11:13', '2022-07-02 02:11:29'),
(1803, '4', 78, 'Access Granted', 'storage/doorlock/doorlock_access_1803_02-07-2022.jpg', 'Stock opname', 0, 'Tazaka Room : 4', 'Tazaka Room : 4', '2022-07-02 06:29:59', '2022-07-02 06:30:19'),
(1804, '4', 31, 'Access Granted', 'storage/doorlock/doorlock_access_1804_02-07-2022.jpg', 'Mengambil barang gudang 3', 0, 'Tazaka Room : 4', 'Tazaka Room : 4', '2022-07-02 06:55:45', '2022-07-02 06:56:09'),
(1805, '10', 35, 'Access Granted', 'storage/doorlock/doorlock_access_1805_02-07-2022.jpg', 'Mengambil Bor', 0, 'Tazaka Room : 10', 'Tazaka Room : 10', '2022-07-02 07:15:04', '2022-07-02 07:15:27'),
(1806, '10', 29, 'Access Granted', 'storage/doorlock/doorlock_access_1806_02-07-2022.jpg', 'Inventory tools', 0, 'Tazaka Room : 10', 'Tazaka Room : 10', '2022-07-02 07:27:33', '2022-07-02 07:27:44'),
(1807, '6', 54, 'Access Granted', 'storage/doorlock/doorlock_access_1807_02-07-2022.jpg', '-', 1, 'Tazaka Room : 6', 'Tazaka Room : 6', '2022-07-02 07:29:50', '2022-07-02 07:29:56'),
(1808, '10', 29, 'Access Granted', 'storage/doorlock/doorlock_access_1808_02-07-2022.jpg', 'Inventory tools', 0, 'Tazaka Room : 10', 'Tazaka Room : 10', '2022-07-02 07:56:45', '2022-07-02 07:56:55'),
(1809, '6', 102, 'Access Granted', 'storage/doorlock/doorlock_access_1809_02-07-2022.jpg', '-', 1, 'Tazaka Room : 6', 'Tazaka Room : 6', '2022-07-02 08:23:17', '2022-07-02 08:23:23'),
(1810, '10', 29, 'Access Granted', 'storage/doorlock/doorlock_access_1810_02-07-2022.jpg', 'Inventory tools', 0, 'Tazaka Room : 10', 'Tazaka Room : 10', '2022-07-02 09:14:46', '2022-07-02 09:14:53'),
(1811, '10', 33, 'Access Granted', 'storage/doorlock/doorlock_access_1811_02-07-2022.jpg', 'Mengambil Bor', 0, 'Tazaka Room : 10', 'Tazaka Room : 10', '2022-07-02 09:18:19', '2022-07-02 09:18:27'),
(1812, '10', 35, 'Access Granted', 'storage/doorlock/doorlock_access_1812_02-07-2022.jpg', 'Inventory tools', 1, 'Tazaka Room : 10', 'Tazaka Room : 10', '2022-07-02 09:19:30', '2022-07-02 09:19:45'),
(1813, '10', 39, 'Access Granted', 'storage/doorlock/doorlock_access_1813_02-07-2022.jpg', 'Inventory tools', 0, 'Tazaka Room : 10', 'Tazaka Room : 10', '2022-07-02 09:49:21', '2022-07-02 09:49:34'),
(1814, '10', 97, 'Access Granted', 'storage/doorlock/doorlock_access_1814_02-07-2022.jpg', 'Inventory tools', 0, 'Tazaka Room : 10', 'Tazaka Room : 10', '2022-07-02 10:12:49', '2022-07-02 10:12:57'),
(1815, '10', 29, 'Access Granted', 'storage/doorlock/doorlock_access_1815_02-07-2022.jpg', 'Inventory tools', 0, 'Tazaka Room : 10', 'Tazaka Room : 10', '2022-07-02 10:21:08', '2022-07-02 10:21:45'),
(1816, '10', 10, 'Access Granted', 'storage/doorlock/doorlock_access_1816_02-07-2022.jpg', 'Mengambil Bor', 0, 'Tazaka Room : 10', 'Tazaka Room : 10', '2022-07-02 10:33:43', '2022-07-02 10:33:53'),
(1817, '10', 10, 'Access Granted', 'storage/doorlock/doorlock_access_1817_02-07-2022.jpg', 'Inventory tools', 0, 'Tazaka Room : 10', 'Tazaka Room : 10', '2022-07-02 11:43:16', '2022-07-02 11:43:24'),
(1818, '4', 54, 'Access Granted', 'storage/doorlock/doorlock_access_1818_02-07-2022.jpg', 'Stock opname', 0, 'Tazaka Room : 4', 'Tazaka Room : 4', '2022-07-02 11:58:37', '2022-07-02 11:58:46'),
(1819, '10', 35, 'Access Granted', 'storage/doorlock/doorlock_access_1819_02-07-2022.jpg', 'Mengambil Bor', 0, 'Tazaka Room : 10', 'Tazaka Room : 10', '2022-07-02 12:43:31', '2022-07-02 12:43:43'),
(1820, '4', 54, 'Access Granted', 'storage/doorlock/doorlock_access_1820_02-07-2022.jpg', 'Stock opname', 0, 'Tazaka Room : 4', 'Tazaka Room : 4', '2022-07-02 12:59:53', '2022-07-02 13:00:04'),
(1821, '10', 35, 'Access Granted', 'storage/doorlock/doorlock_access_1821_02-07-2022.jpg', 'Inventory tools', 0, 'Tazaka Room : 10', 'Tazaka Room : 10', '2022-07-02 13:12:03', '2022-07-02 13:12:17'),
(1822, '6', 10, 'Access Granted', 'storage/doorlock/doorlock_access_1822_02-07-2022.jpg', '-', 1, 'Tazaka Room : 6', 'Tazaka Room : 6', '2022-07-02 14:09:13', '2022-07-02 14:09:18'),
(1823, '10', 97, 'Access Granted', 'storage/doorlock/doorlock_access_1823_02-07-2022.jpg', 'Inventory tools', 0, 'Tazaka Room : 10', 'Tazaka Room : 10', '2022-07-02 15:13:59', '2022-07-02 15:14:17'),
(1824, '6', 80, 'Access Granted', 'storage/doorlock/doorlock_access_1824_02-07-2022.jpg', '-', 0, 'Tazaka Room : 6', 'Tazaka Room : 6', '2022-07-02 15:54:12', '2022-07-02 15:54:14'),
(1825, '10', 44, 'Access Granted', 'storage/doorlock/doorlock_access_1825_02-07-2022.jpg', 'Mengambil Bor', 0, 'Tazaka Room : 10', 'Tazaka Room : 10', '2022-07-02 17:46:42', '2022-07-02 17:46:58'),
(1826, '4', 31, 'Access Granted', 'storage/doorlock/doorlock_access_1826_04-07-2022.jpg', 'Stock opname', 0, 'Tazaka Room : 4', 'Tazaka Room : 4', '2022-07-04 06:57:42', '2022-07-04 06:58:12'),
(1827, '4', 31, 'Access Granted', 'storage/doorlock/doorlock_access_1827_04-07-2022.jpg', 'Mengambil barang gudang 3', 0, 'Tazaka Room : 4', 'Tazaka Room : 4', '2022-07-04 06:58:27', '2022-07-04 06:58:41'),
(1828, '6', 81, 'Access Granted', 'storage/doorlock/doorlock_access_1828_04-07-2022.jpg', '-', 0, 'Tazaka Room : 6', 'Tazaka Room : 6', '2022-07-04 07:07:51', '2022-07-04 07:07:53'),
(1829, '10', 65, 'Access Granted', 'storage/doorlock/doorlock_access_1829_04-07-2022.jpg', 'Inventory tools', 0, 'Tazaka Room : 10', 'Tazaka Room : 10', '2022-07-04 07:14:27', '2022-07-04 07:14:38'),
(1830, '10', 42, 'Access Granted', 'storage/doorlock/doorlock_access_1830_04-07-2022.jpg', 'Inventory tools', 1, 'Tazaka Room : 10', 'Tazaka Room : 10', '2022-07-04 07:21:25', '2022-07-04 07:21:37'),
(1831, '10', 42, 'Access Granted', 'storage/doorlock/doorlock_access_1831_04-07-2022.jpg', 'Inventory tools', 2, 'Tazaka Room : 10', 'Tazaka Room : 10', '2022-07-04 07:32:30', '2022-07-04 07:32:45'),
(1832, '10', 79, 'Access Granted', 'storage/doorlock/doorlock_access_1832_04-07-2022.jpg', 'Inventory tools', 0, 'Tazaka Room : 10', 'Tazaka Room : 10', '2022-07-04 07:38:22', '2022-07-04 07:38:31'),
(1833, '10', 44, 'Access Granted', 'storage/doorlock/doorlock_access_1833_04-07-2022.jpg', 'Mengambil Bor', 0, 'Tazaka Room : 10', 'Tazaka Room : 10', '2022-07-04 08:15:02', '2022-07-04 08:15:12'),
(1834, '10', 43, 'Access Granted', 'storage/doorlock/doorlock_access_1834_04-07-2022.jpg', '-', 0, 'Tazaka Room : 10', 'Tazaka Room : 10', '2022-07-04 08:31:52', '2022-07-04 08:31:54'),
(1835, '10', 43, 'Access Granted', 'storage/doorlock/doorlock_access_1835_04-07-2022.jpg', '-', 0, 'Tazaka Room : 10', 'Tazaka Room : 10', '2022-07-04 08:32:15', '2022-07-04 08:32:17'),
(1836, '10', 43, 'Access Granted', 'storage/doorlock/doorlock_access_1836_04-07-2022.jpg', 'Inventory tools', 0, 'Tazaka Room : 10', 'Tazaka Room : 10', '2022-07-04 08:32:49', '2022-07-04 08:33:02'),
(1837, '10', 10, 'Access Granted', 'storage/doorlock/doorlock_access_1837_04-07-2022.jpg', 'Inventory tools', 0, 'Tazaka Room : 10', 'Tazaka Room : 10', '2022-07-04 09:03:55', '2022-07-04 09:04:04'),
(1838, '10', 10, 'Access Granted', 'storage/doorlock/doorlock_access_1838_04-07-2022.jpg', 'Mengambil Bor', 0, 'Tazaka Room : 10', 'Tazaka Room : 10', '2022-07-04 09:55:24', '2022-07-04 09:55:33'),
(1839, '6', 31, 'Access Granted', 'storage/doorlock/doorlock_access_1839_04-07-2022.jpg', '-', 0, 'Tazaka Room : 6', 'Tazaka Room : 6', '2022-07-04 10:04:27', '2022-07-04 10:04:29'),
(1840, '6', 31, 'Access Granted', 'storage/doorlock/doorlock_access_1840_04-07-2022.jpg', '-', 0, 'Tazaka Room : 6', 'Tazaka Room : 6', '2022-07-04 10:04:39', '2022-07-04 10:04:41'),
(1841, '10', 44, 'Access Granted', 'storage/doorlock/doorlock_access_1841_04-07-2022.jpg', 'Inventory tools', 0, 'Tazaka Room : 10', 'Tazaka Room : 10', '2022-07-04 10:37:46', '2022-07-04 10:37:58'),
(1842, '4', 54, 'Access Granted', 'storage/doorlock/doorlock_access_1842_04-07-2022.jpg', 'Stock opname', 0, 'Tazaka Room : 4', 'Tazaka Room : 4', '2022-07-04 11:58:00', '2022-07-04 11:58:14'),
(1843, '10', 65, 'Access Granted', 'storage/doorlock/doorlock_access_1843_04-07-2022.jpg', 'Inventory tools', 0, 'Tazaka Room : 10', 'Tazaka Room : 10', '2022-07-04 12:16:58', '2022-07-04 12:17:08'),
(1844, '4', 81, 'Access Granted', 'storage/doorlock/doorlock_access_1844_04-07-2022.jpg', 'Mengambil barang gudang 3', 0, 'Tazaka Room : 4', 'Tazaka Room : 4', '2022-07-04 12:50:50', '2022-07-04 12:50:59'),
(1845, '4', 31, 'Access Granted', 'storage/doorlock/doorlock_access_1845_04-07-2022.jpg', 'Stock opname', 0, 'Tazaka Room : 4', 'Tazaka Room : 4', '2022-07-04 13:04:52', '2022-07-04 13:05:23'),
(1846, '4', 31, 'Access Granted', 'storage/doorlock/doorlock_access_1846_04-07-2022.jpg', 'Stock opname', 0, 'Tazaka Room : 4', 'Tazaka Room : 4', '2022-07-04 13:05:55', '2022-07-04 13:06:09'),
(1847, '10', 10, 'Access Granted', 'storage/doorlock/doorlock_access_1847_04-07-2022.jpg', 'Mengambil Bor', 0, 'Tazaka Room : 10', 'Tazaka Room : 10', '2022-07-04 13:27:38', '2022-07-04 13:27:47'),
(1848, '10', 44, 'Access Granted', 'storage/doorlock/doorlock_access_1848_04-07-2022.jpg', 'Inventory tools', 0, 'Tazaka Room : 10', 'Tazaka Room : 10', '2022-07-04 13:40:26', '2022-07-04 13:40:43'),
(1849, '10', 44, 'Access Granted', 'storage/doorlock/doorlock_access_1849_04-07-2022.jpg', 'Inventory tools', 0, 'Tazaka Room : 10', 'Tazaka Room : 10', '2022-07-04 16:17:12', '2022-07-04 16:17:21'),
(1850, '10', 79, 'Access Granted', 'storage/doorlock/doorlock_access_1850_04-07-2022.jpg', 'Mengambil Bor', 0, 'Tazaka Room : 10', 'Tazaka Room : 10', '2022-07-04 17:53:26', '2022-07-04 17:53:36'),
(1851, '10', 79, 'Access Granted', 'storage/doorlock/doorlock_access_1851_04-07-2022.jpg', 'Inventory tools', 0, 'Tazaka Room : 10', 'Tazaka Room : 10', '2022-07-04 18:05:28', '2022-07-04 18:05:37'),
(1852, '10', 39, 'Access Granted', 'storage/doorlock/doorlock_access_1852_04-07-2022.jpg', 'Inventory tools', 0, 'Tazaka Room : 10', 'Tazaka Room : 10', '2022-07-04 19:16:09', '2022-07-04 19:16:31'),
(1853, '10', 29, 'Access Granted', 'storage/doorlock/doorlock_access_1853_04-07-2022.jpg', 'Inventory tools', 0, 'Tazaka Room : 10', 'Tazaka Room : 10', '2022-07-04 19:58:10', '2022-07-04 19:58:21'),
(1854, '4', 99, 'Access Granted', 'storage/doorlock/doorlock_access_1854_04-07-2022.jpg', 'Mengambil barang gudang 3', 1, 'Tazaka Room : 4', 'Tazaka Room : 4', '2022-07-04 19:58:50', '2022-07-04 19:59:47'),
(1855, '4', 99, 'Access Granted', 'storage/doorlock/doorlock_access_1855_04-07-2022.jpg', 'Mengambil barang gudang 3', 0, 'Tazaka Room : 4', 'Tazaka Room : 4', '2022-07-04 22:25:51', '2022-07-04 22:26:08'),
(1856, '4', 99, 'Access Granted', 'storage/doorlock/doorlock_access_1856_04-07-2022.jpg', 'Mengambil barang gudang 3', 0, 'Tazaka Room : 4', 'Tazaka Room : 4', '2022-07-04 22:56:18', '2022-07-04 22:56:29'),
(1857, '10', 39, 'Access Granted', 'storage/doorlock/doorlock_access_1857_05-07-2022.jpg', 'Inventory tools', 0, 'Tazaka Room : 10', 'Tazaka Room : 10', '2022-07-05 02:04:39', '2022-07-05 02:04:51'),
(1858, '4', 102, 'Access Granted', 'storage/doorlock/doorlock_access_1858_05-07-2022.jpg', 'Mengambil barang gudang 3', 0, 'Tazaka Room : 4', 'Tazaka Room : 4', '2022-07-05 02:52:41', '2022-07-05 02:52:53'),
(1859, '10', 29, 'Access Granted', 'storage/doorlock/doorlock_access_1859_05-07-2022.jpg', 'Inventory tools', 0, 'Tazaka Room : 10', 'Tazaka Room : 10', '2022-07-05 03:11:12', '2022-07-05 03:11:19'),
(1860, '10', 29, 'Access Granted', 'storage/doorlock/doorlock_access_1860_05-07-2022.jpg', 'Inventory tools', 0, 'Tazaka Room : 10', 'Tazaka Room : 10', '2022-07-05 03:25:42', '2022-07-05 03:25:52'),
(1861, '10', 73, 'Access Granted', 'storage/doorlock/doorlock_access_1861_05-07-2022.jpg', 'Inventory tools', 1, 'Tazaka Room : 10', 'Tazaka Room : 10', '2022-07-05 04:12:03', '2022-07-05 04:12:17'),
(1862, '4', 54, 'Access Granted', 'storage/doorlock/doorlock_access_1862_05-07-2022.jpg', 'Stock opname', 0, 'Tazaka Room : 4', 'Tazaka Room : 4', '2022-07-05 06:55:10', '2022-07-05 06:55:19'),
(1863, '6', 81, 'Access Granted', 'storage/doorlock/doorlock_access_1863_05-07-2022.jpg', '-', 1, 'Tazaka Room : 6', 'Tazaka Room : 6', '2022-07-05 07:21:04', '2022-07-05 07:21:09'),
(1864, '10', 79, 'Access Granted', 'storage/doorlock/doorlock_access_1864_05-07-2022.jpg', 'Inventory tools', 2, 'Tazaka Room : 10', 'Tazaka Room : 10', '2022-07-05 07:33:20', '2022-07-05 07:33:36'),
(1865, '6', 80, 'Access Granted', 'storage/doorlock/doorlock_access_1865_05-07-2022.jpg', '-', 1, 'Tazaka Room : 6', 'Tazaka Room : 6', '2022-07-05 08:30:35', '2022-07-05 08:30:41'),
(1866, '6', 54, 'Access Granted', 'storage/doorlock/doorlock_access_1866_05-07-2022.jpg', '-', 0, 'Tazaka Room : 6', 'Tazaka Room : 6', '2022-07-05 08:34:21', '2022-07-05 08:34:22'),
(1867, '10', 60, 'Access Granted', 'storage/doorlock/doorlock_access_1867_05-07-2022.jpg', 'Inventory tools', 2, 'Tazaka Room : 10', 'Tazaka Room : 10', '2022-07-05 09:37:56', '2022-07-05 09:38:13'),
(1868, '6', 80, 'Access Granted', 'storage/doorlock/doorlock_access_1868_05-07-2022.jpg', '-', 2, 'Tazaka Room : 6', 'Tazaka Room : 6', '2022-07-05 10:03:21', '2022-07-05 10:03:27'),
(1869, '10', 79, 'Access Granted', 'storage/doorlock/doorlock_access_1869_05-07-2022.jpg', 'Inventory tools', 0, 'Tazaka Room : 10', 'Tazaka Room : 10', '2022-07-05 10:25:35', '2022-07-05 10:25:42'),
(1870, '6', 31, 'Access Granted', 'storage/doorlock/doorlock_access_1870_05-07-2022.jpg', '-', 1, 'Tazaka Room : 6', 'Tazaka Room : 6', '2022-07-05 11:19:28', '2022-07-05 11:19:34'),
(1871, '10', 60, 'Access Granted', 'storage/doorlock/doorlock_access_1871_05-07-2022.jpg', 'Inventory tools', 0, 'Tazaka Room : 10', 'Tazaka Room : 10', '2022-07-05 13:02:37', '2022-07-05 13:02:47'),
(1872, '6', 37, 'Access Granted', 'storage/doorlock/doorlock_access_1872_05-07-2022.jpg', '-', 0, 'Tazaka Room : 6', 'Tazaka Room : 6', '2022-07-05 13:20:10', '2022-07-05 13:20:11'),
(1873, '10', 79, 'Access Granted', 'storage/doorlock/doorlock_access_1873_05-07-2022.jpg', 'Inventory tools', 0, 'Tazaka Room : 10', 'Tazaka Room : 10', '2022-07-05 14:19:38', '2022-07-05 14:19:54'),
(1874, '10', 65, 'Access Granted', 'storage/doorlock/doorlock_access_1874_05-07-2022.jpg', 'Inventory tools', 0, 'Tazaka Room : 10', 'Tazaka Room : 10', '2022-07-05 15:21:51', '2022-07-05 15:21:59'),
(1875, '10', 33, 'Access Granted', 'storage/doorlock/doorlock_access_1875_05-07-2022.jpg', 'Mengambil Bor', 0, 'Tazaka Room : 10', 'Tazaka Room : 10', '2022-07-05 17:53:23', '2022-07-05 17:53:32'),
(1876, '4', 102, 'Access Granted', 'storage/doorlock/doorlock_access_1876_05-07-2022.jpg', 'Mengambil barang gudang 3', 0, 'Tazaka Room : 4', 'Tazaka Room : 4', '2022-07-05 19:35:58', '2022-07-05 19:36:19'),
(1877, '10', 73, 'Access Granted', 'storage/doorlock/doorlock_access_1877_05-07-2022.jpg', 'Inventory tools', 0, 'Tazaka Room : 10', 'Tazaka Room : 10', '2022-07-05 19:51:50', '2022-07-05 19:52:00'),
(1878, '10', 39, 'Access Granted', 'storage/doorlock/doorlock_access_1878_05-07-2022.jpg', 'Inventory tools', 0, 'Tazaka Room : 10', 'Tazaka Room : 10', '2022-07-05 19:56:51', '2022-07-05 19:57:03'),
(1879, '4', 102, 'Access Granted', 'storage/doorlock/doorlock_access_1879_05-07-2022.jpg', 'Mengambil barang gudang 3', 0, 'Tazaka Room : 4', 'Tazaka Room : 4', '2022-07-05 20:51:26', '2022-07-05 20:51:50'),
(1880, '10', 97, 'Access Granted', 'storage/doorlock/doorlock_access_1880_05-07-2022.jpg', 'Inventory tools', 0, 'Tazaka Room : 10', 'Tazaka Room : 10', '2022-07-05 21:08:42', '2022-07-05 21:08:53'),
(1881, '4', 102, 'Access Granted', 'storage/doorlock/doorlock_access_1881_05-07-2022.jpg', 'Mengambil barang gudang 3', 0, 'Tazaka Room : 4', 'Tazaka Room : 4', '2022-07-05 21:43:42', '2022-07-05 21:43:51'),
(1883, '4', 99, 'Access Granted', 'storage/doorlock/doorlock_access_1883_06-07-2022.jpg', 'Mengambil barang gudang 3', 0, 'Tazaka Room : 4', 'Tazaka Room : 4', '2022-07-06 01:05:36', '2022-07-06 01:06:04'),
(1884, '10', 73, 'Access Granted', 'storage/doorlock/doorlock_access_1884_06-07-2022.jpg', 'Inventory tools', 0, 'Tazaka Room : 10', 'Tazaka Room : 10', '2022-07-06 01:08:49', '2022-07-06 01:08:57'),
(1885, '10', 73, 'Access Granted', 'storage/doorlock/doorlock_access_1885_06-07-2022.jpg', 'Inventory tools', 0, 'Tazaka Room : 10', 'Tazaka Room : 10', '2022-07-06 01:45:04', '2022-07-06 01:45:14'),
(1886, '4', 99, 'Access Granted', 'storage/doorlock/doorlock_access_1886_06-07-2022.jpg', 'Mengambil barang gudang 3', 0, 'Tazaka Room : 4', 'Tazaka Room : 4', '2022-07-06 02:28:31', '2022-07-06 02:28:39'),
(1887, '10', 73, 'Access Granted', 'storage/doorlock/doorlock_access_1887_06-07-2022.jpg', 'Inventory tools', 3, 'Tazaka Room : 10', 'Tazaka Room : 10', '2022-07-06 02:53:38', '2022-07-06 02:53:50'),
(1888, '4', 96, 'Access Granted', 'storage/doorlock/doorlock_access_1888_06-07-2022.jpg', '-', 0, 'Tazaka Room : 4', 'Tazaka Room : 4', '2022-07-06 03:13:19', '2022-07-06 03:13:21'),
(1889, '4', 96, 'Access Granted', 'storage/doorlock/doorlock_access_1889_06-07-2022.jpg', 'Mengambil barang gudang 3', 0, 'Tazaka Room : 4', 'Tazaka Room : 4', '2022-07-06 03:13:25', '2022-07-06 03:13:32'),
(1890, '10', 97, 'Access Granted', 'storage/doorlock/doorlock_access_1890_06-07-2022.jpg', 'Inventory tools', 0, 'Tazaka Room : 10', 'Tazaka Room : 10', '2022-07-06 05:42:10', '2022-07-06 05:42:28'),
(1891, '4', 96, 'Access Granted', 'storage/doorlock/doorlock_access_1891_06-07-2022.jpg', 'Mengambil barang gudang 3', 0, 'Tazaka Room : 4', 'Tazaka Room : 4', '2022-07-06 06:14:29', '2022-07-06 06:14:43'),
(1892, '4', 99, 'Access Granted', 'storage/doorlock/doorlock_access_1892_06-07-2022.jpg', '-', 0, 'Tazaka Room : 4', 'Tazaka Room : 4', '2022-07-06 06:46:34', '2022-07-06 06:46:35'),
(1893, '4', 54, 'Access Granted', 'storage/doorlock/doorlock_access_1893_06-07-2022.jpg', 'Stock opname', 0, 'Tazaka Room : 4', 'Tazaka Room : 4', '2022-07-06 06:56:19', '2022-07-06 06:56:30'),
(1894, '6', 80, 'Access Granted', 'storage/doorlock/doorlock_access_1894_06-07-2022.jpg', '-', 0, 'Tazaka Room : 6', 'Tazaka Room : 6', '2022-07-06 07:10:16', '2022-07-06 07:10:18'),
(1895, '10', 65, 'Access Granted', 'storage/doorlock/doorlock_access_1895_06-07-2022.jpg', 'Inventory tools', 0, 'Tazaka Room : 10', 'Tazaka Room : 10', '2022-07-06 07:11:00', '2022-07-06 07:11:08'),
(1896, '10', 79, 'Access Granted', 'storage/doorlock/doorlock_access_1896_06-07-2022.jpg', 'Inventory tools', 0, 'Tazaka Room : 10', 'Tazaka Room : 10', '2022-07-06 07:18:33', '2022-07-06 07:18:44'),
(1897, '10', 79, 'Access Granted', 'storage/doorlock/doorlock_access_1897_06-07-2022.jpg', 'Mengambil Bor', 0, 'Tazaka Room : 10', 'Tazaka Room : 10', '2022-07-06 07:20:04', '2022-07-06 07:20:19'),
(1898, '10', 65, 'Access Granted', 'storage/doorlock/doorlock_access_1898_06-07-2022.jpg', 'Inventory tools', 0, 'Tazaka Room : 10', 'Tazaka Room : 10', '2022-07-06 07:35:11', '2022-07-06 07:35:22'),
(1899, '10', 65, 'Access Granted', 'storage/doorlock/doorlock_access_1899_06-07-2022.jpg', 'Inventory tools', 0, 'Tazaka Room : 10', 'Tazaka Room : 10', '2022-07-06 07:37:57', '2022-07-06 07:38:06'),
(1900, '6', 54, 'Access Granted', 'storage/doorlock/doorlock_access_1900_06-07-2022.jpg', '-', 1, 'Tazaka Room : 6', 'Tazaka Room : 6', '2022-07-06 08:03:46', '2022-07-06 08:03:52'),
(1901, '10', 65, 'Access Granted', 'storage/doorlock/doorlock_access_1901_06-07-2022.jpg', 'Inventory tools', 0, 'Tazaka Room : 10', 'Tazaka Room : 10', '2022-07-06 08:05:24', '2022-07-06 08:05:32'),
(1902, '10', 10, 'Access Granted', 'storage/doorlock/doorlock_access_1902_06-07-2022.jpg', 'Mengambil Bor', 0, 'Tazaka Room : 10', 'Tazaka Room : 10', '2022-07-06 08:18:31', '2022-07-06 08:18:41'),
(1903, '10', 10, 'Access Granted', 'storage/doorlock/doorlock_access_1903_06-07-2022.jpg', 'Inventory tools', 0, 'Tazaka Room : 10', 'Tazaka Room : 10', '2022-07-06 08:39:58', '2022-07-06 08:40:09'),
(1904, '6', 80, 'Access Granted', 'storage/doorlock/doorlock_access_1904_06-07-2022.jpg', '-', 0, 'Tazaka Room : 6', 'Tazaka Room : 6', '2022-07-06 08:56:46', '2022-07-06 08:56:48'),
(1905, '10', 10, 'Access Granted', 'storage/doorlock/doorlock_access_1905_06-07-2022.jpg', 'Mengambil Bor', 0, 'Tazaka Room : 10', 'Tazaka Room : 10', '2022-07-06 11:27:26', '2022-07-06 11:27:36'),
(1906, '10', 33, 'Access Granted', 'storage/doorlock/doorlock_access_1906_06-07-2022.jpg', 'Mengambil Bor', 0, 'Tazaka Room : 10', 'Tazaka Room : 10', '2022-07-06 11:33:16', '2022-07-06 11:33:25'),
(1907, '11', 33, 'Access Granted', NULL, '-', 1, 'Tazaka Room : 11', 'Tazaka Room : 11', '2022-07-06 11:34:28', '2022-07-06 11:34:33'),
(1908, '10', 54, 'Access Granted', 'storage/doorlock/doorlock_access_1908_06-07-2022.jpg', 'Inventory tools', 0, 'Tazaka Room : 10', 'Tazaka Room : 10', '2022-07-06 11:56:43', '2022-07-06 11:56:51'),
(1909, '10', 65, 'Access Granted', 'storage/doorlock/doorlock_access_1909_06-07-2022.jpg', 'Inventory tools', 0, 'Tazaka Room : 10', 'Tazaka Room : 10', '2022-07-06 12:16:02', '2022-07-06 12:16:14'),
(1910, '10', 65, 'Access Granted', 'storage/doorlock/doorlock_access_1910_06-07-2022.jpg', 'Inventory tools', 0, 'Tazaka Room : 10', 'Tazaka Room : 10', '2022-07-06 12:21:59', '2022-07-06 12:22:10'),
(1911, '10', 10, 'Access Granted', 'storage/doorlock/doorlock_access_1911_06-07-2022.jpg', 'Inventory tools', 0, 'Tazaka Room : 10', 'Tazaka Room : 10', '2022-07-06 13:33:34', '2022-07-06 13:33:44'),
(1912, '10', 88, 'Access Granted', 'storage/doorlock/doorlock_access_1912_06-07-2022.jpg', 'Mengambil Bor', 0, 'Tazaka Room : 10', 'Tazaka Room : 10', '2022-07-06 14:39:42', '2022-07-06 14:39:57'),
(1913, '10', 10, 'Access Granted', 'storage/doorlock/doorlock_access_1913_06-07-2022.jpg', 'Mengambil Bor', 0, 'Tazaka Room : 10', 'Tazaka Room : 10', '2022-07-06 14:47:16', '2022-07-06 14:47:25'),
(1914, '10', 54, 'Access Granted', 'storage/doorlock/doorlock_access_1914_06-07-2022.jpg', 'Inventory tools', 0, 'Tazaka Room : 10', 'Tazaka Room : 10', '2022-07-06 14:57:18', '2022-07-06 14:57:36'),
(1915, '10', 10, 'Access Granted', 'storage/doorlock/doorlock_access_1915_06-07-2022.jpg', '-', 0, 'Tazaka Room : 10', 'Tazaka Room : 10', '2022-07-06 15:05:43', '2022-07-06 15:05:45'),
(1916, '10', 10, 'Access Granted', 'storage/doorlock/doorlock_access_1916_06-07-2022.jpg', 'Mengambil Bor', 0, 'Tazaka Room : 10', 'Tazaka Room : 10', '2022-07-06 15:05:56', '2022-07-06 15:06:04'),
(1917, '10', 32, 'Access Granted', 'storage/doorlock/doorlock_access_1917_06-07-2022.jpg', 'Inventory tools', 0, 'Tazaka Room : 10', 'Tazaka Room : 10', '2022-07-06 15:17:15', '2022-07-06 15:17:24'),
(1918, '10', 32, 'Access Granted', 'storage/doorlock/doorlock_access_1918_06-07-2022.jpg', 'Inventory tools', 1, 'Tazaka Room : 10', 'Tazaka Room : 10', '2022-07-06 15:19:00', '2022-07-06 15:19:20'),
(1919, '10', 32, 'Access Granted', 'storage/doorlock/doorlock_access_1919_06-07-2022.jpg', 'Inventory tools', 0, 'Tazaka Room : 10', 'Tazaka Room : 10', '2022-07-06 15:40:56', '2022-07-06 15:41:03'),
(1920, '10', 10, 'Access Granted', 'storage/doorlock/doorlock_access_1920_06-07-2022.jpg', 'Mengambil Bor', 0, 'Tazaka Room : 10', 'Tazaka Room : 10', '2022-07-06 17:30:02', '2022-07-06 17:30:13'),
(1921, '10', 73, 'Access Granted', 'storage/doorlock/doorlock_access_1921_06-07-2022.jpg', '-', 0, 'Tazaka Room : 10', 'Tazaka Room : 10', '2022-07-06 19:08:45', '2022-07-06 19:08:46'),
(1922, '10', 73, 'Access Granted', 'storage/doorlock/doorlock_access_1922_06-07-2022.jpg', 'Inventory tools', 0, 'Tazaka Room : 10', 'Tazaka Room : 10', '2022-07-06 19:09:14', '2022-07-06 19:09:26'),
(1923, '10', 29, 'Access Granted', 'storage/doorlock/doorlock_access_1923_06-07-2022.jpg', 'Inventory tools', 0, 'Tazaka Room : 10', 'Tazaka Room : 10', '2022-07-06 19:56:41', '2022-07-06 19:56:49'),
(1924, '6', 56, 'Access Granted', 'storage/doorlock/doorlock_access_1924_07-07-2022.jpg', '-', 0, 'Tazaka Room : 6', 'Tazaka Room : 6', '2022-07-07 06:59:49', '2022-07-07 06:59:51'),
(1925, '10', 79, 'Access Granted', 'storage/doorlock/doorlock_access_1925_07-07-2022.jpg', 'Mengambil Bor', 1, 'Tazaka Room : 10', 'Tazaka Room : 10', '2022-07-07 07:11:46', '2022-07-07 07:12:05'),
(1926, '10', 10, 'Access Granted', 'storage/doorlock/doorlock_access_1926_07-07-2022.jpg', 'Mengambil Bor', 0, 'Tazaka Room : 10', 'Tazaka Room : 10', '2022-07-07 08:13:37', '2022-07-07 08:13:45'),
(1927, '6', 80, 'Access Granted', 'storage/doorlock/doorlock_access_1927_07-07-2022.jpg', '-', 0, 'Tazaka Room : 6', 'Tazaka Room : 6', '2022-07-07 08:47:38', '2022-07-07 08:47:40'),
(1928, '10', 10, 'Access Granted', 'storage/doorlock/doorlock_access_1928_07-07-2022.jpg', 'Mengambil Bor', 1, 'Tazaka Room : 10', 'Tazaka Room : 10', '2022-07-07 09:04:51', '2022-07-07 09:05:09'),
(1929, '10', 10, 'Access Granted', 'storage/doorlock/doorlock_access_1929_07-07-2022.jpg', 'Mengambil Bor', 0, 'Tazaka Room : 10', 'Tazaka Room : 10', '2022-07-07 09:42:41', '2022-07-07 09:42:49'),
(1930, '6', 31, 'Access Granted', 'storage/doorlock/doorlock_access_1930_07-07-2022.jpg', '-', 1, 'Tazaka Room : 6', 'Tazaka Room : 6', '2022-07-07 10:26:00', '2022-07-07 10:26:06'),
(1931, '10', 44, 'Access Granted', 'storage/doorlock/doorlock_access_1931_07-07-2022.jpg', 'Mengambil Bor', 0, 'Tazaka Room : 10', 'Tazaka Room : 10', '2022-07-07 12:20:20', '2022-07-07 12:20:30'),
(1932, '10', 44, 'Access Granted', 'storage/doorlock/doorlock_access_1932_07-07-2022.jpg', 'Inventory tools', 1, 'Tazaka Room : 10', 'Tazaka Room : 10', '2022-07-07 13:11:39', '2022-07-07 13:11:56'),
(1933, '10', 44, 'Access Granted', 'storage/doorlock/doorlock_access_1933_07-07-2022.jpg', 'Inventory tools', 1, 'Tazaka Room : 10', 'Tazaka Room : 10', '2022-07-07 13:22:53', '2022-07-07 13:23:10'),
(1934, '10', 44, 'Access Granted', 'storage/doorlock/doorlock_access_1934_07-07-2022.jpg', 'Inventory tools', 0, 'Tazaka Room : 10', 'Tazaka Room : 10', '2022-07-07 13:52:41', '2022-07-07 13:52:51'),
(1935, '10', 44, 'Access Granted', 'storage/doorlock/doorlock_access_1935_07-07-2022.jpg', 'Inventory tools', 0, 'Tazaka Room : 10', 'Tazaka Room : 10', '2022-07-07 13:57:55', '2022-07-07 13:58:07'),
(1936, '10', 44, 'Access Granted', 'storage/doorlock/doorlock_access_1936_07-07-2022.jpg', 'Inventory tools', 0, 'Tazaka Room : 10', 'Tazaka Room : 10', '2022-07-07 14:02:02', '2022-07-07 14:02:13'),
(1937, '10', 54, 'Access Granted', 'storage/doorlock/doorlock_access_1937_07-07-2022.jpg', 'Inventory tools', 0, 'Tazaka Room : 10', 'Tazaka Room : 10', '2022-07-07 14:13:03', '2022-07-07 14:13:22'),
(1938, '10', 32, 'Access Granted', 'storage/doorlock/doorlock_access_1938_07-07-2022.jpg', 'Inventory tools', 0, 'Tazaka Room : 10', 'Tazaka Room : 10', '2022-07-07 14:16:48', '2022-07-07 14:16:55'),
(1939, '10', 42, 'Access Granted', 'storage/doorlock/doorlock_access_1939_07-07-2022.jpg', 'Inventory tools', 0, 'Tazaka Room : 10', 'Tazaka Room : 10', '2022-07-07 14:31:10', '2022-07-07 14:31:24'),
(1940, '10', 42, 'Access Granted', 'storage/doorlock/doorlock_access_1940_07-07-2022.jpg', 'Inventory tools', 0, 'Tazaka Room : 10', 'Tazaka Room : 10', '2022-07-07 14:40:22', '2022-07-07 14:40:46'),
(1941, '6', 31, 'Access Granted', 'storage/doorlock/doorlock_access_1941_07-07-2022.jpg', '-', 0, 'Tazaka Room : 6', 'Tazaka Room : 6', '2022-07-07 15:24:04', '2022-07-07 15:24:06'),
(1942, '10', 43, 'Access Granted', 'storage/doorlock/doorlock_access_1942_07-07-2022.jpg', '-', 0, 'Tazaka Room : 10', 'Tazaka Room : 10', '2022-07-07 17:36:39', '2022-07-07 17:36:41'),
(1943, '10', 43, 'Access Granted', 'storage/doorlock/doorlock_access_1943_07-07-2022.jpg', 'Mengambil Bor', 0, 'Tazaka Room : 10', 'Tazaka Room : 10', '2022-07-07 17:36:44', '2022-07-07 17:36:54'),
(1944, '4', 96, 'Access Granted', 'storage/doorlock/doorlock_access_1944_07-07-2022.jpg', 'Mengambil barang gudang 3', 0, 'Tazaka Room : 4', 'Tazaka Room : 4', '2022-07-07 19:04:17', '2022-07-07 19:04:28'),
(1945, '10', 73, 'Access Granted', 'storage/doorlock/doorlock_access_1945_07-07-2022.jpg', 'Inventory tools', 0, 'Tazaka Room : 10', 'Tazaka Room : 10', '2022-07-07 19:14:53', '2022-07-07 19:15:03'),
(1946, '10', 29, 'Access Granted', 'storage/doorlock/doorlock_access_1946_07-07-2022.jpg', 'Inventory tools', 0, 'Tazaka Room : 10', 'Tazaka Room : 10', '2022-07-07 19:35:28', '2022-07-07 19:35:39'),
(1947, '10', 29, 'Access Granted', 'storage/doorlock/doorlock_access_1947_07-07-2022.jpg', 'Inventory tools', 0, 'Tazaka Room : 10', 'Tazaka Room : 10', '2022-07-07 19:57:34', '2022-07-07 19:57:47'),
(1948, '10', 29, 'Access Granted', 'storage/doorlock/doorlock_access_1948_07-07-2022.jpg', 'Inventory tools', 1, 'Tazaka Room : 10', 'Tazaka Room : 10', '2022-07-07 20:46:53', '2022-07-07 20:47:20'),
(1949, '10', 73, 'Access Granted', 'storage/doorlock/doorlock_access_1949_07-07-2022.jpg', 'Inventory tools', 0, 'Tazaka Room : 10', 'Tazaka Room : 10', '2022-07-07 22:53:28', '2022-07-07 22:53:35'),
(1950, '10', 29, 'Access Granted', 'storage/doorlock/doorlock_access_1950_08-07-2022.jpg', 'Inventory tools', 0, 'Tazaka Room : 10', 'Tazaka Room : 10', '2022-07-08 03:11:06', '2022-07-08 03:11:18'),
(1951, '10', 65, 'Access Granted', 'storage/doorlock/doorlock_access_1951_08-07-2022.jpg', 'Inventory tools', 0, 'Tazaka Room : 10', 'Tazaka Room : 10', '2022-07-08 07:15:49', '2022-07-08 07:16:00'),
(1952, '10', 33, 'Access Granted', 'storage/doorlock/doorlock_access_1952_08-07-2022.jpg', 'Mengambil Bor', 1, 'Tazaka Room : 10', 'Tazaka Room : 10', '2022-07-08 07:17:31', '2022-07-08 07:17:46'),
(1953, '10', 65, 'Access Granted', 'storage/doorlock/doorlock_access_1953_08-07-2022.jpg', 'Inventory tools', 0, 'Tazaka Room : 10', 'Tazaka Room : 10', '2022-07-08 07:18:55', '2022-07-08 07:19:09'),
(1954, '10', 32, 'Access Granted', 'storage/doorlock/doorlock_access_1954_08-07-2022.jpg', 'Inventory tools', 0, 'Tazaka Room : 10', 'Tazaka Room : 10', '2022-07-08 07:47:33', '2022-07-08 07:47:41'),
(1955, '6', 80, 'Access Granted', 'storage/doorlock/doorlock_access_1955_08-07-2022.jpg', '-', 0, 'Tazaka Room : 6', 'Tazaka Room : 6', '2022-07-08 09:02:33', '2022-07-08 09:02:35'),
(1956, '10', 10, 'Access Granted', 'storage/doorlock/doorlock_access_1956_08-07-2022.jpg', 'Inventory tools', 0, 'Tazaka Room : 10', 'Tazaka Room : 10', '2022-07-08 09:26:20', '2022-07-08 09:26:38'),
(1957, '6', 78, 'Access Granted', 'storage/doorlock/doorlock_access_1957_08-07-2022.jpg', '-', 0, 'Tazaka Room : 6', 'Tazaka Room : 6', '2022-07-08 10:10:13', '2022-07-08 10:10:14'),
(1958, '6', 78, 'Access Granted', 'storage/doorlock/doorlock_access_1958_08-07-2022.jpg', '-', 2, 'Tazaka Room : 6', 'Tazaka Room : 6', '2022-07-08 10:10:32', '2022-07-08 10:10:38'),
(1959, '4', 56, 'Access Granted', 'storage/doorlock/doorlock_access_1959_08-07-2022.jpg', 'Mengambil barang gudang 3', 0, 'Tazaka Room : 4', 'Tazaka Room : 4', '2022-07-08 12:22:37', '2022-07-08 12:22:49'),
(1960, '4', 54, 'Access Granted', 'storage/doorlock/doorlock_access_1960_08-07-2022.jpg', 'Mengambil barang gudang 3', 0, 'Tazaka Room : 4', 'Tazaka Room : 4', '2022-07-08 12:47:43', '2022-07-08 12:47:57'),
(1961, '10', 54, 'Access Granted', 'storage/doorlock/doorlock_access_1961_08-07-2022.jpg', 'Mengambil Bor', 0, 'Tazaka Room : 10', 'Tazaka Room : 10', '2022-07-08 18:32:30', '2022-07-08 18:32:40'),
(1962, '10', 73, 'Access Granted', 'storage/doorlock/doorlock_access_1962_08-07-2022.jpg', 'Inventory tools', 0, 'Tazaka Room : 10', 'Tazaka Room : 10', '2022-07-08 20:04:44', '2022-07-08 20:05:48'),
(1963, '4', 99, 'Access Granted', 'storage/doorlock/doorlock_access_1963_08-07-2022.jpg', 'Mengambil barang gudang 3', 0, 'Tazaka Room : 4', 'Tazaka Room : 4', '2022-07-08 20:11:32', '2022-07-08 20:11:40'),
(1964, '4', 102, 'Access Granted', 'storage/doorlock/doorlock_access_1964_08-07-2022.jpg', '-', 0, 'Tazaka Room : 4', 'Tazaka Room : 4', '2022-07-08 21:04:32', '2022-07-08 21:04:33'),
(1965, '4', 102, 'Access Granted', 'storage/doorlock/doorlock_access_1965_08-07-2022.jpg', 'Mengambil barang gudang 3', 0, 'Tazaka Room : 4', 'Tazaka Room : 4', '2022-07-08 21:04:36', '2022-07-08 21:04:43'),
(1966, '10', 39, 'Access Granted', 'storage/doorlock/doorlock_access_1966_08-07-2022.jpg', 'Inventory tools', 0, 'Tazaka Room : 10', 'Tazaka Room : 10', '2022-07-08 23:20:37', '2022-07-08 23:20:46'),
(1967, '10', 39, 'Access Granted', 'storage/doorlock/doorlock_access_1967_09-07-2022.jpg', 'Inventory tools', 0, 'Tazaka Room : 10', 'Tazaka Room : 10', '2022-07-09 01:02:01', '2022-07-09 01:02:09'),
(1968, '10', 39, 'Access Granted', 'storage/doorlock/doorlock_access_1968_09-07-2022.jpg', 'Inventory tools', 0, 'Tazaka Room : 10', 'Tazaka Room : 10', '2022-07-09 04:25:51', '2022-07-09 04:26:00'),
(1969, '4', 54, 'Access Granted', 'storage/doorlock/doorlock_access_1969_11-07-2022.jpg', 'Stock opname', 0, 'Tazaka Room : 4', 'Tazaka Room : 4', '2022-07-11 06:58:52', '2022-07-11 06:59:11'),
(1970, '10', 35, 'Access Granted', 'storage/doorlock/doorlock_access_1970_11-07-2022.jpg', 'Inventory tools', 0, 'Tazaka Room : 10', 'Tazaka Room : 10', '2022-07-11 07:22:43', '2022-07-11 07:23:01'),
(1971, '6', 102, 'Access Granted', 'storage/doorlock/doorlock_access_1971_11-07-2022.jpg', '-', 1, 'Tazaka Room : 6', 'Tazaka Room : 6', '2022-07-11 08:02:18', '2022-07-11 08:02:23'),
(1972, '6', 81, 'Access Granted', 'storage/doorlock/doorlock_access_1972_11-07-2022.jpg', '-', 0, 'Tazaka Room : 6', 'Tazaka Room : 6', '2022-07-11 08:24:08', '2022-07-11 08:24:09'),
(1973, '4', 31, 'Access Granted', 'storage/doorlock/doorlock_access_1973_11-07-2022.jpg', 'Stock opname', 0, 'Tazaka Room : 4', 'Tazaka Room : 4', '2022-07-11 13:04:20', '2022-07-11 13:04:41'),
(1974, '10', 30, 'Access Granted', 'storage/doorlock/doorlock_access_1974_11-07-2022.jpg', 'Inventory tools', 1, 'Tazaka Room : 10', 'Tazaka Room : 10', '2022-07-11 14:43:29', '2022-07-11 14:43:43'),
(1975, '10', 30, 'Access Granted', 'storage/doorlock/doorlock_access_1975_11-07-2022.jpg', 'Inventory tools', 0, 'Tazaka Room : 10', 'Tazaka Room : 10', '2022-07-11 16:58:38', '2022-07-11 16:58:48'),
(1976, '10', 45, 'Access Granted', 'storage/doorlock/doorlock_access_1976_11-07-2022.jpg', 'Inventory tools', 0, 'Tazaka Room : 10', 'Tazaka Room : 10', '2022-07-11 19:12:43', '2022-07-11 19:12:54'),
(1977, '10', 65, 'Access Granted', 'storage/doorlock/doorlock_access_1977_11-07-2022.jpg', 'Inventory tools', 0, 'Tazaka Room : 10', 'Tazaka Room : 10', '2022-07-11 19:19:42', '2022-07-11 19:19:59'),
(1978, '10', 44, 'Access Granted', 'storage/doorlock/doorlock_access_1978_11-07-2022.jpg', 'Inventory tools', 0, 'Tazaka Room : 10', 'Tazaka Room : 10', '2022-07-11 19:27:32', '2022-07-11 19:28:06'),
(1979, '10', 60, 'Access Granted', 'storage/doorlock/doorlock_access_1979_11-07-2022.jpg', '-', 0, 'Tazaka Room : 10', 'Tazaka Room : 10', '2022-07-11 19:31:26', '2022-07-11 19:31:27'),
(1980, '10', 60, 'Access Granted', 'storage/doorlock/doorlock_access_1980_11-07-2022.jpg', 'Mengambil Bor', 0, 'Tazaka Room : 10', 'Tazaka Room : 10', '2022-07-11 19:31:31', '2022-07-11 19:31:42'),
(1981, '10', 42, 'Access Granted', 'storage/doorlock/doorlock_access_1981_11-07-2022.jpg', 'Inventory tools', 0, 'Tazaka Room : 10', 'Tazaka Room : 10', '2022-07-11 19:41:43', '2022-07-11 19:41:51'),
(1982, '6', 36, 'Access Granted', 'storage/doorlock/doorlock_access_1982_12-07-2022.jpg', '-', 1, 'Tazaka Room : 6', 'Tazaka Room : 6', '2022-07-12 00:08:20', '2022-07-12 00:08:26'),
(1983, '4', 54, 'Access Granted', 'storage/doorlock/doorlock_access_1983_12-07-2022.jpg', 'Stock opname', 0, 'Tazaka Room : 4', 'Tazaka Room : 4', '2022-07-12 07:21:39', '2022-07-12 07:21:49'),
(1984, '6', 81, 'Access Granted', 'storage/doorlock/doorlock_access_1984_12-07-2022.jpg', '-', 0, 'Tazaka Room : 6', 'Tazaka Room : 6', '2022-07-12 08:16:52', '2022-07-12 08:16:53'),
(1985, '10', 29, 'Access Granted', 'storage/doorlock/doorlock_access_1985_12-07-2022.jpg', 'Inventory tools', 0, 'Tazaka Room : 10', 'Tazaka Room : 10', '2022-07-12 08:18:42', '2022-07-12 08:18:55'),
(1986, '10', 33, 'Access Granted', 'storage/doorlock/doorlock_access_1986_12-07-2022.jpg', 'Inventory tools', 0, 'Tazaka Room : 10', 'Tazaka Room : 10', '2022-07-12 08:54:01', '2022-07-12 08:54:10'),
(1987, '10', 33, 'Access Granted', 'storage/doorlock/doorlock_access_1987_12-07-2022.jpg', 'Mengambil Bor', 0, 'Tazaka Room : 10', 'Tazaka Room : 10', '2022-07-12 10:25:06', '2022-07-12 10:25:13'),
(1988, '6', 81, 'Access Granted', 'storage/doorlock/doorlock_access_1988_12-07-2022.jpg', '-', 0, 'Tazaka Room : 6', 'Tazaka Room : 6', '2022-07-12 10:33:01', '2022-07-12 10:33:03'),
(1989, '10', 39, 'Access Granted', 'storage/doorlock/doorlock_access_1989_12-07-2022.jpg', 'Inventory tools', 0, 'Tazaka Room : 10', 'Tazaka Room : 10', '2022-07-12 11:33:17', '2022-07-12 11:33:27'),
(1990, '10', 39, 'Access Granted', 'storage/doorlock/doorlock_access_1990_12-07-2022.jpg', 'Inventory tools', 1, 'Tazaka Room : 10', 'Tazaka Room : 10', '2022-07-12 11:44:49', '2022-07-12 11:45:04'),
(1991, '4', 46, 'Access Granted', 'storage/doorlock/doorlock_access_1991_12-07-2022.jpg', 'Mengambil barang gudang 3', 0, 'Tazaka Room : 4', 'Tazaka Room : 4', '2022-07-12 12:02:18', '2022-07-12 12:02:30'),
(1992, '4', 81, 'Access Granted', 'storage/doorlock/doorlock_access_1992_12-07-2022.jpg', 'Mengambil barang gudang 3', 0, 'Tazaka Room : 4', 'Tazaka Room : 4', '2022-07-12 12:22:03', '2022-07-12 12:22:32'),
(1994, '5', 81, 'Access Granted', NULL, '-', 0, 'Tazaka Room : 5', 'Tazaka Room : 5', '2022-07-12 12:45:15', '2022-07-12 12:45:15'),
(1995, '5', 81, 'Access Granted', NULL, '-', 0, 'Tazaka Room : 5', 'Tazaka Room : 5', '2022-07-12 12:51:10', '2022-07-12 12:51:10'),
(1996, '4', 81, 'Access Granted', 'storage/doorlock/doorlock_access_1996_12-07-2022.jpg', 'Mengambil barang gudang 3', 0, 'Tazaka Room : 4', 'Tazaka Room : 4', '2022-07-12 13:04:51', '2022-07-12 13:05:03'),
(1997, '10', 33, 'Access Granted', 'storage/doorlock/doorlock_access_1997_12-07-2022.jpg', 'Mengambil Bor', 0, 'Tazaka Room : 10', 'Tazaka Room : 10', '2022-07-12 13:27:36', '2022-07-12 13:27:44'),
(1998, '11', 33, 'Access Granted', NULL, '-', 1, 'Tazaka Room : 11', 'Tazaka Room : 11', '2022-07-12 13:29:48', '2022-07-12 13:29:53'),
(1999, '10', 29, 'Access Granted', 'storage/doorlock/doorlock_access_1999_12-07-2022.jpg', 'Inventory tools', 0, 'Tazaka Room : 10', 'Tazaka Room : 10', '2022-07-12 13:33:09', '2022-07-12 13:33:21'),
(2000, '10', 29, 'Access Granted', 'storage/doorlock/doorlock_access_2000_12-07-2022.jpg', 'Inventory tools', 0, 'Tazaka Room : 10', 'Tazaka Room : 10', '2022-07-12 14:24:41', '2022-07-12 14:24:53'),
(2001, '10', 30, 'Access Granted', 'storage/doorlock/doorlock_access_2001_12-07-2022.jpg', 'Inventory tools', 0, 'Tazaka Room : 10', 'Tazaka Room : 10', '2022-07-12 15:43:20', '2022-07-12 15:43:27'),
(2002, '10', 97, 'Access Granted', 'storage/doorlock/doorlock_access_2002_12-07-2022.jpg', 'Inventory tools', 0, 'Tazaka Room : 10', 'Tazaka Room : 10', '2022-07-12 16:46:32', '2022-07-12 16:46:42'),
(2003, '10', 97, 'Access Granted', 'storage/doorlock/doorlock_access_2003_12-07-2022.jpg', 'Inventory tools', 1, 'Tazaka Room : 10', 'Tazaka Room : 10', '2022-07-12 17:08:04', '2022-07-12 17:08:32'),
(2004, '10', 44, 'Access Granted', 'storage/doorlock/doorlock_access_2004_12-07-2022.jpg', 'Inventory tools', 0, 'Tazaka Room : 10', 'Tazaka Room : 10', '2022-07-12 19:16:54', '2022-07-12 19:17:04'),
(2005, '4', 56, 'Access Granted', 'storage/doorlock/doorlock_access_2005_12-07-2022.jpg', 'Mengambil barang gudang 3', 0, 'Tazaka Room : 4', 'Tazaka Room : 4', '2022-07-12 19:38:15', '2022-07-12 19:38:47'),
(2006, '4', 56, 'Access Granted', 'storage/doorlock/doorlock_access_2006_13-07-2022.jpg', 'Stock opname', 0, 'Tazaka Room : 4', 'Tazaka Room : 4', '2022-07-13 06:42:44', '2022-07-13 06:43:05'),
(2007, '4', 31, 'Access Granted', 'storage/doorlock/doorlock_access_2007_13-07-2022.jpg', 'Stock opname', 0, 'Tazaka Room : 4', 'Tazaka Room : 4', '2022-07-13 07:03:51', '2022-07-13 07:04:03'),
(2008, '6', 54, 'Access Granted', 'storage/doorlock/doorlock_access_2008_13-07-2022.jpg', '-', 0, 'Tazaka Room : 6', 'Tazaka Room : 6', '2022-07-13 07:20:25', '2022-07-13 07:20:26'),
(2009, '6', 54, 'Access Granted', 'storage/doorlock/doorlock_access_2009_13-07-2022.jpg', '-', 0, 'Tazaka Room : 6', 'Tazaka Room : 6', '2022-07-13 07:20:35', '2022-07-13 07:20:36'),
(2010, '10', 73, 'Access Granted', 'storage/doorlock/doorlock_access_2010_13-07-2022.jpg', 'Inventory tools', 0, 'Tazaka Room : 10', 'Tazaka Room : 10', '2022-07-13 07:42:05', '2022-07-13 07:42:14'),
(2011, '10', 35, 'Access Granted', 'storage/doorlock/doorlock_access_2011_13-07-2022.jpg', 'Inventory tools', 0, 'Tazaka Room : 10', 'Tazaka Room : 10', '2022-07-13 08:10:33', '2022-07-13 08:10:44'),
(2012, '6', 81, 'Access Granted', 'storage/doorlock/doorlock_access_2012_13-07-2022.jpg', '-', 0, 'Tazaka Room : 6', 'Tazaka Room : 6', '2022-07-13 08:36:17', '2022-07-13 08:36:18'),
(2013, '10', 35, 'Access Granted', 'storage/doorlock/doorlock_access_2013_13-07-2022.jpg', 'Inventory tools', 0, 'Tazaka Room : 10', 'Tazaka Room : 10', '2022-07-13 09:28:41', '2022-07-13 09:28:55'),
(2014, '6', 102, 'Access Granted', 'storage/doorlock/doorlock_access_2014_13-07-2022.jpg', '-', 0, 'Tazaka Room : 6', 'Tazaka Room : 6', '2022-07-13 09:29:43', '2022-07-13 09:29:45'),
(2015, '10', 30, 'Access Granted', 'storage/doorlock/doorlock_access_2015_13-07-2022.jpg', 'Inventory tools', 0, 'Tazaka Room : 10', 'Tazaka Room : 10', '2022-07-13 10:08:01', '2022-07-13 10:08:14'),
(2016, '10', 29, 'Access Granted', 'storage/doorlock/doorlock_access_2016_13-07-2022.jpg', 'Inventory tools', 0, 'Tazaka Room : 10', 'Tazaka Room : 10', '2022-07-13 10:44:25', '2022-07-13 10:44:40'),
(2017, '10', 35, 'Access Granted', 'storage/doorlock/doorlock_access_2017_13-07-2022.jpg', 'Mengambil Bor', 0, 'Tazaka Room : 10', 'Tazaka Room : 10', '2022-07-13 13:01:28', '2022-07-13 13:01:37'),
(2018, '10', 30, 'Access Granted', 'storage/doorlock/doorlock_access_2018_13-07-2022.jpg', 'Inventory tools', 0, 'Tazaka Room : 10', 'Tazaka Room : 10', '2022-07-13 14:13:22', '2022-07-13 14:13:32'),
(2019, '4', 81, 'Access Granted', 'storage/doorlock/doorlock_access_2019_13-07-2022.jpg', 'Mengambil barang gudang 3', 0, 'Tazaka Room : 4', 'Tazaka Room : 4', '2022-07-13 18:44:22', '2022-07-13 18:44:37'),
(2020, '4', 56, 'Access Granted', 'storage/doorlock/doorlock_access_2020_13-07-2022.jpg', 'Mengambil barang gudang 3', 0, 'Tazaka Room : 4', 'Tazaka Room : 4', '2022-07-13 19:05:19', '2022-07-13 19:05:35'),
(2021, '4', 56, 'Access Granted', 'storage/doorlock/doorlock_access_2021_13-07-2022.jpg', 'Mengambil barang gudang 3', 0, 'Tazaka Room : 4', 'Tazaka Room : 4', '2022-07-13 19:05:53', '2022-07-13 19:06:16'),
(2022, '4', 56, 'Access Granted', 'storage/doorlock/doorlock_access_2022_13-07-2022.jpg', 'Mengambil barang gudang 3', 1, 'Tazaka Room : 4', 'Tazaka Room : 4', '2022-07-13 20:44:01', '2022-07-13 20:46:40'),
(2023, '10', 44, 'Access Granted', 'storage/doorlock/doorlock_access_2023_14-07-2022.jpg', 'Inventory tools', 0, 'Tazaka Room : 10', 'Tazaka Room : 10', '2022-07-14 06:18:33', '2022-07-14 06:18:43'),
(2024, '4', 31, 'Access Granted', 'storage/doorlock/doorlock_access_2024_14-07-2022.jpg', 'Stock opname', 0, 'Tazaka Room : 4', 'Tazaka Room : 4', '2022-07-14 06:59:44', '2022-07-14 06:59:59'),
(2025, '10', 42, 'Access Granted', 'storage/doorlock/doorlock_access_2025_14-07-2022.jpg', 'Inventory tools', 0, 'Tazaka Room : 10', 'Tazaka Room : 10', '2022-07-14 07:00:46', '2022-07-14 07:00:55'),
(2026, '10', 29, 'Access Granted', 'storage/doorlock/doorlock_access_2026_14-07-2022.jpg', 'Inventory tools', 0, 'Tazaka Room : 10', 'Tazaka Room : 10', '2022-07-14 08:26:35', '2022-07-14 08:26:46'),
(2027, '6', 81, 'Access Granted', 'storage/doorlock/doorlock_access_2027_14-07-2022.jpg', '-', 1, 'Tazaka Room : 6', 'Tazaka Room : 6', '2022-07-14 08:34:00', '2022-07-14 08:34:06'),
(2028, '10', 35, 'Access Granted', 'storage/doorlock/doorlock_access_2028_14-07-2022.jpg', 'Inventory tools', 0, 'Tazaka Room : 10', 'Tazaka Room : 10', '2022-07-14 08:39:34', '2022-07-14 08:39:44'),
(2029, '10', 73, 'Access Granted', 'storage/doorlock/doorlock_access_2029_14-07-2022.jpg', 'Inventory tools', 0, 'Tazaka Room : 10', 'Tazaka Room : 10', '2022-07-14 08:47:12', '2022-07-14 08:47:21'),
(2030, '10', 73, 'Access Granted', 'storage/doorlock/doorlock_access_2030_14-07-2022.jpg', 'Inventory tools', 0, 'Tazaka Room : 10', 'Tazaka Room : 10', '2022-07-14 08:57:09', '2022-07-14 08:57:22'),
(2031, '4', 81, 'Access Granted', 'storage/doorlock/doorlock_access_2031_14-07-2022.jpg', 'Mengambil barang gudang 3', 0, 'Tazaka Room : 4', 'Tazaka Room : 4', '2022-07-14 12:09:26', '2022-07-14 12:09:38'),
(2032, '10', 73, 'Access Granted', 'storage/doorlock/doorlock_access_2032_14-07-2022.jpg', 'Inventory tools', 0, 'Tazaka Room : 10', 'Tazaka Room : 10', '2022-07-14 13:02:23', '2022-07-14 13:02:32'),
(2033, '4', 54, 'Access Granted', 'storage/doorlock/doorlock_access_2033_14-07-2022.jpg', 'Stock opname', 0, 'Tazaka Room : 4', 'Tazaka Room : 4', '2022-07-14 13:08:42', '2022-07-14 13:08:56'),
(2034, '10', 73, 'Access Granted', 'storage/doorlock/doorlock_access_2034_14-07-2022.jpg', 'Inventory tools', 0, 'Tazaka Room : 10', 'Tazaka Room : 10', '2022-07-14 14:57:35', '2022-07-14 14:57:46'),
(2035, '10', 29, 'Access Granted', 'storage/doorlock/doorlock_access_2035_14-07-2022.jpg', 'Inventory tools', 0, 'Tazaka Room : 10', 'Tazaka Room : 10', '2022-07-14 16:14:05', '2022-07-14 16:14:21'),
(2036, '10', 35, 'Access Granted', 'storage/doorlock/doorlock_access_2036_14-07-2022.jpg', 'Inventory tools', 0, 'Tazaka Room : 10', 'Tazaka Room : 10', '2022-07-14 16:45:09', '2022-07-14 16:45:20'),
(2037, '10', 35, 'Access Granted', 'storage/doorlock/doorlock_access_2037_14-07-2022.jpg', 'Inventory tools', 1, 'Tazaka Room : 10', 'Tazaka Room : 10', '2022-07-14 16:56:04', '2022-07-14 16:56:17'),
(2038, '10', 30, 'Access Granted', 'storage/doorlock/doorlock_access_2038_14-07-2022.jpg', 'Inventory tools', 1, 'Tazaka Room : 10', 'Tazaka Room : 10', '2022-07-14 17:00:04', '2022-07-14 17:00:20'),
(2039, '10', 42, 'Access Granted', 'storage/doorlock/doorlock_access_2039_15-07-2022.jpg', 'Inventory tools', 0, 'Tazaka Room : 10', 'Tazaka Room : 10', '2022-07-15 01:02:54', '2022-07-15 01:03:02'),
(2040, '10', 44, 'Access Granted', 'storage/doorlock/doorlock_access_2040_15-07-2022.jpg', 'Inventory tools', 1, 'Tazaka Room : 10', 'Tazaka Room : 10', '2022-07-15 02:27:13', '2022-07-15 02:27:34'),
(2041, '10', 42, 'Access Granted', 'storage/doorlock/doorlock_access_2041_15-07-2022.jpg', 'Inventory tools', 0, 'Tazaka Room : 10', 'Tazaka Room : 10', '2022-07-15 05:04:43', '2022-07-15 05:04:51'),
(2042, '10', 39, 'Access Granted', 'storage/doorlock/doorlock_access_2042_15-07-2022.jpg', 'Inventory tools', 0, 'Tazaka Room : 10', 'Tazaka Room : 10', '2022-07-15 07:29:36', '2022-07-15 07:29:46'),
(2043, '6', 99, 'Access Granted', 'storage/doorlock/doorlock_access_2043_15-07-2022.jpg', '-', 2, 'Tazaka Room : 6', 'Tazaka Room : 6', '2022-07-15 08:13:03', '2022-07-15 08:13:09'),
(2044, '6', 102, 'Access Granted', 'storage/doorlock/doorlock_access_2044_15-07-2022.jpg', '-', 0, 'Tazaka Room : 6', 'Tazaka Room : 6', '2022-07-15 11:37:12', '2022-07-15 11:37:13'),
(2045, '10', 33, 'Access Granted', 'storage/doorlock/doorlock_access_2045_15-07-2022.jpg', 'Inventory tools', 0, 'Tazaka Room : 10', 'Tazaka Room : 10', '2022-07-15 13:34:12', '2022-07-15 13:34:21'),
(2046, '10', 35, 'Access Granted', 'storage/doorlock/doorlock_access_2046_15-07-2022.jpg', 'Inventory tools', 0, 'Tazaka Room : 10', 'Tazaka Room : 10', '2022-07-15 13:44:32', '2022-07-15 13:44:40'),
(2047, '10', 33, 'Access Granted', 'storage/doorlock/doorlock_access_2047_15-07-2022.jpg', 'Inventory tools', 0, 'Tazaka Room : 10', 'Tazaka Room : 10', '2022-07-15 14:22:07', '2022-07-15 14:22:15'),
(2048, '11', 33, 'Access Granted', NULL, '-', 1, 'Tazaka Room : 11', 'Tazaka Room : 11', '2022-07-15 14:22:38', '2022-07-15 14:22:44'),
(2049, '10', 29, 'Access Granted', 'storage/doorlock/doorlock_access_2049_15-07-2022.jpg', 'Inventory tools', 0, 'Tazaka Room : 10', 'Tazaka Room : 10', '2022-07-15 15:01:13', '2022-07-15 15:01:32'),
(2050, '10', 90, 'Access Granted', 'storage/doorlock/doorlock_access_2050_15-07-2022.jpg', 'Inventory tools', 0, 'Tazaka Room : 10', 'Tazaka Room : 10', '2022-07-15 15:40:58', '2022-07-15 15:41:15'),
(2051, '10', 42, 'Access Granted', 'storage/doorlock/doorlock_access_2051_15-07-2022.jpg', 'Inventory tools', 0, 'Tazaka Room : 10', 'Tazaka Room : 10', '2022-07-15 19:19:25', '2022-07-15 19:19:34'),
(2052, '4', 56, 'Access Granted', 'storage/doorlock/doorlock_access_2052_15-07-2022.jpg', 'Mengambil barang gudang 3', 0, 'Tazaka Room : 4', 'Tazaka Room : 4', '2022-07-15 19:19:29', '2022-07-15 19:19:51');
INSERT INTO `doorlock_reports` (`id`, `uid`, `user_id`, `keterangan`, `doorlock_photo_path`, `remark_log`, `count_access`, `createdBy`, `updatedBy`, `created_at`, `updated_at`) VALUES
(2053, '6', 36, 'Access Granted', 'storage/doorlock/doorlock_access_2053_15-07-2022.jpg', '-', 1, 'Tazaka Room : 6', 'Tazaka Room : 6', '2022-07-15 20:09:54', '2022-07-15 20:09:59'),
(2054, '10', 42, 'Access Granted', 'storage/doorlock/doorlock_access_2054_16-07-2022.jpg', 'Inventory tools', 0, 'Tazaka Room : 10', 'Tazaka Room : 10', '2022-07-16 03:08:31', '2022-07-16 03:08:40'),
(2055, '4', 31, 'Access Granted', 'storage/doorlock/doorlock_access_2055_16-07-2022.jpg', 'Mengambil barang gudang 3', 0, 'Tazaka Room : 4', 'Tazaka Room : 4', '2022-07-16 07:07:50', '2022-07-16 07:08:10'),
(2056, '10', 10, 'Access Granted', 'storage/doorlock/doorlock_access_2056_16-07-2022.jpg', 'Inventory tools', 0, 'Tazaka Room : 10', 'Tazaka Room : 10', '2022-07-16 07:51:41', '2022-07-16 07:51:55'),
(2057, '6', 81, 'Access Granted', 'storage/doorlock/doorlock_access_2057_16-07-2022.jpg', '-', 0, 'Tazaka Room : 6', 'Tazaka Room : 6', '2022-07-16 13:14:53', '2022-07-16 13:14:54'),
(2058, '10', 30, 'Access Granted', 'storage/doorlock/doorlock_access_2058_16-07-2022.jpg', 'Inventory tools', 0, 'Tazaka Room : 10', 'Tazaka Room : 10', '2022-07-16 15:49:54', '2022-07-16 15:50:02'),
(2059, '10', 42, 'Access Granted', 'storage/doorlock/doorlock_access_2059_16-07-2022.jpg', 'Inventory tools', 0, 'Tazaka Room : 10', 'Tazaka Room : 10', '2022-07-16 19:35:57', '2022-07-16 19:36:07'),
(2060, '10', 42, 'Access Granted', 'storage/doorlock/doorlock_access_2060_16-07-2022.jpg', 'Inventory tools', 0, 'Tazaka Room : 10', 'Tazaka Room : 10', '2022-07-16 21:52:23', '2022-07-16 21:52:49'),
(2061, '10', 42, 'Access Granted', 'storage/doorlock/doorlock_access_2061_16-07-2022.jpg', 'Inventory tools', 0, 'Tazaka Room : 10', 'Tazaka Room : 10', '2022-07-16 23:41:31', '2022-07-16 23:41:38'),
(2062, '10', 42, 'Access Granted', 'storage/doorlock/doorlock_access_2062_17-07-2022.jpg', 'Inventory tools', 0, 'Tazaka Room : 10', 'Tazaka Room : 10', '2022-07-17 06:35:55', '2022-07-17 06:36:02'),
(2063, '10', 42, 'Access Granted', 'storage/doorlock/doorlock_access_2063_18-07-2022.jpg', 'Inventory tools', 1, 'Tazaka Room : 10', 'Tazaka Room : 10', '2022-07-18 06:55:57', '2022-07-18 06:56:15'),
(2064, '4', 54, 'Access Granted', 'storage/doorlock/doorlock_access_2064_18-07-2022.jpg', 'Stock opname', 0, 'Tazaka Room : 4', 'Tazaka Room : 4', '2022-07-18 07:01:03', '2022-07-18 07:01:12'),
(2065, '10', 79, 'Access Granted', 'storage/doorlock/doorlock_access_2065_18-07-2022.jpg', 'Inventory tools', 0, 'Tazaka Room : 10', 'Tazaka Room : 10', '2022-07-18 07:14:50', '2022-07-18 07:15:06'),
(2066, '6', 54, 'Access Granted', 'storage/doorlock/doorlock_access_2066_18-07-2022.jpg', '-', 1, 'Tazaka Room : 6', 'Tazaka Room : 6', '2022-07-18 07:28:34', '2022-07-18 07:28:40'),
(2067, '10', 30, 'Access Granted', 'storage/doorlock/doorlock_access_2067_18-07-2022.jpg', 'Inventory tools', 0, 'Tazaka Room : 10', 'Tazaka Room : 10', '2022-07-18 11:30:02', '2022-07-18 11:30:13'),
(2068, '6', 56, 'Access Granted', 'storage/doorlock/doorlock_access_2068_19-07-2022.jpg', '-', 0, 'Tazaka Room : 6', 'Tazaka Room : 6', '2022-07-19 07:22:19', '2022-07-19 07:22:21'),
(2069, '10', 79, 'Access Granted', 'storage/doorlock/doorlock_access_2069_19-07-2022.jpg', 'Inventory tools', 0, 'Tazaka Room : 10', 'Tazaka Room : 10', '2022-07-19 07:26:47', '2022-07-19 07:26:57'),
(2070, '10', 30, 'Access Granted', 'storage/doorlock/doorlock_access_2070_19-07-2022.jpg', 'Inventory tools', 0, 'Tazaka Room : 10', 'Tazaka Room : 10', '2022-07-19 07:47:48', '2022-07-19 07:48:01'),
(2071, '10', 30, 'Access Granted', 'storage/doorlock/doorlock_access_2071_19-07-2022.jpg', 'Inventory tools', 0, 'Tazaka Room : 10', 'Tazaka Room : 10', '2022-07-19 07:48:27', '2022-07-19 07:48:36'),
(2072, '10', 10, 'Access Granted', 'storage/doorlock/doorlock_access_2072_19-07-2022.jpg', 'Mengambil Bor', 0, 'Tazaka Room : 10', 'Tazaka Room : 10', '2022-07-19 09:08:42', '2022-07-19 09:08:53'),
(2073, '10', 30, 'Access Granted', 'storage/doorlock/doorlock_access_2073_19-07-2022.jpg', 'Inventory tools', 0, 'Tazaka Room : 10', 'Tazaka Room : 10', '2022-07-19 10:03:20', '2022-07-19 10:03:32'),
(2074, '10', 42, 'Access Granted', 'storage/doorlock/doorlock_access_2074_19-07-2022.jpg', 'Inventory tools', 0, 'Tazaka Room : 10', 'Tazaka Room : 10', '2022-07-19 11:04:55', '2022-07-19 11:05:03'),
(2075, '10', 79, 'Access Granted', 'storage/doorlock/doorlock_access_2075_19-07-2022.jpg', '-', 0, 'Tazaka Room : 10', 'Tazaka Room : 10', '2022-07-19 13:06:15', '2022-07-19 13:06:17'),
(2076, '10', 79, 'Access Granted', 'storage/doorlock/doorlock_access_2076_19-07-2022.jpg', 'Inventory tools', 0, 'Tazaka Room : 10', 'Tazaka Room : 10', '2022-07-19 13:06:31', '2022-07-19 13:06:41'),
(2077, '10', 79, 'Access Granted', 'storage/doorlock/doorlock_access_2077_19-07-2022.jpg', 'Inventory tools', 0, 'Tazaka Room : 10', 'Tazaka Room : 10', '2022-07-19 13:08:43', '2022-07-19 13:08:51'),
(2078, '10', 30, 'Access Granted', 'storage/doorlock/doorlock_access_2078_19-07-2022.jpg', 'Inventory tools', 0, 'Tazaka Room : 10', 'Tazaka Room : 10', '2022-07-19 13:14:23', '2022-07-19 13:14:33'),
(2079, '10', 30, 'Access Granted', 'storage/doorlock/doorlock_access_2079_19-07-2022.jpg', 'Inventory tools', 1, 'Tazaka Room : 10', 'Tazaka Room : 10', '2022-07-19 13:37:16', '2022-07-19 13:37:33'),
(2080, '10', 30, 'Access Granted', 'storage/doorlock/doorlock_access_2080_19-07-2022.jpg', 'Mengambil Bor', 0, 'Tazaka Room : 10', 'Tazaka Room : 10', '2022-07-19 13:38:39', '2022-07-19 13:38:50'),
(2081, '4', 54, 'Access Granted', 'storage/doorlock/doorlock_access_2081_19-07-2022.jpg', 'Stock opname', 0, 'Tazaka Room : 4', 'Tazaka Room : 4', '2022-07-19 18:36:27', '2022-07-19 18:36:39'),
(2082, '4', 99, 'Access Granted', 'storage/doorlock/doorlock_access_2082_19-07-2022.jpg', 'Mengambil barang gudang 3', 0, 'Tazaka Room : 4', 'Tazaka Room : 4', '2022-07-19 19:35:07', '2022-07-19 19:35:23'),
(2083, '10', 39, 'Access Granted', 'storage/doorlock/doorlock_access_2083_20-07-2022.jpg', 'Inventory tools', 0, 'Tazaka Room : 10', 'Tazaka Room : 10', '2022-07-20 02:46:46', '2022-07-20 02:46:58'),
(2084, '4', 99, 'Access Granted', 'storage/doorlock/doorlock_access_2084_20-07-2022.jpg', 'Mengambil barang gudang 3', 0, 'Tazaka Room : 4', 'Tazaka Room : 4', '2022-07-20 03:24:02', '2022-07-20 03:24:14'),
(2085, '4', 31, 'Access Granted', 'storage/doorlock/doorlock_access_2085_20-07-2022.jpg', 'Stock opname', 0, 'Tazaka Room : 4', 'Tazaka Room : 4', '2022-07-20 06:54:27', '2022-07-20 06:54:41'),
(2086, '10', 42, 'Access Granted', 'storage/doorlock/doorlock_access_2086_20-07-2022.jpg', 'Inventory tools', 0, 'Tazaka Room : 10', 'Tazaka Room : 10', '2022-07-20 08:15:34', '2022-07-20 08:15:42'),
(2087, '6', 54, 'Access Granted', 'storage/doorlock/doorlock_access_2087_20-07-2022.jpg', '-', 0, 'Tazaka Room : 6', 'Tazaka Room : 6', '2022-07-20 08:33:23', '2022-07-20 08:33:25'),
(2088, '10', 30, 'Access Granted', 'storage/doorlock/doorlock_access_2088_20-07-2022.jpg', 'Inventory tools', 0, 'Tazaka Room : 10', 'Tazaka Room : 10', '2022-07-20 10:24:33', '2022-07-20 10:24:44'),
(2089, '10', 42, 'Access Granted', 'storage/doorlock/doorlock_access_2089_20-07-2022.jpg', 'Inventory tools', 0, 'Tazaka Room : 10', 'Tazaka Room : 10', '2022-07-20 11:26:54', '2022-07-20 11:27:03'),
(2090, '10', 42, 'Access Granted', 'storage/doorlock/doorlock_access_2090_20-07-2022.jpg', 'Inventory tools', 0, 'Tazaka Room : 10', 'Tazaka Room : 10', '2022-07-20 11:34:06', '2022-07-20 11:34:35'),
(2091, '10', 33, 'Access Granted', 'storage/doorlock/doorlock_access_2091_20-07-2022.jpg', 'Inventory tools', 0, 'Tazaka Room : 10', 'Tazaka Room : 10', '2022-07-20 13:03:31', '2022-07-20 13:03:39'),
(2092, '10', 79, 'Access Granted', 'storage/doorlock/doorlock_access_2092_20-07-2022.jpg', 'Inventory tools', 0, 'Tazaka Room : 10', 'Tazaka Room : 10', '2022-07-20 13:08:38', '2022-07-20 13:08:46'),
(2093, '10', 42, 'Access Granted', 'storage/doorlock/doorlock_access_2093_20-07-2022.jpg', 'Inventory tools', 0, 'Tazaka Room : 10', 'Tazaka Room : 10', '2022-07-20 13:38:11', '2022-07-20 13:38:19'),
(2094, '10', 79, 'Access Granted', 'storage/doorlock/doorlock_access_2094_20-07-2022.jpg', 'Inventory tools', 0, 'Tazaka Room : 10', 'Tazaka Room : 10', '2022-07-20 13:55:35', '2022-07-20 13:55:43'),
(2095, '10', 79, 'Access Granted', 'storage/doorlock/doorlock_access_2095_20-07-2022.jpg', 'Inventory tools', 0, 'Tazaka Room : 10', 'Tazaka Room : 10', '2022-07-20 14:04:07', '2022-07-20 14:04:25'),
(2096, '10', 79, 'Access Granted', 'storage/doorlock/doorlock_access_2096_20-07-2022.jpg', 'Inventory tools', 0, 'Tazaka Room : 10', 'Tazaka Room : 10', '2022-07-20 14:09:31', '2022-07-20 14:09:49'),
(2097, '11', 79, 'Access Granted', NULL, '-', 0, 'Tazaka Room : 11', 'Tazaka Room : 11', '2022-07-20 14:10:47', '2022-07-20 14:10:47'),
(2098, '5', 54, 'Access Granted', NULL, '-', 0, 'Tazaka Room : 5', 'Tazaka Room : 5', '2022-07-20 18:28:54', '2022-07-20 18:28:54'),
(2099, '10', 42, 'Access Granted', 'storage/doorlock/doorlock_access_2099_20-07-2022.jpg', 'Inventory tools', 1, 'Tazaka Room : 10', 'Tazaka Room : 10', '2022-07-20 18:29:38', '2022-07-20 18:29:51'),
(2100, '4', 99, 'Access Granted', 'storage/doorlock/doorlock_access_2100_20-07-2022.jpg', 'Mengambil barang gudang 3', 0, 'Tazaka Room : 4', 'Tazaka Room : 4', '2022-07-20 19:14:54', '2022-07-20 19:15:08'),
(2101, '10', 90, 'Access Granted', 'storage/doorlock/doorlock_access_2101_20-07-2022.jpg', 'Inventory tools', 0, 'Tazaka Room : 10', 'Tazaka Room : 10', '2022-07-20 19:30:13', '2022-07-20 19:30:23'),
(2102, '11', 90, 'Access Granted', NULL, '-', 3, 'Tazaka Room : 11', 'Tazaka Room : 11', '2022-07-20 19:34:17', '2022-07-20 19:34:23'),
(2103, '11', 90, 'Access Granted', NULL, '-', 1, 'Tazaka Room : 11', 'Tazaka Room : 11', '2022-07-20 19:34:28', '2022-07-20 19:34:34'),
(2104, '10', 90, 'Access Granted', 'storage/doorlock/doorlock_access_2104_20-07-2022.jpg', 'Inventory tools', 0, 'Tazaka Room : 10', 'Tazaka Room : 10', '2022-07-20 19:59:12', '2022-07-20 19:59:22'),
(2105, '10', 90, 'Access Granted', 'storage/doorlock/doorlock_access_2105_20-07-2022.jpg', 'Inventory tools', 0, 'Tazaka Room : 10', 'Tazaka Room : 10', '2022-07-20 20:03:10', '2022-07-20 20:03:20'),
(2106, '11', 90, 'Access Granted', NULL, '-', 0, 'Tazaka Room : 11', 'Tazaka Room : 11', '2022-07-20 20:04:26', '2022-07-20 20:04:26'),
(2107, '10', 90, 'Access Granted', 'storage/doorlock/doorlock_access_2107_20-07-2022.jpg', 'Inventory tools', 0, 'Tazaka Room : 10', 'Tazaka Room : 10', '2022-07-20 20:06:13', '2022-07-20 20:06:23'),
(2108, '11', 90, 'Access Granted', NULL, '-', 1, 'Tazaka Room : 11', 'Tazaka Room : 11', '2022-07-20 20:07:20', '2022-07-20 20:07:26'),
(2109, '10', 90, 'Access Granted', 'storage/doorlock/doorlock_access_2109_20-07-2022.jpg', 'Inventory tools', 0, 'Tazaka Room : 10', 'Tazaka Room : 10', '2022-07-20 20:46:26', '2022-07-20 20:46:37'),
(2110, '11', 90, 'Access Granted', NULL, '-', 1, 'Tazaka Room : 11', 'Tazaka Room : 11', '2022-07-20 20:47:09', '2022-07-20 20:47:14'),
(2111, '10', 90, 'Access Granted', 'storage/doorlock/doorlock_access_2111_20-07-2022.jpg', 'Inventory tools', 0, 'Tazaka Room : 10', 'Tazaka Room : 10', '2022-07-20 20:50:19', '2022-07-20 20:50:27'),
(2112, '11', 90, 'Access Granted', NULL, '-', 0, 'Tazaka Room : 11', 'Tazaka Room : 11', '2022-07-20 20:51:21', '2022-07-20 20:51:21'),
(2113, '10', 90, 'Access Granted', 'storage/doorlock/doorlock_access_2113_20-07-2022.jpg', 'Inventory tools', 1, 'Tazaka Room : 10', 'Tazaka Room : 10', '2022-07-20 22:36:49', '2022-07-20 22:37:04'),
(2114, '11', 90, 'Access Granted', NULL, '-', 0, 'Tazaka Room : 11', 'Tazaka Room : 11', '2022-07-20 22:38:35', '2022-07-20 22:38:35'),
(2115, '10', 90, 'Access Granted', 'storage/doorlock/doorlock_access_2115_20-07-2022.jpg', 'Inventory tools', 0, 'Tazaka Room : 10', 'Tazaka Room : 10', '2022-07-20 22:56:21', '2022-07-20 22:56:30'),
(2116, '10', 90, 'Access Granted', 'storage/doorlock/doorlock_access_2116_20-07-2022.jpg', '-', 0, 'Tazaka Room : 10', 'Tazaka Room : 10', '2022-07-20 23:00:47', '2022-07-20 23:00:48'),
(2117, '10', 39, 'Access Granted', 'storage/doorlock/doorlock_access_2117_21-07-2022.jpg', 'Inventory tools', 0, 'Tazaka Room : 10', 'Tazaka Room : 10', '2022-07-21 02:08:21', '2022-07-21 02:08:32'),
(2118, '4', 46, 'Access Granted', 'storage/doorlock/doorlock_access_2118_21-07-2022.jpg', 'Mengambil barang gudang 3', 0, 'Tazaka Room : 4', 'Tazaka Room : 4', '2022-07-21 07:07:12', '2022-07-21 07:07:20'),
(2119, '10', 79, 'Access Granted', 'storage/doorlock/doorlock_access_2119_21-07-2022.jpg', '-', 0, 'Tazaka Room : 10', 'Tazaka Room : 10', '2022-07-21 07:20:00', '2022-07-21 07:20:02'),
(2120, '10', 79, 'Access Granted', 'storage/doorlock/doorlock_access_2120_21-07-2022.jpg', 'Inventory tools', 0, 'Tazaka Room : 10', 'Tazaka Room : 10', '2022-07-21 07:20:06', '2022-07-21 07:20:13'),
(2121, '6', 54, 'Access Granted', 'storage/doorlock/doorlock_access_2121_21-07-2022.jpg', '-', 1, 'Tazaka Room : 6', 'Tazaka Room : 6', '2022-07-21 08:00:37', '2022-07-21 08:00:42'),
(2122, '10', 42, 'Access Granted', 'storage/doorlock/doorlock_access_2122_21-07-2022.jpg', 'Inventory tools', 0, 'Tazaka Room : 10', 'Tazaka Room : 10', '2022-07-21 09:06:44', '2022-07-21 09:07:31'),
(2123, '10', 42, 'Access Granted', 'storage/doorlock/doorlock_access_2123_21-07-2022.jpg', 'Inventory tools', 0, 'Tazaka Room : 10', 'Tazaka Room : 10', '2022-07-21 09:15:44', '2022-07-21 09:15:53'),
(2124, '10', 42, 'Access Granted', 'storage/doorlock/doorlock_access_2124_21-07-2022.jpg', 'Inventory tools', 0, 'Tazaka Room : 10', 'Tazaka Room : 10', '2022-07-21 09:26:57', '2022-07-21 09:27:18'),
(2125, '10', 30, 'Access Granted', 'storage/doorlock/doorlock_access_2125_21-07-2022.jpg', 'Inventory tools', 0, 'Tazaka Room : 10', 'Tazaka Room : 10', '2022-07-21 09:31:16', '2022-07-21 09:31:25'),
(2126, '10', 30, 'Access Granted', 'storage/doorlock/doorlock_access_2126_21-07-2022.jpg', 'Inventory tools', 0, 'Tazaka Room : 10', 'Tazaka Room : 10', '2022-07-21 09:36:34', '2022-07-21 09:36:48'),
(2127, '10', 30, 'Access Granted', 'storage/doorlock/doorlock_access_2127_21-07-2022.jpg', 'Inventory tools', 0, 'Tazaka Room : 10', 'Tazaka Room : 10', '2022-07-21 09:58:49', '2022-07-21 09:58:58'),
(2128, '10', 30, 'Access Granted', 'storage/doorlock/doorlock_access_2128_21-07-2022.jpg', 'Inventory tools', 0, 'Tazaka Room : 10', 'Tazaka Room : 10', '2022-07-21 10:04:07', '2022-07-21 10:04:16'),
(2129, '10', 79, 'Access Granted', 'storage/doorlock/doorlock_access_2129_21-07-2022.jpg', 'Inventory tools', 0, 'Tazaka Room : 10', 'Tazaka Room : 10', '2022-07-21 10:15:48', '2022-07-21 10:15:57'),
(2130, '10', 79, 'Access Granted', 'storage/doorlock/doorlock_access_2130_21-07-2022.jpg', 'Inventory tools', 0, 'Tazaka Room : 10', 'Tazaka Room : 10', '2022-07-21 10:23:45', '2022-07-21 10:23:55'),
(2131, '10', 30, 'Access Granted', 'storage/doorlock/doorlock_access_2131_21-07-2022.jpg', 'Inventory tools', 0, 'Tazaka Room : 10', 'Tazaka Room : 10', '2022-07-21 10:53:36', '2022-07-21 10:53:45'),
(2132, '10', 30, 'Access Granted', 'storage/doorlock/doorlock_access_2132_21-07-2022.jpg', 'Inventory tools', 0, 'Tazaka Room : 10', 'Tazaka Room : 10', '2022-07-21 10:56:19', '2022-07-21 10:56:30'),
(2133, '10', 30, 'Access Granted', 'storage/doorlock/doorlock_access_2133_21-07-2022.jpg', 'Inventory tools', 0, 'Tazaka Room : 10', 'Tazaka Room : 10', '2022-07-21 10:58:40', '2022-07-21 10:58:50'),
(2134, '10', 30, 'Access Granted', 'storage/doorlock/doorlock_access_2134_21-07-2022.jpg', 'Inventory tools', 0, 'Tazaka Room : 10', 'Tazaka Room : 10', '2022-07-21 11:09:17', '2022-07-21 11:09:27'),
(2135, '6', 30, 'Access Granted', 'storage/doorlock/doorlock_access_2135_21-07-2022.jpg', '-', 1, 'Tazaka Room : 6', 'Tazaka Room : 6', '2022-07-21 11:13:51', '2022-07-21 11:13:57'),
(2136, '10', 42, 'Access Granted', 'storage/doorlock/doorlock_access_2136_21-07-2022.jpg', 'Inventory tools', 1, 'Tazaka Room : 10', 'Tazaka Room : 10', '2022-07-21 13:56:44', '2022-07-21 13:56:58'),
(2137, '10', 42, 'Access Granted', 'storage/doorlock/doorlock_access_2137_21-07-2022.jpg', 'Inventory tools', 0, 'Tazaka Room : 10', 'Tazaka Room : 10', '2022-07-21 14:02:53', '2022-07-21 14:03:02'),
(2138, '10', 42, 'Access Granted', 'storage/doorlock/doorlock_access_2138_21-07-2022.jpg', 'Inventory tools', 0, 'Tazaka Room : 10', 'Tazaka Room : 10', '2022-07-21 15:21:30', '2022-07-21 15:21:38'),
(2139, '10', 42, 'Access Granted', 'storage/doorlock/doorlock_access_2139_21-07-2022.jpg', 'Inventory tools', 0, 'Tazaka Room : 10', 'Tazaka Room : 10', '2022-07-21 15:31:46', '2022-07-21 15:31:57'),
(2140, '10', 42, 'Access Granted', 'storage/doorlock/doorlock_access_2140_21-07-2022.jpg', 'Inventory tools', 0, 'Tazaka Room : 10', 'Tazaka Room : 10', '2022-07-21 15:43:37', '2022-07-21 15:43:47'),
(2141, '10', 39, 'Access Granted', 'storage/doorlock/doorlock_access_2141_21-07-2022.jpg', 'Inventory tools', 0, 'Tazaka Room : 10', 'Tazaka Room : 10', '2022-07-21 19:13:41', '2022-07-21 19:13:52'),
(2142, '11', 39, 'Access Granted', NULL, '-', 1, 'Tazaka Room : 11', 'Tazaka Room : 11', '2022-07-21 19:17:19', '2022-07-21 19:17:25'),
(2143, '10', 39, 'Access Granted', 'storage/doorlock/doorlock_access_2143_21-07-2022.jpg', 'Inventory tools', 0, 'Tazaka Room : 10', 'Tazaka Room : 10', '2022-07-21 19:40:41', '2022-07-21 19:40:49'),
(2144, '11', 39, 'Access Granted', NULL, '-', 1, 'Tazaka Room : 11', 'Tazaka Room : 11', '2022-07-21 19:41:23', '2022-07-21 19:41:29'),
(2145, '11', 39, 'Access Granted', NULL, '-', 1, 'Tazaka Room : 11', 'Tazaka Room : 11', '2022-07-21 19:45:30', '2022-07-21 19:45:35'),
(2146, '10', 39, 'Access Granted', 'storage/doorlock/doorlock_access_2146_21-07-2022.jpg', 'Inventory tools', 1, 'Tazaka Room : 10', 'Tazaka Room : 10', '2022-07-21 22:07:52', '2022-07-21 22:08:04'),
(2147, '11', 39, 'Access Granted', NULL, '-', 1, 'Tazaka Room : 11', 'Tazaka Room : 11', '2022-07-21 22:09:22', '2022-07-21 22:09:28'),
(2148, '10', 39, 'Access Granted', 'storage/doorlock/doorlock_access_2148_21-07-2022.jpg', 'Inventory tools', 0, 'Tazaka Room : 10', 'Tazaka Room : 10', '2022-07-21 22:35:25', '2022-07-21 22:35:33'),
(2149, '11', 39, 'Access Granted', NULL, '-', 1, 'Tazaka Room : 11', 'Tazaka Room : 11', '2022-07-21 22:37:34', '2022-07-21 22:37:39'),
(2150, '10', 39, 'Access Granted', 'storage/doorlock/doorlock_access_2150_21-07-2022.jpg', 'Mengambil Bor', 0, 'Tazaka Room : 10', 'Tazaka Room : 10', '2022-07-21 22:52:37', '2022-07-21 22:52:51'),
(2151, '11', 39, 'Access Granted', NULL, '-', 0, 'Tazaka Room : 11', 'Tazaka Room : 11', '2022-07-21 22:55:05', '2022-07-21 22:55:05'),
(2152, '10', 39, 'Access Granted', 'storage/doorlock/doorlock_access_2152_21-07-2022.jpg', 'Inventory tools', 0, 'Tazaka Room : 10', 'Tazaka Room : 10', '2022-07-21 22:55:44', '2022-07-21 22:55:58'),
(2153, '11', 39, 'Access Granted', NULL, '-', 1, 'Tazaka Room : 11', 'Tazaka Room : 11', '2022-07-21 22:57:52', '2022-07-21 22:57:58'),
(2154, '10', 39, 'Access Granted', 'storage/doorlock/doorlock_access_2154_21-07-2022.jpg', 'Inventory tools', 0, 'Tazaka Room : 10', 'Tazaka Room : 10', '2022-07-21 22:59:38', '2022-07-21 22:59:47'),
(2155, '11', 39, 'Access Granted', NULL, '-', 0, 'Tazaka Room : 11', 'Tazaka Room : 11', '2022-07-21 23:01:19', '2022-07-21 23:01:19'),
(2156, '10', 30, 'Access Granted', 'storage/doorlock/doorlock_access_2156_22-07-2022.jpg', 'Inventory tools', 0, 'Tazaka Room : 10', 'Tazaka Room : 10', '2022-07-22 08:27:11', '2022-07-22 08:27:22'),
(2157, '10', 42, 'Access Granted', 'storage/doorlock/doorlock_access_2157_22-07-2022.jpg', 'Inventory tools', 0, 'Tazaka Room : 10', 'Tazaka Room : 10', '2022-07-22 08:55:52', '2022-07-22 08:56:00'),
(2158, '10', 42, 'Access Granted', 'storage/doorlock/doorlock_access_2158_22-07-2022.jpg', 'Inventory tools', 0, 'Tazaka Room : 10', 'Tazaka Room : 10', '2022-07-22 09:15:15', '2022-07-22 09:15:24'),
(2159, '4', 54, 'Access Granted', 'storage/doorlock/doorlock_access_2159_23-07-2022.jpg', 'Stock opname', 0, 'Tazaka Room : 4', 'Tazaka Room : 4', '2022-07-23 13:35:53', '2022-07-23 13:36:01'),
(2160, '4', 54, 'Access Granted', 'storage/doorlock/doorlock_access_2160_23-07-2022.jpg', 'Stock opname', 0, 'Tazaka Room : 4', 'Tazaka Room : 4', '2022-07-23 13:36:22', '2022-07-23 13:36:42'),
(2161, '10', 30, 'Access Granted', 'storage/doorlock/doorlock_access_2161_23-07-2022.jpg', 'Inventory tools', 0, 'Tazaka Room : 10', 'Tazaka Room : 10', '2022-07-23 15:08:44', '2022-07-23 15:08:53'),
(2162, '10', 33, 'Access Granted', 'storage/doorlock/doorlock_access_2162_23-07-2022.jpg', '-', 0, 'Tazaka Room : 10', 'Tazaka Room : 10', '2022-07-23 16:06:09', '2022-07-23 16:06:11'),
(2163, '10', 33, 'Access Granted', 'storage/doorlock/doorlock_access_2163_23-07-2022.jpg', 'Mengambil Bor', 1, 'Tazaka Room : 10', 'Tazaka Room : 10', '2022-07-23 16:07:28', '2022-07-23 16:07:48'),
(2164, '10', 30, 'Access Granted', 'storage/doorlock/doorlock_access_2164_23-07-2022.jpg', '-', 0, 'Tazaka Room : 10', 'Tazaka Room : 10', '2022-07-23 16:26:56', '2022-07-23 16:26:57'),
(2165, '10', 30, 'Access Granted', 'storage/doorlock/doorlock_access_2165_23-07-2022.jpg', 'Inventory tools', 0, 'Tazaka Room : 10', 'Tazaka Room : 10', '2022-07-23 16:27:12', '2022-07-23 16:27:21'),
(2166, '10', 30, 'Access Granted', 'storage/doorlock/doorlock_access_2166_23-07-2022.jpg', 'Inventory tools', 0, 'Tazaka Room : 10', 'Tazaka Room : 10', '2022-07-23 16:35:15', '2022-07-23 16:35:27'),
(2167, '10', 30, 'Access Granted', 'storage/doorlock/doorlock_access_2167_23-07-2022.jpg', 'Inventory tools', 0, 'Tazaka Room : 10', 'Tazaka Room : 10', '2022-07-23 16:40:53', '2022-07-23 16:41:01'),
(2168, '10', 30, 'Access Granted', 'storage/doorlock/doorlock_access_2168_23-07-2022.jpg', 'Inventory tools', 0, 'Tazaka Room : 10', 'Tazaka Room : 10', '2022-07-23 17:04:53', '2022-07-23 17:05:05'),
(2169, '10', 30, 'Access Granted', 'storage/doorlock/doorlock_access_2169_23-07-2022.jpg', 'Inventory tools', 0, 'Tazaka Room : 10', 'Tazaka Room : 10', '2022-07-23 17:12:15', '2022-07-23 17:12:25'),
(2170, '10', 39, 'Access Granted', 'storage/doorlock/doorlock_access_2170_23-07-2022.jpg', 'Inventory tools', 0, 'Tazaka Room : 10', 'Tazaka Room : 10', '2022-07-23 19:22:14', '2022-07-23 19:22:21'),
(2171, '11', 39, 'Access Granted', NULL, '-', 1, 'Tazaka Room : 11', 'Tazaka Room : 11', '2022-07-23 19:23:28', '2022-07-23 19:23:33'),
(2172, '6', 99, 'Access Granted', 'storage/doorlock/doorlock_access_2172_23-07-2022.jpg', '-', 1, 'Tazaka Room : 6', 'Tazaka Room : 6', '2022-07-23 20:06:35', '2022-07-23 20:06:41'),
(2173, '2', 117, 'Access Granted', NULL, '-', 0, 'Tazaka Room : 2', 'Tazaka Room : 2', '2022-08-10 08:44:03', '2022-08-10 08:44:03'),
(2174, '2', 117, 'Access Granted', NULL, '-', 0, 'Tazaka Room : 2', 'Tazaka Room : 2', '2022-08-10 08:45:23', '2022-08-10 08:45:23'),
(2175, '2', 117, 'Access Granted', NULL, '-', 0, 'Tazaka Room : 2', 'Tazaka Room : 2', '2022-08-10 08:45:24', '2022-08-10 08:45:24'),
(2176, '2', 117, 'Access Granted', NULL, '-', 0, 'Tazaka Room : 2', 'Tazaka Room : 2', '2022-08-10 08:45:25', '2022-08-10 08:45:25'),
(2177, '2', 117, 'Access Granted', NULL, '-', 0, 'Tazaka Room : 2', 'Tazaka Room : 2', '2022-08-10 08:48:35', '2022-08-10 08:48:35'),
(2178, '2', 117, 'Access Granted', NULL, '-', 0, 'Tazaka Room : 2', 'Tazaka Room : 2', '2022-08-10 08:48:37', '2022-08-10 08:48:37'),
(2179, '2', 117, 'Access Granted', NULL, '-', 0, 'Tazaka Room : 2', 'Tazaka Room : 2', '2022-08-10 08:49:03', '2022-08-10 08:49:03'),
(2180, '2', 117, 'Access Granted', NULL, '-', 0, 'Tazaka Room : 2', 'Tazaka Room : 2', '2022-08-10 08:51:47', '2022-08-10 08:51:47'),
(2181, '2', 117, 'Access Granted', NULL, '-', 0, 'Tazaka Room : 2', 'Tazaka Room : 2', '2022-08-10 08:55:55', '2022-08-10 08:55:55'),
(2182, '2', 117, 'Access Granted', NULL, '-', 0, 'Tazaka Room : 2', 'Tazaka Room : 2', '2022-08-10 08:56:50', '2022-08-10 08:56:50'),
(2183, '2', 117, 'Access Granted', NULL, '-', 0, 'Tazaka Room : 2', 'Tazaka Room : 2', '2022-08-10 08:58:39', '2022-08-10 08:58:39'),
(2184, '2', 117, 'Access Granted', NULL, '-', 0, 'Tazaka Room : 2', 'Tazaka Room : 2', '2022-08-10 08:59:08', '2022-08-10 08:59:08'),
(2185, '2', 117, 'Access Granted', NULL, '-', 0, 'Tazaka Room : 2', 'Tazaka Room : 2', '2022-08-10 08:59:09', '2022-08-10 08:59:09'),
(2186, '2', 117, 'Access Granted', NULL, '-', 0, 'Tazaka Room : 2', 'Tazaka Room : 2', '2022-08-10 09:00:03', '2022-08-10 09:00:03'),
(2187, '2', 117, 'Access Granted', NULL, '-', 0, 'Tazaka Room : 2', 'Tazaka Room : 2', '2022-08-10 09:00:04', '2022-08-10 09:00:04'),
(2188, '2', 117, 'Access Granted', NULL, '-', 0, 'Tazaka Room : 2', 'Tazaka Room : 2', '2022-08-10 09:00:52', '2022-08-10 09:00:52'),
(2189, '2', 117, 'Access Granted', NULL, '-', 0, 'Tazaka Room : 2', 'Tazaka Room : 2', '2022-08-10 09:02:29', '2022-08-10 09:02:29'),
(2190, '2', 117, 'Access Granted', NULL, '-', 0, 'Tazaka Room : 2', 'Tazaka Room : 2', '2022-08-10 09:04:17', '2022-08-10 09:04:17'),
(2191, '2', 117, 'Access Granted', NULL, '-', 0, 'Tazaka Room : 2', 'Tazaka Room : 2', '2022-08-10 09:04:40', '2022-08-10 09:04:40'),
(2192, '2', 117, 'Access Granted', NULL, '-', 0, 'Tazaka Room : 2', 'Tazaka Room : 2', '2022-08-10 09:05:42', '2022-08-10 09:05:42'),
(2193, '2', 117, 'Access Granted', NULL, '-', 0, 'Tazaka Room : 2', 'Tazaka Room : 2', '2022-08-10 09:08:55', '2022-08-10 09:08:55'),
(2194, '2', 117, 'Access Granted', NULL, '-', 0, 'Tazaka Room : 2', 'Tazaka Room : 2', '2022-08-11 03:43:49', '2022-08-11 03:43:49'),
(2195, '2', 117, 'Access Granted', NULL, '-', 0, 'Tazaka Room : 2', 'Tazaka Room : 2', '2022-08-11 03:48:49', '2022-08-11 03:48:49'),
(2196, '2', 117, 'Access Granted', NULL, '-', 0, 'Tazaka Room : 2', 'Tazaka Room : 2', '2022-08-11 04:02:49', '2022-08-11 04:02:49'),
(2197, '2', 117, 'Access Granted', NULL, '-', 0, 'Tazaka Room : 2', 'Tazaka Room : 2', '2022-08-11 04:04:14', '2022-08-11 04:04:14'),
(2198, '1', 117, 'Access Granted', NULL, '-', 0, 'Tazaka Room : 1', 'Tazaka Room : 1', '2022-08-11 04:04:57', '2022-08-11 04:04:57'),
(2199, '1', 117, 'Access Granted', NULL, '-', 0, 'Tazaka Room : 1', 'Tazaka Room : 1', '2022-08-11 04:07:45', '2022-08-11 04:07:45'),
(2200, '2', 117, 'Access Granted', NULL, '-', 0, 'Tazaka Room : 2', 'Tazaka Room : 2', '2022-08-11 04:08:45', '2022-08-11 04:08:45'),
(2201, '1', 116, 'Access Granted', NULL, '-', 0, 'Tazaka Room : 1', 'Tazaka Room : 1', '2022-08-11 09:13:27', '2022-08-11 09:13:27'),
(2202, '2', 116, 'Access Granted', NULL, '-', 0, 'Tazaka Room : 2', 'Tazaka Room : 2', '2022-08-11 09:13:40', '2022-08-11 09:13:40'),
(2203, '1', 116, 'Access Granted', NULL, '-', 0, 'Tazaka Room : 1', 'Tazaka Room : 1', '2022-08-11 09:15:46', '2022-08-11 09:15:46'),
(2204, '1', 107, 'Access Granted', NULL, '-', 0, 'Tazaka Room : 1', 'Tazaka Room : 1', '2022-08-11 11:25:24', '2022-08-11 11:25:24'),
(2205, '2', 107, 'Access Granted', NULL, '-', 0, 'Tazaka Room : 2', 'Tazaka Room : 2', '2022-08-11 11:25:29', '2022-08-11 11:25:29'),
(2206, '1', 107, 'Access Granted', NULL, '-', 0, 'Tazaka Room : 1', 'Tazaka Room : 1', '2022-08-11 11:28:06', '2022-08-11 11:28:06');

-- --------------------------------------------------------

--
-- Table structure for table `failed_jobs`
--

CREATE TABLE `failed_jobs` (
  `id` bigint(20) UNSIGNED NOT NULL,
  `uuid` varchar(125) COLLATE utf8mb4_unicode_ci NOT NULL,
  `connection` text COLLATE utf8mb4_unicode_ci NOT NULL,
  `queue` text COLLATE utf8mb4_unicode_ci NOT NULL,
  `payload` longtext COLLATE utf8mb4_unicode_ci NOT NULL,
  `exception` longtext COLLATE utf8mb4_unicode_ci NOT NULL,
  `failed_at` timestamp NOT NULL DEFAULT CURRENT_TIMESTAMP
) ENGINE=InnoDB DEFAULT CHARSET=utf8mb4 COLLATE=utf8mb4_unicode_ci;

-- --------------------------------------------------------

--
-- Table structure for table `golongans`
--

CREATE TABLE `golongans` (
  `id` bigint(20) UNSIGNED NOT NULL,
  `nama` varchar(125) COLLATE utf8mb4_unicode_ci NOT NULL,
  `createdBy` varchar(125) COLLATE utf8mb4_unicode_ci DEFAULT NULL,
  `updatedBy` varchar(125) COLLATE utf8mb4_unicode_ci DEFAULT NULL,
  `created_at` timestamp NULL DEFAULT NULL,
  `updated_at` timestamp NULL DEFAULT NULL
) ENGINE=InnoDB DEFAULT CHARSET=utf8mb4 COLLATE=utf8mb4_unicode_ci;

--
-- Dumping data for table `golongans`
--

INSERT INTO `golongans` (`id`, `nama`, `createdBy`, `updatedBy`, `created_at`, `updated_at`) VALUES
(1, '1A', 'admin', 'admin', '2022-01-29 16:03:59', '2022-01-29 16:03:59'),
(2, '1B', 'admin', 'admin', '2022-01-29 16:03:59', '2022-01-29 16:03:59'),
(3, '1C', 'admin', 'admin', '2022-01-29 16:03:59', '2022-01-29 16:03:59'),
(4, '1D', 'admin', 'admin', '2022-01-29 16:03:59', '2022-01-29 16:03:59'),
(5, '1E', 'admin', 'admin', '2022-01-29 16:03:59', '2022-01-29 16:03:59'),
(6, '1F', 'admin', 'admin', '2022-01-29 16:03:59', '2022-01-29 16:03:59'),
(7, '2A', 'admin', 'admin', '2022-01-29 16:03:59', '2022-01-29 16:03:59'),
(8, '2B', 'admin', 'admin', '2022-01-29 16:03:59', '2022-01-29 16:03:59'),
(9, '2C', 'admin', 'admin', '2022-01-29 16:03:59', '2022-01-29 16:03:59'),
(10, '2D', 'admin', 'admin', '2022-01-29 16:03:59', '2022-01-29 16:03:59'),
(11, '2E', 'admin', 'admin', '2022-01-29 16:03:59', '2022-01-29 16:03:59'),
(12, '2F', 'admin', 'admin', '2022-01-29 16:03:59', '2022-01-29 16:03:59'),
(13, '3A', 'admin', 'admin', '2022-01-29 16:03:59', '2022-01-29 16:03:59'),
(14, '3B', 'admin', 'admin', '2022-01-29 16:03:59', '2022-01-29 16:03:59'),
(15, '3C', 'admin', 'admin', '2022-01-29 16:03:59', '2022-01-29 16:03:59'),
(16, '3D', 'admin', 'admin', '2022-01-29 16:03:59', '2022-01-29 16:03:59'),
(17, '3E', 'admin', 'admin', '2022-01-29 16:03:59', '2022-01-29 16:03:59'),
(18, '3F', 'admin', 'admin', '2022-01-29 16:03:59', '2022-01-29 16:03:59'),
(19, '4A', 'admin', 'admin', '2022-01-29 16:03:59', '2022-01-29 16:03:59'),
(20, '4B', 'admin', 'admin', '2022-01-29 16:03:59', '2022-01-29 16:03:59'),
(21, '4C', 'admin', 'admin', '2022-01-29 16:03:59', '2022-01-29 16:03:59'),
(22, '4D', 'admin', 'admin', '2022-01-29 16:03:59', '2022-01-29 16:03:59'),
(23, '4E', 'admin', 'admin', '2022-01-29 16:03:59', '2022-01-29 16:03:59'),
(24, '4F', 'admin', 'admin', '2022-01-29 16:03:59', '2022-01-29 16:03:59');

-- --------------------------------------------------------

--
-- Table structure for table `history_device_logs`
--

CREATE TABLE `history_device_logs` (
  `id` bigint(20) UNSIGNED NOT NULL,
  `uid` varchar(125) COLLATE utf8mb4_unicode_ci NOT NULL,
  `user_id` bigint(20) UNSIGNED NOT NULL,
  `keterangan` varchar(125) COLLATE utf8mb4_unicode_ci NOT NULL,
  `is_attendance` tinyint(1) NOT NULL DEFAULT '0',
  `createdBy` varchar(125) COLLATE utf8mb4_unicode_ci DEFAULT NULL,
  `created_at` timestamp NULL DEFAULT NULL,
  `updated_at` timestamp NULL DEFAULT NULL
) ENGINE=InnoDB DEFAULT CHARSET=utf8mb4 COLLATE=utf8mb4_unicode_ci;

--
-- Dumping data for table `history_device_logs`
--

INSERT INTO `history_device_logs` (`id`, `uid`, `user_id`, `keterangan`, `is_attendance`, `createdBy`, `created_at`, `updated_at`) VALUES
(423, '1', 4, 'Access Granted', 0, 'Tazaka Room : 1', '2022-01-10 17:37:30', '2022-01-10 17:37:30'),
(424, '1', 4, 'Access Granted', 0, 'Tazaka Room : 1', '2022-01-10 17:38:05', '2022-01-10 17:38:05'),
(425, '1', 4, 'Access Granted', 0, 'Tazaka Room : 1', '2022-01-10 17:40:17', '2022-01-10 17:40:17'),
(426, '1', 4, 'Access Granted', 0, 'Tazaka Room : 1', '2022-01-10 17:41:17', '2022-01-10 17:41:17'),
(427, '1', 4, 'Access Granted', 0, 'Tazaka Room : 1', '2022-01-10 17:42:34', '2022-01-10 17:42:34'),
(441, '4', 6, 'Access Granted', 0, 'Tazaka Room : 4', '2022-01-11 11:56:56', '2022-01-11 11:56:56'),
(442, '10', 6, 'Access Granted', 0, 'Tazaka Room : 10', '2022-01-11 11:57:48', '2022-01-11 11:57:48'),
(443, '11', 6, 'Access Granted', 0, 'Tazaka Room : 11', '2022-01-11 11:58:30', '2022-01-11 11:58:30'),
(444, '6', 6, 'Access Granted', 0, 'Tazaka Room : 6', '2022-01-11 12:00:26', '2022-01-11 12:00:26'),
(445, '6', 6, 'Access Granted', 0, 'Tazaka Room : 6', '2022-01-11 12:00:39', '2022-01-11 12:00:39'),
(447, '6', 6, 'Access Granted', 0, 'Tazaka Room : 6', '2022-01-11 12:02:21', '2022-01-11 12:02:21'),
(448, '6', 6, 'Access Granted', 0, 'Tazaka Room : 6', '2022-01-11 12:02:48', '2022-01-11 12:02:48'),
(449, '5', 6, 'Access Granted', 0, 'Tazaka Room : 5', '2022-01-11 12:04:06', '2022-01-11 12:04:06'),
(450, '4', 6, 'Access Granted', 0, 'Tazaka Room : 4', '2022-01-11 12:04:31', '2022-01-11 12:04:31'),
(466, '1', 7, 'Menambahkan Rfid', 1, 'Tazaka Room : 1', '2022-01-11 14:21:04', '2022-01-11 14:21:04'),
(469, '1', 10, 'Menambahkan Rfid', 1, 'Tazaka Room : 1', '2022-01-11 14:22:33', '2022-01-11 14:22:33'),
(473, '8', 10, 'Access Granted', 0, 'Tazaka Room : 8', '2022-01-11 16:07:01', '2022-01-11 16:07:01'),
(476, '10', 7, 'Access Granted', 0, 'Tazaka Room : 10', '2022-01-11 16:10:02', '2022-01-11 16:10:02'),
(477, '10', 7, 'Access Granted', 0, 'Tazaka Room : 10', '2022-01-11 16:10:22', '2022-01-11 16:10:22'),
(478, '11', 7, 'Access Granted', 0, 'Tazaka Room : 11', '2022-01-11 16:10:44', '2022-01-11 16:10:44'),
(481, '10', 10, 'Access Granted', 0, 'Tazaka Room : 10', '2022-01-11 18:37:05', '2022-01-11 18:37:05'),
(496, '10', 7, 'Access Granted', 0, 'Tazaka Room : 10', '2022-01-12 07:45:07', '2022-01-12 07:45:07'),
(498, '10', 7, 'Access Granted', 0, 'Tazaka Room : 10', '2022-01-12 08:14:20', '2022-01-12 08:14:20'),
(499, '10', 7, 'Access Granted', 0, 'Tazaka Room : 10', '2022-01-12 08:21:05', '2022-01-12 08:21:05'),
(501, '10', 7, 'Access Granted', 0, 'Tazaka Room : 10', '2022-01-12 08:42:32', '2022-01-12 08:42:32'),
(505, '8', 7, 'Access Granted', 0, 'Tazaka Room : 8', '2022-01-12 10:16:08', '2022-01-12 10:16:08'),
(506, '10', 7, 'Access Granted', 0, 'Tazaka Room : 10', '2022-01-12 10:29:03', '2022-01-12 10:29:03'),
(509, '10', 7, 'Access Granted', 0, 'Tazaka Room : 10', '2022-01-12 11:15:24', '2022-01-12 11:15:24'),
(521, '10', 10, 'Access Granted', 0, 'Tazaka Room : 10', '2022-01-12 16:09:52', '2022-01-12 16:09:52'),
(522, '10', 7, 'Access Granted', 0, 'Tazaka Room : 10', '2022-01-12 16:18:16', '2022-01-12 16:18:16'),
(523, '8', 7, 'Access Granted', 0, 'Tazaka Room : 8', '2022-01-12 16:58:26', '2022-01-12 16:58:26'),
(524, '10', 10, 'Access Granted', 0, 'Tazaka Room : 10', '2022-01-12 17:06:26', '2022-01-12 17:06:26'),
(525, '10', 7, 'Access Granted', 0, 'Tazaka Room : 10', '2022-01-12 17:19:51', '2022-01-12 17:19:51'),
(529, '10', 7, 'Access Granted', 0, 'Tazaka Room : 10', '2022-01-13 13:15:54', '2022-01-13 13:15:54'),
(536, '10', 10, 'Access Granted', 0, 'Tazaka Room : 10', '2022-01-13 13:19:52', '2022-01-13 13:19:52'),
(539, '10', 7, 'Access Granted', 0, 'Tazaka Room : 10', '2022-01-13 13:29:15', '2022-01-13 13:29:15'),
(540, '10', 7, 'Access Granted', 0, 'Tazaka Room : 10', '2022-01-13 13:33:10', '2022-01-13 13:33:10'),
(542, '10', 10, 'Access Granted', 0, 'Tazaka Room : 10', '2022-01-13 14:04:31', '2022-01-13 14:04:31'),
(543, '10', 7, 'Access Granted', 0, 'Tazaka Room : 10', '2022-01-13 14:44:09', '2022-01-13 14:44:09'),
(546, '10', 10, 'Access Granted', 0, 'Tazaka Room : 10', '2022-01-13 15:12:05', '2022-01-13 15:12:05'),
(549, '8', 10, 'Access Granted', 0, 'Tazaka Room : 8', '2022-01-13 16:47:55', '2022-01-13 16:47:55'),
(564, '10', 10, 'Access Granted', 0, 'Tazaka Room : 10', '2022-01-14 11:06:37', '2022-01-14 11:06:37'),
(565, '10', 10, 'Access Granted', 0, 'Tazaka Room : 10', '2022-01-14 11:07:07', '2022-01-14 11:07:07'),
(567, '10', 7, 'Access Granted', 0, 'Tazaka Room : 10', '2022-01-14 13:20:12', '2022-01-14 13:20:12'),
(574, '10', 10, 'Access Granted', 0, 'Tazaka Room : 10', '2022-01-15 10:09:34', '2022-01-15 10:09:34'),
(575, '10', 10, 'Access Granted', 0, 'Tazaka Room : 10', '2022-01-15 10:13:02', '2022-01-15 10:13:02'),
(576, '10', 7, 'Access Granted', 0, 'Tazaka Room : 10', '2022-01-15 10:22:27', '2022-01-15 10:22:27'),
(577, '10', 10, 'Access Granted', 0, 'Tazaka Room : 10', '2022-01-15 11:00:23', '2022-01-15 11:00:23'),
(579, '10', 7, 'Access Granted', 0, 'Tazaka Room : 10', '2022-01-15 13:18:27', '2022-01-15 13:18:27'),
(580, '8', 10, 'Access Granted', 0, 'Tazaka Room : 8', '2022-01-16 08:56:24', '2022-01-16 08:56:24'),
(581, '10', 10, 'Access Granted', 0, 'Tazaka Room : 10', '2022-01-16 09:55:32', '2022-01-16 09:55:32'),
(582, '8', 10, 'Access Granted', 0, 'Tazaka Room : 8', '2022-01-17 06:36:35', '2022-01-17 06:36:35'),
(584, '8', 10, 'Access Granted', 0, 'Tazaka Room : 8', '2022-01-17 07:29:57', '2022-01-17 07:29:57'),
(586, '4', 6, 'Access Granted', 0, 'Tazaka Room : 4', '2022-01-17 10:10:46', '2022-01-17 10:10:46'),
(587, '5', 6, 'Access Granted', 0, 'Tazaka Room : 5', '2022-01-17 10:11:08', '2022-01-17 10:11:08'),
(589, '10', 10, 'Access Granted', 0, 'Tazaka Room : 10', '2022-01-17 12:08:45', '2022-01-17 12:08:45'),
(599, '4', 6, 'Access Granted', 0, 'Tazaka Room : 4', '2022-01-17 14:29:19', '2022-01-17 14:29:19'),
(600, '5', 6, 'Access Granted', 0, 'Tazaka Room : 5', '2022-01-17 14:29:38', '2022-01-17 14:29:38'),
(601, '10', 6, 'Access Granted', 0, 'Tazaka Room : 10', '2022-01-17 14:30:18', '2022-01-17 14:30:18'),
(602, '10', 6, 'Access Granted', 0, 'Tazaka Room : 10', '2022-01-17 14:30:24', '2022-01-17 14:30:24'),
(603, '10', 6, 'Access Granted', 0, 'Tazaka Room : 10', '2022-01-17 14:30:56', '2022-01-17 14:30:56'),
(605, '8', 6, 'Access Granted', 0, 'Tazaka Room : 8', '2022-01-17 14:32:12', '2022-01-17 14:32:12'),
(606, '9', 6, 'Access Granted', 0, 'Tazaka Room : 9', '2022-01-17 14:32:53', '2022-01-17 14:32:53'),
(612, '10', 10, 'Access Granted', 0, 'Tazaka Room : 10', '2022-01-18 07:21:46', '2022-01-18 07:21:46'),
(630, '10', 10, 'Access Granted', 0, 'Tazaka Room : 10', '2022-01-19 08:39:22', '2022-01-19 08:39:22'),
(631, '10', 10, 'Access Granted', 0, 'Tazaka Room : 10', '2022-01-19 09:33:43', '2022-01-19 09:33:43'),
(637, '10', 10, 'Access Granted', 0, 'Tazaka Room : 10', '2022-01-19 11:08:40', '2022-01-19 11:08:40'),
(643, '10', 7, 'Access Granted', 0, 'Tazaka Room : 10', '2022-01-19 16:46:15', '2022-01-19 16:46:15'),
(644, '10', 10, 'Access Granted', 0, 'Tazaka Room : 10', '2022-01-19 17:06:13', '2022-01-19 17:06:13'),
(645, '10', 7, 'Access Granted', 0, 'Tazaka Room : 10', '2022-01-19 17:25:22', '2022-01-19 17:25:22'),
(655, '10', 10, 'Access Granted', 0, 'Tazaka Room : 10', '2022-01-20 08:16:00', '2022-01-20 08:16:00'),
(657, '10', 7, 'Access Granted', 0, 'Tazaka Room : 10', '2022-01-20 09:16:24', '2022-01-20 09:16:24'),
(665, '8', 7, 'Access Granted', 0, 'Tazaka Room : 8', '2022-01-20 11:46:49', '2022-01-20 11:46:49'),
(667, '10', 7, 'Access Granted', 0, 'Tazaka Room : 10', '2022-01-20 13:12:53', '2022-01-20 13:12:53'),
(670, '8', 10, 'Access Granted', 0, 'Tazaka Room : 8', '2022-01-20 13:29:33', '2022-01-20 13:29:33'),
(671, '10', 7, 'Access Granted', 0, 'Tazaka Room : 10', '2022-01-20 13:41:13', '2022-01-20 13:41:13'),
(672, '10', 10, 'Access Granted', 0, 'Tazaka Room : 10', '2022-01-20 13:57:51', '2022-01-20 13:57:51'),
(674, '10', 7, 'Access Granted', 0, 'Tazaka Room : 10', '2022-01-20 14:13:02', '2022-01-20 14:13:02'),
(676, '8', 10, 'Access Granted', 0, 'Tazaka Room : 8', '2022-01-20 14:33:30', '2022-01-20 14:33:30'),
(677, '10', 10, 'Access Granted', 0, 'Tazaka Room : 10', '2022-01-20 14:37:08', '2022-01-20 14:37:08'),
(681, '10', 10, 'Access Granted', 0, 'Tazaka Room : 10', '2022-01-20 14:54:11', '2022-01-20 14:54:11'),
(685, '10', 7, 'Access Granted', 0, 'Tazaka Room : 10', '2022-01-20 16:22:19', '2022-01-20 16:22:19'),
(687, '10', 7, 'Access Granted', 0, 'Tazaka Room : 10', '2022-01-20 16:38:08', '2022-01-20 16:38:08'),
(692, '10', 10, 'Access Granted', 0, 'Tazaka Room : 10', '2022-01-20 17:30:45', '2022-01-20 17:30:45'),
(693, '10', 10, 'Access Granted', 0, 'Tazaka Room : 10', '2022-01-20 18:37:00', '2022-01-20 18:37:00'),
(696, '10', 7, 'Access Granted', 0, 'Tazaka Room : 10', '2022-01-21 08:13:48', '2022-01-21 08:13:48'),
(697, '10', 10, 'Access Granted', 0, 'Tazaka Room : 10', '2022-01-21 08:27:20', '2022-01-21 08:27:20'),
(701, '10', 10, 'Access Granted', 0, 'Tazaka Room : 10', '2022-01-21 10:26:55', '2022-01-21 10:26:55'),
(705, '10', 10, 'Access Granted', 0, 'Tazaka Room : 10', '2022-01-21 11:07:40', '2022-01-21 11:07:40'),
(709, '10', 7, 'Access Granted', 0, 'Tazaka Room : 10', '2022-01-21 13:13:53', '2022-01-21 13:13:53'),
(710, '10', 10, 'Access Granted', 0, 'Tazaka Room : 10', '2022-01-21 13:19:25', '2022-01-21 13:19:25'),
(711, '10', 7, 'Access Granted', 0, 'Tazaka Room : 10', '2022-01-21 14:41:35', '2022-01-21 14:41:35'),
(712, '10', 10, 'Access Granted', 0, 'Tazaka Room : 10', '2022-01-21 14:46:42', '2022-01-21 14:46:42'),
(713, '10', 10, 'Access Granted', 0, 'Tazaka Room : 10', '2022-01-21 15:01:20', '2022-01-21 15:01:20'),
(716, '3', 7, 'Access Granted', 0, 'Tazaka Room : 3', '2022-01-21 15:55:47', '2022-01-21 15:55:47'),
(717, '10', 10, 'Access Granted', 0, 'Tazaka Room : 10', '2022-01-21 16:03:39', '2022-01-21 16:03:39'),
(718, '10', 10, 'Access Granted', 0, 'Tazaka Room : 10', '2022-01-21 16:17:07', '2022-01-21 16:17:07'),
(719, '10', 10, 'Access Granted', 0, 'Tazaka Room : 10', '2022-01-21 16:55:28', '2022-01-21 16:55:28'),
(720, '10', 10, 'Access Granted', 0, 'Tazaka Room : 10', '2022-01-21 17:10:09', '2022-01-21 17:10:09'),
(728, '10', 10, 'Access Granted', 0, 'Tazaka Room : 10', '2022-01-22 10:16:51', '2022-01-22 10:16:51'),
(729, '10', 10, 'Access Granted', 0, 'Tazaka Room : 10', '2022-01-22 11:43:58', '2022-01-22 11:43:58'),
(732, '8', 10, 'Access Granted', 0, 'Tazaka Room : 8', '2022-01-23 17:48:22', '2022-01-23 17:48:22'),
(733, '10', 10, 'Access Granted', 0, 'Tazaka Room : 10', '2022-01-23 18:08:24', '2022-01-23 18:08:24'),
(734, '8', 10, 'Access Granted', 0, 'Tazaka Room : 8', '2022-01-24 06:10:24', '2022-01-24 06:10:24'),
(739, '10', 7, 'Access Granted', 0, 'Tazaka Room : 10', '2022-01-24 07:36:14', '2022-01-24 07:36:14'),
(742, '8', 10, 'Access Granted', 0, 'Tazaka Room : 8', '2022-01-24 10:40:44', '2022-01-24 10:40:44'),
(743, '6', 6, 'Access Granted', 0, 'Tazaka Room : 6', '2022-01-24 13:12:35', '2022-01-24 13:12:35'),
(744, '7', 6, 'Access Granted', 0, 'Tazaka Room : 7', '2022-01-24 13:13:08', '2022-01-24 13:13:08'),
(745, '7', 6, 'Access Granted', 0, 'Tazaka Room : 7', '2022-01-24 13:13:23', '2022-01-24 13:13:23'),
(746, '10', 6, 'Access Granted', 0, 'Tazaka Room : 10', '2022-01-24 13:15:06', '2022-01-24 13:15:06'),
(747, '10', 6, 'Access Granted', 0, 'Tazaka Room : 10', '2022-01-24 13:15:12', '2022-01-24 13:15:12'),
(748, '11', 6, 'Access Granted', 0, 'Tazaka Room : 11', '2022-01-24 13:17:54', '2022-01-24 13:17:54'),
(749, '10', 7, 'Access Granted', 0, 'Tazaka Room : 10', '2022-01-24 14:30:42', '2022-01-24 14:30:42'),
(750, '5', 7, 'Access Granted', 0, 'Tazaka Room : 5', '2022-01-24 14:32:34', '2022-01-24 14:32:34'),
(751, '4', 7, 'Access Granted', 0, 'Tazaka Room : 4', '2022-01-24 14:33:58', '2022-01-24 14:33:58'),
(757, '10', 7, 'Access Granted', 0, 'Tazaka Room : 10', '2022-01-24 16:49:08', '2022-01-24 16:49:08'),
(763, '10', 7, 'Access Granted', 0, 'Tazaka Room : 10', '2022-01-25 08:21:38', '2022-01-25 08:21:38'),
(764, '10', 10, 'Access Granted', 0, 'Tazaka Room : 10', '2022-01-25 09:18:02', '2022-01-25 09:18:02'),
(765, '7', 7, 'Access Granted', 0, 'Tazaka Room : 7', '2022-01-25 09:28:50', '2022-01-25 09:28:50'),
(766, '7', 7, 'Access Granted', 0, 'Tazaka Room : 7', '2022-01-25 09:29:02', '2022-01-25 09:29:02'),
(772, '8', 7, 'Access Granted', 0, 'Tazaka Room : 8', '2022-01-27 07:51:53', '2022-01-27 07:51:53'),
(773, '8', 7, 'Access Granted', 0, 'Tazaka Room : 8', '2022-01-27 08:12:10', '2022-01-27 08:12:10'),
(774, '8', 7, 'Access Granted', 0, 'Tazaka Room : 8', '2022-01-27 08:12:17', '2022-01-27 08:12:17'),
(781, '10', 7, 'Access Granted', 0, 'Tazaka Room : 10', '2022-01-28 08:32:48', '2022-01-28 08:32:48'),
(782, '10', 7, 'Access Granted', 0, 'Tazaka Room : 10', '2022-01-28 10:13:52', '2022-01-28 10:13:52'),
(788, '2', 7, 'Access Granted', 0, 'Tazaka Room : 2', '2022-01-28 13:14:24', '2022-01-28 13:14:24'),
(790, '10', 10, 'Access Granted', 0, 'Tazaka Room : 10', '2022-01-28 14:12:46', '2022-01-28 14:12:46'),
(791, '10', 10, 'Access Granted', 0, 'Tazaka Room : 10', '2022-01-28 14:53:12', '2022-01-28 14:53:12'),
(792, '10', 10, 'Access Granted', 0, 'Tazaka Room : 10', '2022-01-28 16:39:10', '2022-01-28 16:39:10'),
(794, '10', 7, 'Access Granted', 0, 'Tazaka Room : 10', '2022-01-29 10:16:30', '2022-01-29 10:16:30'),
(802, '8', 7, 'Access Granted', 0, 'Tazaka Room : 8', '2022-01-29 14:39:58', '2022-01-29 14:39:58'),
(805, '8', 7, 'Access Granted', 0, 'Tazaka Room : 8', '2022-01-29 16:54:28', '2022-01-29 16:54:28'),
(851, '10', 10, 'Access Granted', 0, 'Tazaka Room : 10', '2022-01-29 17:58:27', '2022-01-29 17:58:27'),
(869, '6', 10, 'Access Granted', 0, 'Tazaka Room : 6', '2022-01-31 11:03:54', '2022-01-31 11:03:54'),
(874, '2', 7, 'Access Granted', 0, 'Tazaka Room : 2', '2022-02-02 16:25:48', '2022-02-02 16:25:48'),
(875, '8', 7, 'Access Granted', 0, 'Tazaka Room : 8', '2022-02-02 16:26:53', '2022-02-02 16:26:53'),
(884, '8', 7, 'Access Granted', 0, 'Tazaka Room : 8', '2022-02-03 08:17:32', '2022-02-03 08:17:32'),
(885, '10', 7, 'Access Granted', 0, 'Tazaka Room : 10', '2022-02-03 10:45:19', '2022-02-03 10:45:19'),
(886, '11', 7, 'Access Granted', 0, 'Tazaka Room : 11', '2022-02-03 10:45:46', '2022-02-03 10:45:46'),
(887, '10', 7, 'Access Granted', 0, 'Tazaka Room : 10', '2022-02-03 10:49:51', '2022-02-03 10:49:51'),
(888, '2', 7, 'Access Granted', 0, 'Tazaka Room : 2', '2022-02-03 10:51:22', '2022-02-03 10:51:22'),
(889, '2', 7, 'Access Granted', 0, 'Tazaka Room : 2', '2022-02-03 11:09:12', '2022-02-03 11:09:12'),
(890, '10', 7, 'Access Granted', 0, 'Tazaka Room : 10', '2022-02-03 11:17:01', '2022-02-03 11:17:01'),
(891, '10', 10, 'Access Granted', 0, 'Tazaka Room : 10', '2022-02-03 11:26:12', '2022-02-03 11:26:12'),
(892, '10', 7, 'Access Granted', 0, 'Tazaka Room : 10', '2022-02-03 11:50:11', '2022-02-03 11:50:11'),
(893, '4', 7, 'Access Granted', 0, 'Tazaka Room : 4', '2022-02-03 12:00:14', '2022-02-03 12:00:14'),
(895, '6', 7, 'Access Granted', 0, 'Tazaka Room : 6', '2022-02-03 13:13:32', '2022-02-03 13:13:32'),
(896, '6', 7, 'Access Granted', 0, 'Tazaka Room : 6', '2022-02-03 13:13:47', '2022-02-03 13:13:47'),
(897, '6', 7, 'Access Granted', 0, 'Tazaka Room : 6', '2022-02-03 13:45:30', '2022-02-03 13:45:30'),
(898, '10', 7, 'Access Granted', 0, 'Tazaka Room : 10', '2022-02-03 13:53:54', '2022-02-03 13:53:54'),
(899, '8', 7, 'Access Granted', 0, 'Tazaka Room : 8', '2022-02-03 14:26:12', '2022-02-03 14:26:12'),
(900, '10', 7, 'Access Granted', 0, 'Tazaka Room : 10', '2022-02-03 16:30:47', '2022-02-03 16:30:47'),
(903, '6', 7, 'Access Granted', 0, 'Tazaka Room : 6', '2022-02-04 09:31:15', '2022-02-04 09:31:15'),
(904, '6', 7, 'Access Granted', 0, 'Tazaka Room : 6', '2022-02-04 10:44:26', '2022-02-04 10:44:26'),
(905, '11', 7, 'Access Granted', 0, 'Tazaka Room : 11', '2022-02-04 13:19:05', '2022-02-04 13:19:05'),
(909, '8', 10, 'Access Granted', 0, 'Tazaka Room : 8', '2022-02-04 14:31:23', '2022-02-04 14:31:23'),
(910, '8', 7, 'Access Granted', 0, 'Tazaka Room : 8', '2022-02-04 14:37:38', '2022-02-04 14:37:38'),
(911, '8', 7, 'Access Granted', 0, 'Tazaka Room : 8', '2022-02-04 14:37:43', '2022-02-04 14:37:43'),
(912, '8', 7, 'Access Granted', 0, 'Tazaka Room : 8', '2022-02-04 14:37:58', '2022-02-04 14:37:58'),
(913, '8', 7, 'Access Granted', 0, 'Tazaka Room : 8', '2022-02-04 14:38:05', '2022-02-04 14:38:05'),
(914, '10', 10, 'Access Granted', 0, 'Tazaka Room : 10', '2022-02-04 15:07:20', '2022-02-04 15:07:20'),
(915, '10', 7, 'Access Granted', 0, 'Tazaka Room : 10', '2022-02-04 15:18:45', '2022-02-04 15:18:45'),
(916, '10', 7, 'Access Granted', 0, 'Tazaka Room : 10', '2022-02-04 15:18:51', '2022-02-04 15:18:51'),
(917, '10', 7, 'Access Granted', 0, 'Tazaka Room : 10', '2022-02-04 16:19:10', '2022-02-04 16:19:10'),
(918, '10', 10, 'Access Granted', 0, 'Tazaka Room : 10', '2022-02-04 16:35:22', '2022-02-04 16:35:22'),
(920, '11', 7, 'Access Granted', 0, 'Tazaka Room : 11', '2022-02-05 15:22:28', '2022-02-05 15:22:28'),
(921, '6', 7, 'Access Granted', 0, 'Tazaka Room : 6', '2022-02-05 15:23:49', '2022-02-05 15:23:49'),
(922, '6', 7, 'Access Granted', 0, 'Tazaka Room : 6', '2022-02-05 15:23:57', '2022-02-05 15:23:57'),
(923, '10', 10, 'Access Granted', 0, 'Tazaka Room : 10', '2022-02-05 15:36:00', '2022-02-05 15:36:00'),
(924, '8', 10, 'Access Granted', 0, 'Tazaka Room : 8', '2022-02-06 19:46:23', '2022-02-06 19:46:23'),
(925, '8', 10, 'Access Granted', 0, 'Tazaka Room : 8', '2022-02-07 06:21:34', '2022-02-07 06:21:34'),
(926, '10', 10, 'Access Granted', 0, 'Tazaka Room : 10', '2022-02-07 08:40:17', '2022-02-07 08:40:17'),
(928, '10', 10, 'Access Granted', 0, 'Tazaka Room : 10', '2022-02-07 11:20:46', '2022-02-07 11:20:46'),
(929, '10', 10, 'Access Granted', 0, 'Tazaka Room : 10', '2022-02-07 11:35:00', '2022-02-07 11:35:00'),
(931, '10', 7, 'Access Granted', 0, 'Tazaka Room : 10', '2022-02-07 16:48:59', '2022-02-07 16:48:59'),
(932, '10', 7, 'Access Granted', 0, 'Tazaka Room : 10', '2022-02-07 17:04:29', '2022-02-07 17:04:29'),
(938, '10', 10, 'Access Granted', 0, 'Tazaka Room : 10', '2022-02-08 14:13:17', '2022-02-08 14:13:17'),
(945, '10', 7, 'Access Granted', 0, 'Tazaka Room : 10', '2022-02-08 15:39:52', '2022-02-08 15:39:52'),
(946, '6', 7, 'Access Granted', 0, 'Tazaka Room : 6', '2022-02-08 16:19:01', '2022-02-08 16:19:01'),
(947, '6', 7, 'Access Granted', 0, 'Tazaka Room : 6', '2022-02-08 16:19:12', '2022-02-08 16:19:12'),
(948, '6', 7, 'Access Granted', 0, 'Tazaka Room : 6', '2022-02-08 16:42:12', '2022-02-08 16:42:12'),
(949, '8', 7, 'Access Granted', 0, 'Tazaka Room : 8', '2022-02-08 16:58:29', '2022-02-08 16:58:29'),
(963, '10', 10, 'Access Granted', 0, 'Tazaka Room : 10', '2022-02-10 08:20:13', '2022-02-10 08:20:13'),
(975, '6', 10, 'Access Granted', 0, 'Tazaka Room : 6', '2022-02-10 20:26:51', '2022-02-10 20:26:51'),
(976, '6', 10, 'Access Granted', 0, 'Tazaka Room : 6', '2022-02-10 20:27:00', '2022-02-10 20:27:00'),
(990, '8', 10, 'Access Granted', 0, 'Tazaka Room : 8', '2022-02-12 20:13:14', '2022-02-12 20:13:14'),
(992, '8', 10, 'Access Granted', 0, 'Tazaka Room : 8', '2022-02-13 13:29:12', '2022-02-13 13:29:12'),
(993, '8', 10, 'Access Granted', 0, 'Tazaka Room : 8', '2022-02-13 13:29:29', '2022-02-13 13:29:29'),
(994, '8', 10, 'Access Granted', 0, 'Tazaka Room : 8', '2022-02-14 06:22:28', '2022-02-14 06:22:28'),
(1003, '10', 10, 'Access Granted', 0, 'Tazaka Room : 10', '2022-02-15 09:54:29', '2022-02-15 09:54:29'),
(1004, '10', 10, 'Access Granted', 0, 'Tazaka Room : 10', '2022-02-15 10:04:53', '2022-02-15 10:04:53'),
(1067, '8', 11, 'Access Granted', 0, 'Tazaka Room : 8', '2022-03-02 10:12:27', '2022-03-02 10:12:27'),
(1068, '8', 11, 'Access Granted', 0, 'Tazaka Room : 8', '2022-03-02 10:12:32', '2022-03-02 10:12:32'),
(1069, '8', 11, 'Access Granted', 0, 'Tazaka Room : 8', '2022-03-02 10:12:44', '2022-03-02 10:12:44'),
(1078, '10', 10, 'Access Granted', 0, 'Tazaka Room : 10', '2022-03-03 07:56:29', '2022-03-03 07:56:29'),
(1082, '6', 10, 'Access Granted', 0, 'Tazaka Room : 6', '2022-03-04 11:07:03', '2022-03-04 11:07:03'),
(1095, '6', 4, 'Access Granted', 0, 'Tazaka Room : 6', '2022-03-17 20:12:15', '2022-03-17 20:12:15'),
(1096, '10', 4, 'Access Granted', 0, 'Tazaka Room : 10', '2022-03-17 20:18:28', '2022-03-17 20:18:28'),
(1097, '1', 4, 'Access Granted', 0, 'Tazaka Room : 1', '2022-03-17 20:20:27', '2022-03-17 20:20:27'),
(1098, '2', 4, 'Access Granted', 0, 'Tazaka Room : 2', '2022-03-17 20:20:33', '2022-03-17 20:20:33'),
(1099, '1', 4, 'Access Granted', 0, 'Tazaka Room : 1', '2022-03-17 20:20:38', '2022-03-17 20:20:38'),
(1100, '2', 4, 'Access Granted', 0, 'Tazaka Room : 2', '2022-03-17 20:20:44', '2022-03-17 20:20:44'),
(1101, '1', 4, 'Access Granted', 0, 'Tazaka Room : 1', '2022-03-17 20:20:49', '2022-03-17 20:20:49'),
(1102, '7', 4, 'Access Granted', 0, 'Tazaka Room : 7', '2022-03-17 20:39:53', '2022-03-17 20:39:53'),
(1103, '1', 4, 'attendance recorded', 1, 'Tazaka Room : 1', '2022-03-17 20:54:47', '2022-03-17 20:54:47'),
(1104, '1', 4, 'attendance recorded', 1, 'Tazaka Room : 1', '2022-03-17 20:54:50', '2022-03-17 20:54:50'),
(1105, '1', 4, 'attendance recorded', 1, 'Tazaka Room : 1', '2022-03-17 20:54:51', '2022-03-17 20:54:51'),
(1106, '6', 4, 'Access Granted', 0, 'Tazaka Room : 6', '2022-03-17 21:11:17', '2022-03-17 21:11:17'),
(1107, '1', 4, 'Access Granted', 0, 'Tazaka Room : 1', '2022-03-17 22:02:06', '2022-03-17 22:02:06'),
(1108, '1', 4, 'Access Granted', 0, 'Tazaka Room : 1', '2022-03-17 22:02:18', '2022-03-17 22:02:18'),
(1109, '6', 4, 'Access Granted', 0, 'Tazaka Room : 6', '2022-03-17 22:04:13', '2022-03-17 22:04:13'),
(1110, '1', 4, 'attendance recorded', 1, 'Tazaka Room : 1', '2022-03-17 22:12:58', '2022-03-17 22:12:58'),
(1111, '2', 4, 'attendance recorded', 1, 'Tazaka Room : 2', '2022-03-17 22:13:40', '2022-03-17 22:13:40'),
(1112, '2', 4, 'attendance recorded', 1, 'Tazaka Room : 2', '2022-03-17 22:13:45', '2022-03-17 22:13:45'),
(1113, '1', 4, 'Access Granted', 0, 'Tazaka Room : 1', '2022-03-17 22:14:15', '2022-03-17 22:14:15'),
(1114, '1', 4, 'attendance recorded', 1, 'Tazaka Room : 1', '2022-03-17 22:58:07', '2022-03-17 22:58:07'),
(1115, '10', 4, 'Access Granted', 0, 'Tazaka Room : 10', '2022-03-17 23:37:10', '2022-03-17 23:37:10'),
(1116, '3', 4, 'Access Granted', 0, 'Tazaka Room : 3', '2022-03-17 23:39:41', '2022-03-17 23:39:41'),
(1117, '5', 4, 'Access Granted', 0, 'Tazaka Room : 5', '2022-03-18 02:22:13', '2022-03-18 02:22:13'),
(1118, '8', 4, 'Access Granted', 0, 'Tazaka Room : 8', '2022-03-18 11:06:10', '2022-03-18 11:06:10'),
(1119, '8', 4, 'Access Granted', 0, 'Tazaka Room : 8', '2022-03-18 11:09:19', '2022-03-18 11:09:19'),
(1120, '8', 4, 'Access Granted', 0, 'Tazaka Room : 8', '2022-03-18 11:10:43', '2022-03-18 11:10:43'),
(1121, '10', 4, 'Access Granted', 0, 'Tazaka Room : 10', '2022-03-18 11:56:38', '2022-03-18 11:56:38'),
(1122, '5', 4, 'Access Granted', 0, 'Tazaka Room : 5', '2022-03-18 12:56:18', '2022-03-18 12:56:18'),
(1123, '5', 4, 'Access Granted', 0, 'Tazaka Room : 5', '2022-03-18 12:59:47', '2022-03-18 12:59:47'),
(1124, '5', 4, 'Access Granted', 0, 'Tazaka Room : 5', '2022-03-18 13:00:03', '2022-03-18 13:00:03'),
(1125, '4', 4, 'Access Granted', 0, 'Tazaka Room : 4', '2022-03-18 13:00:22', '2022-03-18 13:00:22'),
(1126, '4', 4, 'Access Granted', 0, 'Tazaka Room : 4', '2022-03-18 13:00:43', '2022-03-18 13:00:43'),
(1127, '4', 4, 'Access Granted', 0, 'Tazaka Room : 4', '2022-03-18 13:02:16', '2022-03-18 13:02:16'),
(1128, '5', 4, 'Access Granted', 0, 'Tazaka Room : 5', '2022-03-18 13:02:39', '2022-03-18 13:02:39'),
(1129, '5', 4, 'Access Granted', 0, 'Tazaka Room : 5', '2022-03-18 13:03:23', '2022-03-18 13:03:23'),
(1130, '4', 4, 'Access Granted', 0, 'Tazaka Room : 4', '2022-03-18 13:04:03', '2022-03-18 13:04:03'),
(1131, '10', 4, 'Access Granted', 0, 'Tazaka Room : 10', '2022-03-18 13:16:05', '2022-03-18 13:16:05'),
(1132, '8', 4, 'Access Granted', 0, 'Tazaka Room : 8', '2022-03-18 13:17:28', '2022-03-18 13:17:28'),
(1133, '9', 4, 'Access Granted', 0, 'Tazaka Room : 9', '2022-03-18 13:17:45', '2022-03-18 13:17:45'),
(1134, '9', 4, 'Access Granted', 0, 'Tazaka Room : 9', '2022-03-18 13:19:20', '2022-03-18 13:19:20'),
(1135, '8', 4, 'Access Granted', 0, 'Tazaka Room : 8', '2022-03-18 13:19:51', '2022-03-18 13:19:51'),
(1136, '9', 4, 'Access Granted', 0, 'Tazaka Room : 9', '2022-03-18 13:20:23', '2022-03-18 13:20:23'),
(1137, '10', 4, 'Access Granted', 0, 'Tazaka Room : 10', '2022-03-18 13:27:04', '2022-03-18 13:27:04'),
(1142, '6', 10, 'Access Granted', 0, 'Tazaka Room : 6', '2022-03-19 10:38:32', '2022-03-19 10:38:32'),
(1143, '6', 10, 'Access Granted', 0, 'Tazaka Room : 6', '2022-03-19 11:13:44', '2022-03-19 11:13:44'),
(1145, '10', 10, 'Access Granted', 0, 'Tazaka Room : 10', '2022-03-21 08:40:22', '2022-03-21 08:40:22'),
(1146, '10', 10, 'Access Granted', 0, 'Tazaka Room : 10', '2022-03-21 11:15:41', '2022-03-21 11:15:41'),
(1147, '6', 10, 'Access Granted', 0, 'Tazaka Room : 6', '2022-03-21 11:29:31', '2022-03-21 11:29:31'),
(1148, '6', 10, 'Access Granted', 0, 'Tazaka Room : 6', '2022-03-21 11:35:09', '2022-03-21 11:35:09'),
(1149, '6', 10, 'Access Granted', 0, 'Tazaka Room : 6', '2022-03-22 08:47:46', '2022-03-22 08:47:46'),
(1151, '10', 10, 'Access Granted', 0, 'Tazaka Room : 10', '2022-03-22 20:28:29', '2022-03-22 20:28:29'),
(1152, '6', 10, 'Access Granted', 0, 'Tazaka Room : 6', '2022-03-25 15:41:38', '2022-03-25 15:41:38'),
(1153, '4', 6, 'Access Granted', 0, 'Tazaka Room : 4', '2022-03-26 13:12:23', '2022-03-26 13:12:23'),
(1154, '4', 6, 'Access Granted', 0, 'Tazaka Room : 4', '2022-03-26 13:12:28', '2022-03-26 13:12:28'),
(1155, '5', 6, 'Access Granted', 0, 'Tazaka Room : 5', '2022-03-26 13:12:46', '2022-03-26 13:12:46'),
(1156, '10', 6, 'Access Granted', 0, 'Tazaka Room : 10', '2022-03-26 13:13:33', '2022-03-26 13:13:33'),
(1157, '10', 6, 'Access Granted', 0, 'Tazaka Room : 10', '2022-03-26 13:13:38', '2022-03-26 13:13:38'),
(1158, '11', 6, 'Access Granted', 0, 'Tazaka Room : 11', '2022-03-26 13:14:04', '2022-03-26 13:14:04'),
(1159, '8', 6, 'Access Granted', 0, 'Tazaka Room : 8', '2022-03-26 13:15:31', '2022-03-26 13:15:31'),
(1160, '9', 6, 'Access Granted', 0, 'Tazaka Room : 9', '2022-03-26 13:15:40', '2022-03-26 13:15:40'),
(1161, '1', 6, 'Access Granted', 0, 'Tazaka Room : 1', '2022-03-26 13:18:38', '2022-03-26 13:18:38'),
(1162, '4', 6, 'Access Granted', 0, 'Tazaka Room : 4', '2022-03-26 13:23:02', '2022-03-26 13:23:02'),
(1163, '5', 6, 'Access Granted', 0, 'Tazaka Room : 5', '2022-03-26 13:23:35', '2022-03-26 13:23:35'),
(1164, '10', 10, 'Access Granted', 0, 'Tazaka Room : 10', '2022-03-27 10:59:37', '2022-03-27 10:59:37'),
(1165, '6', 10, 'Access Granted', 0, 'Tazaka Room : 6', '2022-03-28 08:46:18', '2022-03-28 08:46:18'),
(1166, '10', 10, 'Access Granted', 0, 'Tazaka Room : 10', '2022-03-29 08:27:45', '2022-03-29 08:27:45'),
(1167, '6', 10, 'Access Granted', 0, 'Tazaka Room : 6', '2022-03-29 11:04:03', '2022-03-29 11:04:03'),
(1181, '8', 10, 'Access Granted', 0, 'Tazaka Room : 8', '2022-04-04 06:08:18', '2022-04-04 06:08:18'),
(1182, '8', 10, 'Access Granted', 0, 'Tazaka Room : 8', '2022-04-04 06:08:36', '2022-04-04 06:08:36'),
(1184, '6', 10, 'Access Granted', 0, 'Tazaka Room : 6', '2022-04-04 15:57:58', '2022-04-04 15:57:58'),
(1185, '6', 10, 'Access Granted', 0, 'Tazaka Room : 6', '2022-04-06 10:07:42', '2022-04-06 10:07:42'),
(1186, '6', 10, 'Access Granted', 0, 'Tazaka Room : 6', '2022-04-06 10:07:54', '2022-04-06 10:07:54'),
(1187, '6', 10, 'Access Granted', 0, 'Tazaka Room : 6', '2022-04-06 10:08:04', '2022-04-06 10:08:04'),
(1196, '6', 10, 'Access Granted', 0, 'Tazaka Room : 6', '2022-04-09 18:35:28', '2022-04-09 18:35:28'),
(1217, '6', 10, 'Access Granted', 0, 'Tazaka Room : 6', '2022-04-25 09:09:21', '2022-04-25 09:09:21'),
(1218, '6', 10, 'Access Granted', 0, 'Tazaka Room : 6', '2022-04-26 07:36:16', '2022-04-26 07:36:16'),
(1219, '6', 10, 'Access Granted', 0, 'Tazaka Room : 6', '2022-04-27 08:15:09', '2022-04-27 08:15:09'),
(1239, '6', 33, 'Access Granted', 0, 'Tazaka Room : 6', '2022-05-24 09:11:36', '2022-05-24 09:11:36'),
(1240, '4', 33, 'Access Granted', 0, 'Tazaka Room : 4', '2022-05-25 17:13:39', '2022-05-25 17:13:39'),
(1241, '4', 38, 'Access Granted', 0, 'Tazaka Room : 4', '2022-05-27 08:00:09', '2022-05-27 08:00:09'),
(1242, '10', 42, 'Access Granted', 0, 'Tazaka Room : 10', '2022-05-27 09:28:31', '2022-05-27 09:28:31'),
(1243, '11', 42, 'Access Granted', 0, 'Tazaka Room : 11', '2022-05-27 09:29:19', '2022-05-27 09:29:19'),
(1244, '10', 41, 'Access Granted', 0, 'Tazaka Room : 10', '2022-05-27 09:34:41', '2022-05-27 09:34:41'),
(1245, '10', 43, 'Access Granted', 0, 'Tazaka Room : 10', '2022-05-27 09:37:08', '2022-05-27 09:37:08'),
(1246, '10', 43, 'Access Granted', 0, 'Tazaka Room : 10', '2022-05-27 09:37:13', '2022-05-27 09:37:13'),
(1247, '10', 43, 'Access Granted', 0, 'Tazaka Room : 10', '2022-05-27 09:37:20', '2022-05-27 09:37:20'),
(1248, '10', 43, 'Access Granted', 0, 'Tazaka Room : 10', '2022-05-27 09:37:25', '2022-05-27 09:37:25'),
(1249, '4', 46, 'Access Granted', 0, 'Tazaka Room : 4', '2022-05-27 10:04:26', '2022-05-27 10:04:26'),
(1250, '5', 46, 'Access Granted', 0, 'Tazaka Room : 5', '2022-05-27 10:04:55', '2022-05-27 10:04:55'),
(1251, '5', 38, 'Access Granted', 0, 'Tazaka Room : 5', '2022-05-27 10:06:20', '2022-05-27 10:06:20'),
(1252, '5', 38, 'Access Granted', 0, 'Tazaka Room : 5', '2022-05-27 10:06:49', '2022-05-27 10:06:49'),
(1253, '10', 45, 'Access Granted', 0, 'Tazaka Room : 10', '2022-05-27 10:07:03', '2022-05-27 10:07:03'),
(1254, '10', 45, 'Access Granted', 0, 'Tazaka Room : 10', '2022-05-27 10:07:19', '2022-05-27 10:07:19'),
(1255, '10', 45, 'Access Granted', 0, 'Tazaka Room : 10', '2022-05-27 10:07:39', '2022-05-27 10:07:39'),
(1256, '10', 10, 'Access Granted', 0, 'Tazaka Room : 10', '2022-05-27 10:42:41', '2022-05-27 10:42:41'),
(1257, '10', 32, 'Access Granted', 0, 'Tazaka Room : 10', '2022-05-28 10:32:00', '2022-05-28 10:32:00'),
(1258, '6', 30, 'Access Granted', 0, 'Tazaka Room : 6', '2022-05-28 10:34:03', '2022-05-28 10:34:03'),
(1259, '10', 30, 'Access Granted', 0, 'Tazaka Room : 10', '2022-05-28 10:35:45', '2022-05-28 10:35:45'),
(1260, '10', 30, 'Access Granted', 0, 'Tazaka Room : 10', '2022-05-28 10:35:50', '2022-05-28 10:35:50'),
(1261, '10', 10, 'Access Granted', 0, 'Tazaka Room : 10', '2022-05-28 10:57:34', '2022-05-28 10:57:34'),
(1262, '10', 10, 'Access Granted', 0, 'Tazaka Room : 10', '2022-05-28 11:55:50', '2022-05-28 11:55:50'),
(1263, '10', 45, 'Access Granted', 0, 'Tazaka Room : 10', '2022-05-28 12:13:02', '2022-05-28 12:13:02'),
(1264, '10', 54, 'Access Granted', 0, 'Tazaka Room : 10', '2022-05-28 14:03:05', '2022-05-28 14:03:05'),
(1265, '4', 54, 'Access Granted', 0, 'Tazaka Room : 4', '2022-05-28 14:05:30', '2022-05-28 14:05:30'),
(1266, '6', 54, 'Access Granted', 0, 'Tazaka Room : 6', '2022-05-28 14:07:09', '2022-05-28 14:07:09'),
(1267, '6', 36, 'Access Granted', 0, 'Tazaka Room : 6', '2022-05-28 14:14:59', '2022-05-28 14:14:59'),
(1268, '6', 37, 'Access Granted', 0, 'Tazaka Room : 6', '2022-05-28 14:15:45', '2022-05-28 14:15:45'),
(1269, '10', 79, 'Access Granted', 0, 'Tazaka Room : 10', '2022-05-28 14:41:33', '2022-05-28 14:41:33'),
(1270, '10', 79, 'Access Granted', 0, 'Tazaka Room : 10', '2022-05-28 14:41:38', '2022-05-28 14:41:38'),
(1271, '11', 43, 'Access Granted', 0, 'Tazaka Room : 11', '2022-05-28 14:43:48', '2022-05-28 14:43:48'),
(1272, '10', 41, 'Access Granted', 0, 'Tazaka Room : 10', '2022-05-28 14:45:36', '2022-05-28 14:45:36'),
(1273, '11', 41, 'Access Granted', 0, 'Tazaka Room : 11', '2022-05-28 14:46:31', '2022-05-28 14:46:31'),
(1274, '10', 79, 'Access Granted', 0, 'Tazaka Room : 10', '2022-05-28 14:56:29', '2022-05-28 14:56:29'),
(1275, '10', 79, 'Access Granted', 0, 'Tazaka Room : 10', '2022-05-28 14:56:35', '2022-05-28 14:56:35'),
(1276, '10', 79, 'Access Granted', 0, 'Tazaka Room : 10', '2022-05-28 14:57:06', '2022-05-28 14:57:06'),
(1277, '10', 43, 'Access Granted', 0, 'Tazaka Room : 10', '2022-05-28 14:58:53', '2022-05-28 14:58:53'),
(1278, '10', 43, 'Access Granted', 0, 'Tazaka Room : 10', '2022-05-28 14:58:59', '2022-05-28 14:58:59'),
(1279, '11', 42, 'Access Granted', 0, 'Tazaka Room : 11', '2022-05-28 15:00:47', '2022-05-28 15:00:47'),
(1280, '4', 38, 'Access Granted', 0, 'Tazaka Room : 4', '2022-05-28 15:34:57', '2022-05-28 15:34:57'),
(1281, '6', 11, 'Access Granted', 0, 'Tazaka Room : 6', '2022-05-28 15:40:14', '2022-05-28 15:40:14'),
(1282, '10', 65, 'Access Granted', 0, 'Tazaka Room : 10', '2022-05-28 15:40:36', '2022-05-28 15:40:36'),
(1283, '10', 10, 'Access Granted', 0, 'Tazaka Room : 10', '2022-05-28 16:08:25', '2022-05-28 16:08:25'),
(1284, '10', 41, 'Access Granted', 0, 'Tazaka Room : 10', '2022-05-28 17:57:00', '2022-05-28 17:57:00'),
(1285, '10', 42, 'Access Granted', 0, 'Tazaka Room : 10', '2022-05-28 19:31:31', '2022-05-28 19:31:31'),
(1286, '4', 31, 'Access Granted', 0, 'Tazaka Room : 4', '2022-05-30 07:04:10', '2022-05-30 07:04:10'),
(1287, '10', 54, 'Access Granted', 0, 'Tazaka Room : 10', '2022-05-30 08:05:12', '2022-05-30 08:05:12'),
(1288, '10', 54, 'Access Granted', 0, 'Tazaka Room : 10', '2022-05-30 08:05:19', '2022-05-30 08:05:19'),
(1289, '10', 30, 'Access Granted', 0, 'Tazaka Room : 10', '2022-05-30 10:08:04', '2022-05-30 10:08:04'),
(1290, '4', 38, 'Access Granted', 0, 'Tazaka Room : 4', '2022-05-30 16:54:13', '2022-05-30 16:54:13'),
(1291, '4', 46, 'Access Granted', 0, 'Tazaka Room : 4', '2022-05-30 16:59:25', '2022-05-30 16:59:25'),
(1292, '4', 46, 'Access Granted', 0, 'Tazaka Room : 4', '2022-05-30 18:32:52', '2022-05-30 18:32:52'),
(1293, '4', 36, 'Access Granted', 0, 'Tazaka Room : 4', '2022-05-30 19:14:51', '2022-05-30 19:14:51'),
(1294, '4', 36, 'Access Granted', 0, 'Tazaka Room : 4', '2022-05-30 19:28:23', '2022-05-30 19:28:23'),
(1295, '10', 43, 'Access Granted', 0, 'Tazaka Room : 10', '2022-05-30 20:14:17', '2022-05-30 20:14:17'),
(1296, '10', 43, 'Access Granted', 0, 'Tazaka Room : 10', '2022-05-30 20:14:22', '2022-05-30 20:14:22'),
(1297, '10', 43, 'Access Granted', 0, 'Tazaka Room : 10', '2022-05-30 20:54:35', '2022-05-30 20:54:35'),
(1298, '10', 43, 'Access Granted', 0, 'Tazaka Room : 10', '2022-05-30 20:54:40', '2022-05-30 20:54:40'),
(1299, '10', 42, 'Access Granted', 0, 'Tazaka Room : 10', '2022-05-30 23:37:00', '2022-05-30 23:37:00'),
(1300, '4', 36, 'Access Granted', 0, 'Tazaka Room : 4', '2022-05-31 00:40:15', '2022-05-31 00:40:15'),
(1301, '4', 36, 'Access Granted', 0, 'Tazaka Room : 4', '2022-05-31 00:58:27', '2022-05-31 00:58:27'),
(1302, '4', 36, 'Access Granted', 0, 'Tazaka Room : 4', '2022-05-31 00:59:04', '2022-05-31 00:59:04'),
(1303, '4', 36, 'Access Granted', 0, 'Tazaka Room : 4', '2022-05-31 02:10:24', '2022-05-31 02:10:24'),
(1304, '4', 36, 'Access Granted', 0, 'Tazaka Room : 4', '2022-05-31 02:40:06', '2022-05-31 02:40:06'),
(1305, '4', 56, 'Access Granted', 0, 'Tazaka Room : 4', '2022-05-31 03:06:53', '2022-05-31 03:06:53'),
(1306, '4', 56, 'Access Granted', 0, 'Tazaka Room : 4', '2022-05-31 06:46:46', '2022-05-31 06:46:46'),
(1307, '4', 81, 'Access Granted', 0, 'Tazaka Room : 4', '2022-05-31 07:17:55', '2022-05-31 07:17:55'),
(1308, '6', 81, 'Access Granted', 0, 'Tazaka Room : 6', '2022-05-31 07:19:59', '2022-05-31 07:19:59'),
(1309, '6', 99, 'Access Granted', 0, 'Tazaka Room : 6', '2022-05-31 07:31:52', '2022-05-31 07:31:52'),
(1310, '10', 41, 'Access Granted', 0, 'Tazaka Room : 10', '2022-05-31 07:37:16', '2022-05-31 07:37:16'),
(1311, '6', 81, 'Access Granted', 0, 'Tazaka Room : 6', '2022-05-31 09:40:50', '2022-05-31 09:40:50'),
(1312, '4', 72, 'Access Granted', 0, 'Tazaka Room : 4', '2022-05-31 11:36:58', '2022-05-31 11:36:58'),
(1313, '6', 31, 'Access Granted', 0, 'Tazaka Room : 6', '2022-05-31 13:37:59', '2022-05-31 13:37:59'),
(1314, '10', 41, 'Access Granted', 0, 'Tazaka Room : 10', '2022-05-31 15:17:50', '2022-05-31 15:17:50'),
(1315, '10', 41, 'Access Granted', 0, 'Tazaka Room : 10', '2022-05-31 16:39:38', '2022-05-31 16:39:38'),
(1316, '10', 43, 'Access Granted', 0, 'Tazaka Room : 10', '2022-05-31 19:13:54', '2022-05-31 19:13:54'),
(1317, '10', 43, 'Access Granted', 0, 'Tazaka Room : 10', '2022-05-31 19:13:59', '2022-05-31 19:13:59'),
(1318, '4', 56, 'Access Granted', 0, 'Tazaka Room : 4', '2022-05-31 20:20:00', '2022-05-31 20:20:00'),
(1319, '4', 56, 'Access Granted', 0, 'Tazaka Room : 4', '2022-05-31 20:23:35', '2022-05-31 20:23:35'),
(1320, '4', 56, 'Access Granted', 0, 'Tazaka Room : 4', '2022-05-31 20:25:44', '2022-05-31 20:25:44'),
(1321, '10', 42, 'Access Granted', 0, 'Tazaka Room : 10', '2022-05-31 20:50:03', '2022-05-31 20:50:03'),
(1322, '10', 42, 'Access Granted', 0, 'Tazaka Room : 10', '2022-06-01 01:11:08', '2022-06-01 01:11:08'),
(1323, '4', 56, 'Access Granted', 0, 'Tazaka Room : 4', '2022-06-01 03:09:34', '2022-06-01 03:09:34'),
(1324, '4', 56, 'Access Granted', 0, 'Tazaka Room : 4', '2022-06-01 06:43:38', '2022-06-01 06:43:38'),
(1325, '4', 31, 'Access Granted', 0, 'Tazaka Room : 4', '2022-06-01 07:02:11', '2022-06-01 07:02:11'),
(1326, '6', 54, 'Access Granted', 0, 'Tazaka Room : 6', '2022-06-01 09:14:38', '2022-06-01 09:14:38'),
(1327, '6', 54, 'Access Granted', 0, 'Tazaka Room : 6', '2022-06-01 09:14:48', '2022-06-01 09:14:48'),
(1328, '6', 31, 'Access Granted', 0, 'Tazaka Room : 6', '2022-06-01 13:04:10', '2022-06-01 13:04:10'),
(1329, '4', 54, 'Access Granted', 0, 'Tazaka Room : 4', '2022-06-01 16:57:20', '2022-06-01 16:57:20'),
(1330, '4', 56, 'Access Granted', 0, 'Tazaka Room : 4', '2022-06-01 19:14:48', '2022-06-01 19:14:48'),
(1331, '4', 56, 'Access Granted', 0, 'Tazaka Room : 4', '2022-06-01 20:15:44', '2022-06-01 20:15:44'),
(1332, '10', 45, 'Access Granted', 0, 'Tazaka Room : 10', '2022-06-01 22:21:53', '2022-06-01 22:21:53'),
(1333, '10', 45, 'Access Granted', 0, 'Tazaka Room : 10', '2022-06-01 22:21:59', '2022-06-01 22:21:59'),
(1334, '10', 45, 'Access Granted', 0, 'Tazaka Room : 10', '2022-06-01 22:22:10', '2022-06-01 22:22:10'),
(1335, '6', 36, 'Access Granted', 0, 'Tazaka Room : 6', '2022-06-02 00:15:12', '2022-06-02 00:15:12'),
(1336, '10', 43, 'Access Granted', 0, 'Tazaka Room : 10', '2022-06-02 01:15:50', '2022-06-02 01:15:50'),
(1337, '10', 43, 'Access Granted', 0, 'Tazaka Room : 10', '2022-06-02 01:15:54', '2022-06-02 01:15:54'),
(1338, '10', 43, 'Access Granted', 0, 'Tazaka Room : 10', '2022-06-02 06:12:21', '2022-06-02 06:12:21'),
(1339, '10', 43, 'Access Granted', 0, 'Tazaka Room : 10', '2022-06-02 06:12:26', '2022-06-02 06:12:26'),
(1340, '4', 56, 'Access Granted', 0, 'Tazaka Room : 4', '2022-06-02 06:12:33', '2022-06-02 06:12:33'),
(1341, '4', 31, 'Access Granted', 0, 'Tazaka Room : 4', '2022-06-02 06:55:08', '2022-06-02 06:55:08'),
(1342, '10', 30, 'Access Granted', 0, 'Tazaka Room : 10', '2022-06-02 07:07:30', '2022-06-02 07:07:30'),
(1343, '6', 81, 'Access Granted', 0, 'Tazaka Room : 6', '2022-06-02 09:55:37', '2022-06-02 09:55:37'),
(1344, '6', 80, 'Access Granted', 0, 'Tazaka Room : 6', '2022-06-02 13:05:03', '2022-06-02 13:05:03'),
(1345, '4', 54, 'Access Granted', 0, 'Tazaka Room : 4', '2022-06-02 13:05:32', '2022-06-02 13:05:32'),
(1346, '10', 41, 'Access Granted', 0, 'Tazaka Room : 10', '2022-06-02 13:57:06', '2022-06-02 13:57:06'),
(1347, '10', 32, 'Access Granted', 0, 'Tazaka Room : 10', '2022-06-02 19:13:27', '2022-06-02 19:13:27'),
(1348, '4', 36, 'Access Granted', 0, 'Tazaka Room : 4', '2022-06-02 19:16:09', '2022-06-02 19:16:09'),
(1349, '10', 42, 'Access Granted', 0, 'Tazaka Room : 10', '2022-06-02 19:48:32', '2022-06-02 19:48:32'),
(1350, '10', 32, 'Access Granted', 0, 'Tazaka Room : 10', '2022-06-02 20:01:07', '2022-06-02 20:01:07'),
(1351, '10', 65, 'Access Granted', 0, 'Tazaka Room : 10', '2022-06-02 22:24:58', '2022-06-02 22:24:58'),
(1352, '4', 56, 'Access Granted', 0, 'Tazaka Room : 4', '2022-06-02 22:56:19', '2022-06-02 22:56:19'),
(1353, '10', 32, 'Access Granted', 0, 'Tazaka Room : 10', '2022-06-02 23:13:09', '2022-06-02 23:13:09'),
(1354, '4', 36, 'Access Granted', 0, 'Tazaka Room : 4', '2022-06-03 02:32:40', '2022-06-03 02:32:40'),
(1355, '4', 56, 'Access Granted', 0, 'Tazaka Room : 4', '2022-06-03 05:29:51', '2022-06-03 05:29:51'),
(1356, '10', 42, 'Access Granted', 0, 'Tazaka Room : 10', '2022-06-03 05:33:52', '2022-06-03 05:33:52'),
(1357, '4', 54, 'Access Granted', 0, 'Tazaka Room : 4', '2022-06-03 07:05:37', '2022-06-03 07:05:37'),
(1358, '6', 80, 'Access Granted', 0, 'Tazaka Room : 6', '2022-06-03 07:10:09', '2022-06-03 07:10:09'),
(1359, '10', 30, 'Access Granted', 0, 'Tazaka Room : 10', '2022-06-03 07:42:26', '2022-06-03 07:42:26'),
(1360, '4', 54, 'Access Granted', 0, 'Tazaka Room : 4', '2022-06-03 12:59:17', '2022-06-03 12:59:17'),
(1361, '6', 81, 'Access Granted', 0, 'Tazaka Room : 6', '2022-06-03 14:09:04', '2022-06-03 14:09:04'),
(1362, '6', 81, 'Access Granted', 0, 'Tazaka Room : 6', '2022-06-03 14:10:12', '2022-06-03 14:10:12'),
(1363, '10', 73, 'Access Granted', 0, 'Tazaka Room : 10', '2022-06-03 14:11:35', '2022-06-03 14:11:35'),
(1364, '10', 73, 'Access Granted', 0, 'Tazaka Room : 10', '2022-06-03 14:11:51', '2022-06-03 14:11:51'),
(1365, '10', 39, 'Access Granted', 0, 'Tazaka Room : 10', '2022-06-03 14:14:09', '2022-06-03 14:14:09'),
(1366, '10', 39, 'Access Granted', 0, 'Tazaka Room : 10', '2022-06-03 14:14:33', '2022-06-03 14:14:33'),
(1367, '10', 29, 'Access Granted', 0, 'Tazaka Room : 10', '2022-06-03 14:29:01', '2022-06-03 14:29:01'),
(1368, '10', 35, 'Access Granted', 0, 'Tazaka Room : 10', '2022-06-03 14:35:06', '2022-06-03 14:35:06'),
(1369, '10', 97, 'Access Granted', 0, 'Tazaka Room : 10', '2022-06-03 14:48:35', '2022-06-03 14:48:35'),
(1370, '10', 97, 'Access Granted', 0, 'Tazaka Room : 10', '2022-06-03 14:53:26', '2022-06-03 14:53:26'),
(1371, '10', 104, 'Access Granted', 0, 'Tazaka Room : 10', '2022-06-03 14:56:40', '2022-06-03 14:56:40'),
(1372, '10', 93, 'Access Granted', 0, 'Tazaka Room : 10', '2022-06-03 14:57:11', '2022-06-03 14:57:11'),
(1373, '10', 88, 'Access Granted', 0, 'Tazaka Room : 10', '2022-06-03 15:03:13', '2022-06-03 15:03:13'),
(1374, '10', 74, 'Access Granted', 0, 'Tazaka Room : 10', '2022-06-03 15:04:30', '2022-06-03 15:04:30'),
(1375, '10', 75, 'Access Granted', 0, 'Tazaka Room : 10', '2022-06-03 15:13:01', '2022-06-03 15:13:01'),
(1376, '10', 87, 'Access Granted', 0, 'Tazaka Room : 10', '2022-06-03 15:14:42', '2022-06-03 15:14:42'),
(1377, '10', 87, 'Access Granted', 0, 'Tazaka Room : 10', '2022-06-03 15:15:07', '2022-06-03 15:15:07'),
(1387, '10', 95, 'Access Granted', 0, 'Tazaka Room : 10', '2022-06-03 15:26:28', '2022-06-03 15:26:28'),
(1388, '10', 95, 'Access Granted', 0, 'Tazaka Room : 10', '2022-06-03 15:26:57', '2022-06-03 15:26:57'),
(1389, '10', 95, 'Access Granted', 0, 'Tazaka Room : 10', '2022-06-03 15:27:31', '2022-06-03 15:27:31'),
(1394, '10', 44, 'Access Granted', 0, 'Tazaka Room : 10', '2022-06-03 15:29:35', '2022-06-03 15:29:35'),
(1395, '10', 44, 'Access Granted', 0, 'Tazaka Room : 10', '2022-06-03 15:29:40', '2022-06-03 15:29:40'),
(1396, '10', 44, 'Access Granted', 0, 'Tazaka Room : 10', '2022-06-03 15:29:50', '2022-06-03 15:29:50'),
(1397, '10', 44, 'Access Granted', 0, 'Tazaka Room : 10', '2022-06-03 15:29:55', '2022-06-03 15:29:55'),
(1398, '10', 44, 'Access Granted', 0, 'Tazaka Room : 10', '2022-06-03 15:30:10', '2022-06-03 15:30:10'),
(1399, '10', 44, 'Access Granted', 0, 'Tazaka Room : 10', '2022-06-03 15:30:15', '2022-06-03 15:30:15'),
(1400, '10', 44, 'Access Granted', 0, 'Tazaka Room : 10', '2022-06-03 15:30:20', '2022-06-03 15:30:20'),
(1401, '10', 44, 'Access Granted', 0, 'Tazaka Room : 10', '2022-06-03 15:30:25', '2022-06-03 15:30:25'),
(1402, '10', 44, 'Access Granted', 0, 'Tazaka Room : 10', '2022-06-03 15:30:30', '2022-06-03 15:30:30'),
(1403, '10', 44, 'Access Granted', 0, 'Tazaka Room : 10', '2022-06-03 15:30:35', '2022-06-03 15:30:35'),
(1404, '10', 94, 'Access Granted', 0, 'Tazaka Room : 10', '2022-06-03 15:34:49', '2022-06-03 15:34:49'),
(1405, '10', 105, 'Access Granted', 0, 'Tazaka Room : 10', '2022-06-03 15:59:48', '2022-06-03 15:59:48'),
(1406, '11', 105, 'Access Granted', 0, 'Tazaka Room : 11', '2022-06-03 16:00:12', '2022-06-03 16:00:12'),
(1407, '10', 106, 'Access Granted', 0, 'Tazaka Room : 10', '2022-06-03 16:00:24', '2022-06-03 16:00:24'),
(1408, '11', 106, 'Access Granted', 0, 'Tazaka Room : 11', '2022-06-03 16:00:41', '2022-06-03 16:00:41'),
(1409, '10', 33, 'Access Granted', 0, 'Tazaka Room : 10', '2022-06-03 16:01:49', '2022-06-03 16:01:49'),
(1410, '10', 30, 'Access Granted', 0, 'Tazaka Room : 10', '2022-06-03 16:10:24', '2022-06-03 16:10:24'),
(1411, '4', 36, 'Access Granted', 0, 'Tazaka Room : 4', '2022-06-03 19:19:52', '2022-06-03 19:19:52'),
(1412, '10', 65, 'Access Granted', 0, 'Tazaka Room : 10', '2022-06-03 19:25:20', '2022-06-03 19:25:20'),
(1413, '4', 56, 'Access Granted', 0, 'Tazaka Room : 4', '2022-06-03 19:46:09', '2022-06-03 19:46:09'),
(1414, '10', 65, 'Access Granted', 0, 'Tazaka Room : 10', '2022-06-03 21:27:52', '2022-06-03 21:27:52'),
(1415, '10', 65, 'Access Granted', 0, 'Tazaka Room : 10', '2022-06-04 00:29:28', '2022-06-04 00:29:28'),
(1416, '10', 43, 'Access Granted', 0, 'Tazaka Room : 10', '2022-06-04 06:41:58', '2022-06-04 06:41:58'),
(1417, '10', 43, 'Access Granted', 0, 'Tazaka Room : 10', '2022-06-04 06:42:03', '2022-06-04 06:42:03'),
(1418, '4', 31, 'Access Granted', 0, 'Tazaka Room : 4', '2022-06-04 06:56:58', '2022-06-04 06:56:58'),
(1419, '10', 35, 'Access Granted', 0, 'Tazaka Room : 10', '2022-06-04 08:11:18', '2022-06-04 08:11:18'),
(1420, '10', 97, 'Access Granted', 0, 'Tazaka Room : 10', '2022-06-04 08:24:31', '2022-06-04 08:24:31'),
(1421, '4', 54, 'Access Granted', 0, 'Tazaka Room : 4', '2022-06-04 12:58:05', '2022-06-04 12:58:05'),
(1422, '10', 90, 'Access Granted', 0, 'Tazaka Room : 10', '2022-06-04 13:18:30', '2022-06-04 13:18:30'),
(1423, '10', 90, 'Access Granted', 0, 'Tazaka Room : 10', '2022-06-04 13:18:57', '2022-06-04 13:18:57'),
(1424, '10', 96, 'Access Granted', 0, 'Tazaka Room : 10', '2022-06-04 13:26:55', '2022-06-04 13:26:55'),
(1425, '6', 96, 'Access Granted', 0, 'Tazaka Room : 6', '2022-06-04 13:28:48', '2022-06-04 13:28:48'),
(1426, '6', 96, 'Access Granted', 0, 'Tazaka Room : 6', '2022-06-04 13:29:09', '2022-06-04 13:29:09'),
(1427, '6', 96, 'Access Granted', 0, 'Tazaka Room : 6', '2022-06-04 13:29:21', '2022-06-04 13:29:21'),
(1428, '6', 96, 'Access Granted', 0, 'Tazaka Room : 6', '2022-06-04 13:29:30', '2022-06-04 13:29:30'),
(1429, '6', 81, 'Access Granted', 0, 'Tazaka Room : 6', '2022-06-04 14:35:12', '2022-06-04 14:35:12'),
(1430, '4', 72, 'Access Granted', 0, 'Tazaka Room : 4', '2022-06-04 14:36:50', '2022-06-04 14:36:50'),
(1431, '4', 72, 'Access Granted', 0, 'Tazaka Room : 4', '2022-06-04 14:37:06', '2022-06-04 14:37:06'),
(1432, '4', 36, 'Access Granted', 0, 'Tazaka Room : 4', '2022-06-04 19:22:57', '2022-06-04 19:22:57'),
(1433, '10', 42, 'Access Granted', 0, 'Tazaka Room : 10', '2022-06-04 20:11:34', '2022-06-04 20:11:34'),
(1434, '10', 43, 'Access Granted', 0, 'Tazaka Room : 10', '2022-06-04 22:01:42', '2022-06-04 22:01:42'),
(1435, '10', 43, 'Access Granted', 0, 'Tazaka Room : 10', '2022-06-04 22:01:51', '2022-06-04 22:01:51'),
(1436, '10', 42, 'Access Granted', 0, 'Tazaka Room : 10', '2022-06-05 06:40:45', '2022-06-05 06:40:45'),
(1437, '4', 31, 'Access Granted', 0, 'Tazaka Room : 4', '2022-06-06 07:02:37', '2022-06-06 07:02:37'),
(1438, '10', 32, 'Access Granted', 0, 'Tazaka Room : 10', '2022-06-06 07:35:14', '2022-06-06 07:35:14'),
(1439, '10', 43, 'Access Granted', 0, 'Tazaka Room : 10', '2022-06-06 07:44:17', '2022-06-06 07:44:17'),
(1440, '10', 43, 'Access Granted', 0, 'Tazaka Room : 10', '2022-06-06 07:44:22', '2022-06-06 07:44:22'),
(1441, '10', 43, 'Access Granted', 0, 'Tazaka Room : 10', '2022-06-06 07:53:58', '2022-06-06 07:53:58'),
(1442, '10', 43, 'Access Granted', 0, 'Tazaka Room : 10', '2022-06-06 07:54:03', '2022-06-06 07:54:03'),
(1443, '10', 30, 'Access Granted', 0, 'Tazaka Room : 10', '2022-06-06 10:30:37', '2022-06-06 10:30:37'),
(1444, '6', 81, 'Access Granted', 0, 'Tazaka Room : 6', '2022-06-06 10:36:36', '2022-06-06 10:36:36'),
(1445, '6', 81, 'Access Granted', 0, 'Tazaka Room : 6', '2022-06-06 10:37:01', '2022-06-06 10:37:01'),
(1446, '10', 45, 'Access Granted', 0, 'Tazaka Room : 10', '2022-06-06 10:43:20', '2022-06-06 10:43:20'),
(1447, '10', 45, 'Access Granted', 0, 'Tazaka Room : 10', '2022-06-06 10:54:18', '2022-06-06 10:54:18'),
(1448, '10', 42, 'Access Granted', 0, 'Tazaka Room : 10', '2022-06-06 11:23:43', '2022-06-06 11:23:43'),
(1449, '10', 42, 'Access Granted', 0, 'Tazaka Room : 10', '2022-06-06 11:24:37', '2022-06-06 11:24:37'),
(1450, '4', 56, 'Access Granted', 0, 'Tazaka Room : 4', '2022-06-06 12:04:07', '2022-06-06 12:04:07'),
(1451, '4', 56, 'Access Granted', 0, 'Tazaka Room : 4', '2022-06-06 12:10:57', '2022-06-06 12:10:57'),
(1452, '10', 32, 'Access Granted', 0, 'Tazaka Room : 10', '2022-06-06 13:04:42', '2022-06-06 13:04:42'),
(1453, '10', 32, 'Access Granted', 0, 'Tazaka Room : 10', '2022-06-06 13:42:58', '2022-06-06 13:42:58'),
(1454, '6', 60, 'Access Granted', 0, 'Tazaka Room : 6', '2022-06-06 13:44:53', '2022-06-06 13:44:53'),
(1455, '10', 33, 'Access Granted', 0, 'Tazaka Room : 10', '2022-06-06 13:54:29', '2022-06-06 13:54:29'),
(1456, '10', 32, 'Access Granted', 0, 'Tazaka Room : 10', '2022-06-06 14:30:05', '2022-06-06 14:30:05'),
(1457, '10', 29, 'Access Granted', 0, 'Tazaka Room : 10', '2022-06-06 19:15:07', '2022-06-06 19:15:07'),
(1458, '10', 29, 'Access Granted', 0, 'Tazaka Room : 10', '2022-06-06 19:15:28', '2022-06-06 19:15:28'),
(1459, '10', 35, 'Access Granted', 0, 'Tazaka Room : 10', '2022-06-06 19:18:25', '2022-06-06 19:18:25'),
(1460, '10', 29, 'Access Granted', 0, 'Tazaka Room : 10', '2022-06-06 22:02:16', '2022-06-06 22:02:16'),
(1461, '10', 29, 'Access Granted', 0, 'Tazaka Room : 10', '2022-06-06 22:02:40', '2022-06-06 22:02:40'),
(1462, '10', 73, 'Access Granted', 0, 'Tazaka Room : 10', '2022-06-07 01:20:10', '2022-06-07 01:20:10'),
(1463, '4', 99, 'Access Granted', 0, 'Tazaka Room : 4', '2022-06-07 01:25:59', '2022-06-07 01:25:59'),
(1464, '4', 54, 'Access Granted', 0, 'Tazaka Room : 4', '2022-06-07 07:16:16', '2022-06-07 07:16:16'),
(1465, '10', 65, 'Access Granted', 0, 'Tazaka Room : 10', '2022-06-07 07:21:18', '2022-06-07 07:21:18'),
(1466, '10', 60, 'Access Granted', 0, 'Tazaka Room : 10', '2022-06-07 07:29:53', '2022-06-07 07:29:53'),
(1467, '10', 60, 'Access Granted', 0, 'Tazaka Room : 10', '2022-06-07 07:29:59', '2022-06-07 07:29:59'),
(1468, '10', 60, 'Access Granted', 0, 'Tazaka Room : 10', '2022-06-07 07:30:10', '2022-06-07 07:30:10'),
(1469, '10', 60, 'Access Granted', 0, 'Tazaka Room : 10', '2022-06-07 07:30:36', '2022-06-07 07:30:36');
INSERT INTO `history_device_logs` (`id`, `uid`, `user_id`, `keterangan`, `is_attendance`, `createdBy`, `created_at`, `updated_at`) VALUES
(1470, '10', 54, 'Access Granted', 0, 'Tazaka Room : 10', '2022-06-07 07:46:20', '2022-06-07 07:46:20'),
(1471, '10', 43, 'Access Granted', 0, 'Tazaka Room : 10', '2022-06-07 08:13:32', '2022-06-07 08:13:32'),
(1472, '10', 10, 'Access Granted', 0, 'Tazaka Room : 10', '2022-06-07 08:54:26', '2022-06-07 08:54:26'),
(1473, '10', 10, 'Access Granted', 0, 'Tazaka Room : 10', '2022-06-07 09:03:56', '2022-06-07 09:03:56'),
(1474, '10', 54, 'Access Granted', 0, 'Tazaka Room : 10', '2022-06-07 09:18:34', '2022-06-07 09:18:34'),
(1475, '10', 105, 'Access Granted', 0, 'Tazaka Room : 10', '2022-06-07 09:30:34', '2022-06-07 09:30:34'),
(1476, '10', 10, 'Access Granted', 0, 'Tazaka Room : 10', '2022-06-07 11:34:06', '2022-06-07 11:34:06'),
(1477, '10', 10, 'Access Granted', 0, 'Tazaka Room : 10', '2022-06-07 11:37:50', '2022-06-07 11:37:50'),
(1478, '4', 54, 'Access Granted', 0, 'Tazaka Room : 4', '2022-06-07 13:01:34', '2022-06-07 13:01:34'),
(1479, '10', 65, 'Access Granted', 0, 'Tazaka Room : 10', '2022-06-07 13:32:21', '2022-06-07 13:32:21'),
(1480, '10', 45, 'Access Granted', 0, 'Tazaka Room : 10', '2022-06-07 15:51:24', '2022-06-07 15:51:24'),
(1481, '4', 54, 'Access Granted', 0, 'Tazaka Room : 4', '2022-06-07 18:09:17', '2022-06-07 18:09:17'),
(1482, '4', 99, 'Access Granted', 0, 'Tazaka Room : 4', '2022-06-07 19:05:55', '2022-06-07 19:05:55'),
(1483, '10', 35, 'Access Granted', 0, 'Tazaka Room : 10', '2022-06-07 19:29:16', '2022-06-07 19:29:16'),
(1484, '10', 73, 'Access Granted', 0, 'Tazaka Room : 10', '2022-06-08 02:49:21', '2022-06-08 02:49:21'),
(1485, '4', 31, 'Access Granted', 0, 'Tazaka Room : 4', '2022-06-08 06:57:18', '2022-06-08 06:57:18'),
(1486, '10', 43, 'Access Granted', 0, 'Tazaka Room : 10', '2022-06-08 07:17:36', '2022-06-08 07:17:36'),
(1487, '10', 32, 'Access Granted', 0, 'Tazaka Room : 10', '2022-06-08 07:21:40', '2022-06-08 07:21:40'),
(1488, '10', 32, 'Access Granted', 0, 'Tazaka Room : 10', '2022-06-08 09:11:11', '2022-06-08 09:11:11'),
(1489, '10', 32, 'Access Granted', 0, 'Tazaka Room : 10', '2022-06-08 09:14:39', '2022-06-08 09:14:39'),
(1490, '6', 36, 'Access Granted', 0, 'Tazaka Room : 6', '2022-06-08 09:41:48', '2022-06-08 09:41:48'),
(1491, '6', 56, 'Access Granted', 0, 'Tazaka Room : 6', '2022-06-08 10:39:36', '2022-06-08 10:39:36'),
(1492, '6', 56, 'Access Granted', 0, 'Tazaka Room : 6', '2022-06-08 10:39:46', '2022-06-08 10:39:46'),
(1493, '4', 54, 'Access Granted', 0, 'Tazaka Room : 4', '2022-06-08 12:42:20', '2022-06-08 12:42:20'),
(1494, '4', 36, 'Access Granted', 0, 'Tazaka Room : 4', '2022-06-08 13:16:04', '2022-06-08 13:16:04'),
(1495, '10', 35, 'Access Granted', 0, 'Tazaka Room : 10', '2022-06-08 19:36:16', '2022-06-08 19:36:16'),
(1496, '10', 88, 'Access Granted', 0, 'Tazaka Room : 10', '2022-06-08 21:42:12', '2022-06-08 21:42:12'),
(1497, '4', 96, 'Access Granted', 0, 'Tazaka Room : 4', '2022-06-09 06:41:15', '2022-06-09 06:41:15'),
(1498, '4', 96, 'Access Granted', 0, 'Tazaka Room : 4', '2022-06-09 06:41:26', '2022-06-09 06:41:26'),
(1499, '4', 96, 'Access Granted', 0, 'Tazaka Room : 4', '2022-06-09 06:41:52', '2022-06-09 06:41:52'),
(1500, '6', 96, 'Access Granted', 0, 'Tazaka Room : 6', '2022-06-09 06:56:48', '2022-06-09 06:56:48'),
(1501, '6', 96, 'Access Granted', 0, 'Tazaka Room : 6', '2022-06-09 06:56:58', '2022-06-09 06:56:58'),
(1502, '6', 96, 'Access Granted', 0, 'Tazaka Room : 6', '2022-06-09 06:57:07', '2022-06-09 06:57:07'),
(1503, '4', 31, 'Access Granted', 0, 'Tazaka Room : 4', '2022-06-09 06:57:29', '2022-06-09 06:57:29'),
(1504, '6', 56, 'Access Granted', 0, 'Tazaka Room : 6', '2022-06-09 08:02:00', '2022-06-09 08:02:00'),
(1505, '6', 81, 'Access Granted', 0, 'Tazaka Room : 6', '2022-06-09 08:41:20', '2022-06-09 08:41:20'),
(1506, '6', 81, 'Access Granted', 0, 'Tazaka Room : 6', '2022-06-09 08:41:29', '2022-06-09 08:41:29'),
(1507, '6', 56, 'Access Granted', 0, 'Tazaka Room : 6', '2022-06-09 10:05:13', '2022-06-09 10:05:13'),
(1508, '10', 42, 'Access Granted', 0, 'Tazaka Room : 10', '2022-06-09 10:08:19', '2022-06-09 10:08:19'),
(1509, '4', 33, 'Access Granted', 0, 'Tazaka Room : 4', '2022-06-09 12:07:09', '2022-06-09 12:07:09'),
(1510, '4', 54, 'Access Granted', 0, 'Tazaka Room : 4', '2022-06-09 13:00:02', '2022-06-09 13:00:02'),
(1511, '10', 88, 'Access Granted', 0, 'Tazaka Room : 10', '2022-06-09 19:16:20', '2022-06-09 19:16:20'),
(1512, '10', 88, 'Access Granted', 0, 'Tazaka Room : 10', '2022-06-09 19:24:51', '2022-06-09 19:24:51'),
(1513, '10', 88, 'Access Granted', 0, 'Tazaka Room : 10', '2022-06-09 20:26:31', '2022-06-09 20:26:31'),
(1516, '6', 96, 'Access Granted', 0, 'Tazaka Room : 6', '2022-06-10 06:55:00', '2022-06-10 06:55:00'),
(1517, '10', 60, 'Access Granted', 0, 'Tazaka Room : 10', '2022-06-10 07:07:45', '2022-06-10 07:07:45'),
(1518, '10', 65, 'Access Granted', 0, 'Tazaka Room : 10', '2022-06-10 07:08:24', '2022-06-10 07:08:24'),
(1519, '10', 60, 'Access Granted', 0, 'Tazaka Room : 10', '2022-06-10 07:19:25', '2022-06-10 07:19:25'),
(1520, '10', 42, 'Access Granted', 0, 'Tazaka Room : 10', '2022-06-10 08:08:36', '2022-06-10 08:08:36'),
(1521, '10', 10, 'Access Granted', 0, 'Tazaka Room : 10', '2022-06-10 09:06:02', '2022-06-10 09:06:02'),
(1522, '10', 65, 'Access Granted', 0, 'Tazaka Room : 10', '2022-06-10 09:27:36', '2022-06-10 09:27:36'),
(1523, '10', 42, 'Access Granted', 0, 'Tazaka Room : 10', '2022-06-10 10:49:10', '2022-06-10 10:49:10'),
(1524, '4', 54, 'Access Granted', 0, 'Tazaka Room : 4', '2022-06-10 12:48:38', '2022-06-10 12:48:38'),
(1525, '10', 35, 'Access Granted', 0, 'Tazaka Room : 10', '2022-06-10 20:20:49', '2022-06-10 20:20:49'),
(1526, '10', 35, 'Access Granted', 0, 'Tazaka Room : 10', '2022-06-10 20:22:43', '2022-06-10 20:22:43'),
(1531, '6', 96, 'Access Granted', 0, 'Tazaka Room : 6', '2022-06-11 06:59:02', '2022-06-11 06:59:02'),
(1532, '10', 42, 'Access Granted', 0, 'Tazaka Room : 10', '2022-06-11 07:18:59', '2022-06-11 07:18:59'),
(1533, '10', 42, 'Access Granted', 0, 'Tazaka Room : 10', '2022-06-11 08:16:39', '2022-06-11 08:16:39'),
(1534, '6', 60, 'Access Granted', 0, 'Tazaka Room : 6', '2022-06-11 08:57:50', '2022-06-11 08:57:50'),
(1535, '4', 31, 'Access Granted', 0, 'Tazaka Room : 4', '2022-06-13 06:58:21', '2022-06-13 06:58:21'),
(1536, '6', 80, 'Access Granted', 0, 'Tazaka Room : 6', '2022-06-13 07:04:51', '2022-06-13 07:04:51'),
(1537, '10', 97, 'Access Granted', 0, 'Tazaka Room : 10', '2022-06-13 07:06:59', '2022-06-13 07:06:59'),
(1538, '6', 30, 'Access Granted', 0, 'Tazaka Room : 6', '2022-06-13 14:30:24', '2022-06-13 14:30:24'),
(1539, '6', 30, 'Access Granted', 0, 'Tazaka Room : 6', '2022-06-13 14:30:34', '2022-06-13 14:30:34'),
(1540, '6', 33, 'Access Granted', 0, 'Tazaka Room : 6', '2022-06-13 14:39:21', '2022-06-13 14:39:21'),
(1541, '6', 81, 'Access Granted', 0, 'Tazaka Room : 6', '2022-06-13 15:18:36', '2022-06-13 15:18:36'),
(1542, '10', 10, 'Access Granted', 0, 'Tazaka Room : 10', '2022-06-13 16:11:46', '2022-06-13 16:11:46'),
(1543, '10', 29, 'Access Granted', 0, 'Tazaka Room : 10', '2022-06-13 16:26:23', '2022-06-13 16:26:23'),
(1544, '10', 35, 'Access Granted', 0, 'Tazaka Room : 10', '2022-06-13 17:17:32', '2022-06-13 17:17:32'),
(1545, '10', 35, 'Access Granted', 0, 'Tazaka Room : 10', '2022-06-13 17:30:44', '2022-06-13 17:30:44'),
(1546, '10', 35, 'Access Granted', 0, 'Tazaka Room : 10', '2022-06-13 18:34:00', '2022-06-13 18:34:00'),
(1547, '4', 36, 'Access Granted', 0, 'Tazaka Room : 4', '2022-06-13 19:12:02', '2022-06-13 19:12:02'),
(1548, '6', 60, 'Access Granted', 0, 'Tazaka Room : 6', '2022-06-13 21:33:39', '2022-06-13 21:33:39'),
(1549, '6', 36, 'Access Granted', 0, 'Tazaka Room : 6', '2022-06-14 00:44:48', '2022-06-14 00:44:48'),
(1550, '6', 36, 'Access Granted', 0, 'Tazaka Room : 6', '2022-06-14 01:29:25', '2022-06-14 01:29:25'),
(1551, '7', 36, 'Access Granted', 0, 'Tazaka Room : 7', '2022-06-14 01:30:21', '2022-06-14 01:30:21'),
(1552, '7', 36, 'Access Granted', 0, 'Tazaka Room : 7', '2022-06-14 01:30:34', '2022-06-14 01:30:34'),
(1553, '7', 36, 'Access Granted', 0, 'Tazaka Room : 7', '2022-06-14 01:46:16', '2022-06-14 01:46:16'),
(1554, '6', 80, 'Access Granted', 0, 'Tazaka Room : 6', '2022-06-14 07:12:58', '2022-06-14 07:12:58'),
(1555, '10', 29, 'Access Granted', 0, 'Tazaka Room : 10', '2022-06-14 07:28:38', '2022-06-14 07:28:38'),
(1556, '10', 90, 'Access Granted', 0, 'Tazaka Room : 10', '2022-06-14 07:33:05', '2022-06-14 07:33:05'),
(1557, '10', 29, 'Access Granted', 0, 'Tazaka Room : 10', '2022-06-14 07:40:18', '2022-06-14 07:40:18'),
(1558, '10', 35, 'Access Granted', 0, 'Tazaka Room : 10', '2022-06-14 07:53:32', '2022-06-14 07:53:32'),
(1559, '6', 37, 'Access Granted', 0, 'Tazaka Room : 6', '2022-06-14 08:03:57', '2022-06-14 08:03:57'),
(1560, '10', 30, 'Access Granted', 0, 'Tazaka Room : 10', '2022-06-14 08:07:08', '2022-06-14 08:07:08'),
(1561, '10', 35, 'Access Granted', 0, 'Tazaka Room : 10', '2022-06-14 08:40:50', '2022-06-14 08:40:50'),
(1562, '10', 97, 'Access Granted', 0, 'Tazaka Room : 10', '2022-06-14 10:02:22', '2022-06-14 10:02:22'),
(1563, '6', 37, 'Access Granted', 0, 'Tazaka Room : 6', '2022-06-14 11:55:52', '2022-06-14 11:55:52'),
(1564, '6', 81, 'Access Granted', 0, 'Tazaka Room : 6', '2022-06-14 12:00:10', '2022-06-14 12:00:10'),
(1565, '10', 90, 'Access Granted', 0, 'Tazaka Room : 10', '2022-06-14 12:30:13', '2022-06-14 12:30:13'),
(1566, '10', 90, 'Access Granted', 0, 'Tazaka Room : 10', '2022-06-14 15:13:17', '2022-06-14 15:13:17'),
(1567, '10', 97, 'Access Granted', 0, 'Tazaka Room : 10', '2022-06-14 15:25:01', '2022-06-14 15:25:01'),
(1568, '10', 97, 'Access Granted', 0, 'Tazaka Room : 10', '2022-06-14 15:43:21', '2022-06-14 15:43:21'),
(1569, '10', 97, 'Access Granted', 0, 'Tazaka Room : 10', '2022-06-14 16:19:57', '2022-06-14 16:19:57'),
(1570, '10', 60, 'Access Granted', 0, 'Tazaka Room : 10', '2022-06-14 19:22:08', '2022-06-14 19:22:08'),
(1571, '10', 79, 'Access Granted', 0, 'Tazaka Room : 10', '2022-06-14 19:38:09', '2022-06-14 19:38:09'),
(1572, '10', 45, 'Access Granted', 0, 'Tazaka Room : 10', '2022-06-14 20:01:01', '2022-06-14 20:01:01'),
(1573, '10', 43, 'Access Granted', 0, 'Tazaka Room : 10', '2022-06-14 20:25:42', '2022-06-14 20:25:42'),
(1574, '10', 60, 'Access Granted', 0, 'Tazaka Room : 10', '2022-06-14 20:37:58', '2022-06-14 20:37:58'),
(1575, '10', 42, 'Access Granted', 0, 'Tazaka Room : 10', '2022-06-14 20:49:54', '2022-06-14 20:49:54'),
(1576, '10', 43, 'Access Granted', 0, 'Tazaka Room : 10', '2022-06-14 21:27:34', '2022-06-14 21:27:34'),
(1577, '10', 43, 'Access Granted', 0, 'Tazaka Room : 10', '2022-06-14 22:50:06', '2022-06-14 22:50:06'),
(1578, '10', 79, 'Access Granted', 0, 'Tazaka Room : 10', '2022-06-15 01:04:08', '2022-06-15 01:04:08'),
(1579, '4', 31, 'Access Granted', 0, 'Tazaka Room : 4', '2022-06-15 07:05:26', '2022-06-15 07:05:26'),
(1580, '6', 80, 'Access Granted', 0, 'Tazaka Room : 6', '2022-06-15 07:06:37', '2022-06-15 07:06:37'),
(1581, '10', 29, 'Access Granted', 0, 'Tazaka Room : 10', '2022-06-15 07:14:52', '2022-06-15 07:14:52'),
(1582, '10', 10, 'Access Granted', 0, 'Tazaka Room : 10', '2022-06-15 07:36:49', '2022-06-15 07:36:49'),
(1583, '10', 29, 'Access Granted', 0, 'Tazaka Room : 10', '2022-06-15 08:10:07', '2022-06-15 08:10:07'),
(1584, '10', 97, 'Access Granted', 0, 'Tazaka Room : 10', '2022-06-15 08:17:16', '2022-06-15 08:17:16'),
(1585, '6', 31, 'Access Granted', 0, 'Tazaka Room : 6', '2022-06-15 08:23:07', '2022-06-15 08:23:07'),
(1586, '6', 81, 'Access Granted', 0, 'Tazaka Room : 6', '2022-06-15 08:34:28', '2022-06-15 08:34:28'),
(1587, '6', 81, 'Access Granted', 0, 'Tazaka Room : 6', '2022-06-15 08:36:18', '2022-06-15 08:36:18'),
(1588, '6', 31, 'Access Granted', 0, 'Tazaka Room : 6', '2022-06-15 08:54:54', '2022-06-15 08:54:54'),
(1589, '6', 31, 'Access Granted', 0, 'Tazaka Room : 6', '2022-06-15 09:24:37', '2022-06-15 09:24:37'),
(1590, '10', 33, 'Access Granted', 0, 'Tazaka Room : 10', '2022-06-15 10:45:09', '2022-06-15 10:45:09'),
(1591, '10', 33, 'Access Granted', 0, 'Tazaka Room : 10', '2022-06-15 10:47:42', '2022-06-15 10:47:42'),
(1592, '10', 29, 'Access Granted', 0, 'Tazaka Room : 10', '2022-06-15 10:58:57', '2022-06-15 10:58:57'),
(1593, '10', 97, 'Access Granted', 0, 'Tazaka Room : 10', '2022-06-15 11:19:14', '2022-06-15 11:19:14'),
(1594, '10', 33, 'Access Granted', 0, 'Tazaka Room : 10', '2022-06-15 12:11:33', '2022-06-15 12:11:33'),
(1595, '10', 33, 'Access Granted', 0, 'Tazaka Room : 10', '2022-06-15 12:22:11', '2022-06-15 12:22:11'),
(1596, '10', 33, 'Access Granted', 0, 'Tazaka Room : 10', '2022-06-15 12:52:15', '2022-06-15 12:52:15'),
(1597, '4', 54, 'Access Granted', 0, 'Tazaka Room : 4', '2022-06-15 13:02:40', '2022-06-15 13:02:40'),
(1598, '10', 30, 'Access Granted', 0, 'Tazaka Room : 10', '2022-06-15 13:10:54', '2022-06-15 13:10:54'),
(1599, '10', 30, 'Access Granted', 0, 'Tazaka Room : 10', '2022-06-15 14:05:35', '2022-06-15 14:05:35'),
(1600, '10', 10, 'Access Granted', 0, 'Tazaka Room : 10', '2022-06-15 16:00:05', '2022-06-15 16:00:05'),
(1601, '10', 33, 'Access Granted', 0, 'Tazaka Room : 10', '2022-06-16 13:33:58', '2022-06-16 13:33:58'),
(1602, '10', 33, 'Access Granted', 0, 'Tazaka Room : 10', '2022-06-16 13:34:16', '2022-06-16 13:34:16'),
(1603, '10', 97, 'Access Granted', 0, 'Tazaka Room : 10', '2022-06-16 14:00:19', '2022-06-16 14:00:19'),
(1604, '10', 97, 'Access Granted', 0, 'Tazaka Room : 10', '2022-06-16 14:00:24', '2022-06-16 14:00:24'),
(1605, '10', 30, 'Access Granted', 0, 'Tazaka Room : 10', '2022-06-16 14:10:32', '2022-06-16 14:10:32'),
(1606, '10', 97, 'Access Granted', 0, 'Tazaka Room : 10', '2022-06-16 14:32:09', '2022-06-16 14:32:09'),
(1607, '6', 54, 'Access Granted', 0, 'Tazaka Room : 6', '2022-06-16 14:43:19', '2022-06-16 14:43:19'),
(1608, '6', 31, 'Access Granted', 0, 'Tazaka Room : 6', '2022-06-16 14:49:59', '2022-06-16 14:49:59'),
(1609, '10', 97, 'Access Granted', 0, 'Tazaka Room : 10', '2022-06-16 15:40:23', '2022-06-16 15:40:23'),
(1610, '6', 60, 'Access Granted', 0, 'Tazaka Room : 6', '2022-06-16 21:19:14', '2022-06-16 21:19:14'),
(1611, '6', 60, 'Access Granted', 0, 'Tazaka Room : 6', '2022-06-16 22:06:48', '2022-06-16 22:06:48'),
(1612, '6', 60, 'Access Granted', 0, 'Tazaka Room : 6', '2022-06-17 01:50:11', '2022-06-17 01:50:11'),
(1613, '6', 102, 'Access Granted', 0, 'Tazaka Room : 6', '2022-06-17 07:03:02', '2022-06-17 07:03:02'),
(1614, '10', 97, 'Access Granted', 0, 'Tazaka Room : 10', '2022-06-17 07:12:00', '2022-06-17 07:12:00'),
(1615, '10', 29, 'Access Granted', 0, 'Tazaka Room : 10', '2022-06-17 07:23:46', '2022-06-17 07:23:46'),
(1616, '10', 54, 'Access Granted', 0, 'Tazaka Room : 10', '2022-06-17 07:32:13', '2022-06-17 07:32:13'),
(1617, '10', 30, 'Access Granted', 0, 'Tazaka Room : 10', '2022-06-17 07:59:52', '2022-06-17 07:59:52'),
(1618, '6', 80, 'Access Granted', 0, 'Tazaka Room : 6', '2022-06-17 08:00:34', '2022-06-17 08:00:34'),
(1619, '10', 30, 'Access Granted', 0, 'Tazaka Room : 10', '2022-06-17 11:22:26', '2022-06-17 11:22:26'),
(1620, '10', 35, 'Access Granted', 0, 'Tazaka Room : 10', '2022-06-17 12:09:02', '2022-06-17 12:09:02'),
(1621, '10', 30, 'Access Granted', 0, 'Tazaka Room : 10', '2022-06-17 13:30:28', '2022-06-17 13:30:28'),
(1622, '10', 29, 'Access Granted', 0, 'Tazaka Room : 10', '2022-06-17 13:40:47', '2022-06-17 13:40:47'),
(1623, '10', 97, 'Access Granted', 0, 'Tazaka Room : 10', '2022-06-17 14:01:58', '2022-06-17 14:01:58'),
(1624, '10', 29, 'Access Granted', 0, 'Tazaka Room : 10', '2022-06-17 14:28:03', '2022-06-17 14:28:03'),
(1625, '6', 31, 'Access Granted', 0, 'Tazaka Room : 6', '2022-06-17 14:48:47', '2022-06-17 14:48:47'),
(1626, '10', 97, 'Access Granted', 0, 'Tazaka Room : 10', '2022-06-17 14:53:39', '2022-06-17 14:53:39'),
(1627, '10', 10, 'Access Granted', 0, 'Tazaka Room : 10', '2022-06-17 15:08:37', '2022-06-17 15:08:37'),
(1628, '10', 42, 'Access Granted', 0, 'Tazaka Room : 10', '2022-06-17 19:13:53', '2022-06-17 19:13:53'),
(1629, '4', 78, 'Access Granted', 0, 'Tazaka Room : 4', '2022-06-17 19:22:59', '2022-06-17 19:22:59'),
(1630, '4', 31, 'Access Granted', 0, 'Tazaka Room : 4', '2022-06-18 07:02:00', '2022-06-18 07:02:00'),
(1631, '6', 102, 'Access Granted', 0, 'Tazaka Room : 6', '2022-06-18 07:05:17', '2022-06-18 07:05:17'),
(1632, '10', 97, 'Access Granted', 0, 'Tazaka Room : 10', '2022-06-18 07:39:52', '2022-06-18 07:39:52'),
(1633, '10', 97, 'Access Granted', 0, 'Tazaka Room : 10', '2022-06-18 09:33:06', '2022-06-18 09:33:06'),
(1634, '10', 97, 'Access Granted', 0, 'Tazaka Room : 10', '2022-06-18 10:59:54', '2022-06-18 10:59:54'),
(1635, '10', 97, 'Access Granted', 0, 'Tazaka Room : 10', '2022-06-18 13:00:28', '2022-06-18 13:00:28'),
(1636, '10', 42, 'Access Granted', 0, 'Tazaka Room : 10', '2022-06-18 17:20:26', '2022-06-18 17:20:26'),
(1637, '4', 36, 'Access Granted', 0, 'Tazaka Room : 4', '2022-06-18 20:16:17', '2022-06-18 20:16:17'),
(1638, '10', 60, 'Access Granted', 0, 'Tazaka Room : 10', '2022-06-19 06:42:48', '2022-06-19 06:42:48'),
(1639, '4', 31, 'Access Granted', 0, 'Tazaka Room : 4', '2022-06-20 06:57:21', '2022-06-20 06:57:21'),
(1640, '6', 80, 'Access Granted', 0, 'Tazaka Room : 6', '2022-06-20 07:02:35', '2022-06-20 07:02:35'),
(1641, '10', 32, 'Access Granted', 0, 'Tazaka Room : 10', '2022-06-20 07:25:13', '2022-06-20 07:25:13'),
(1642, '6', 81, 'Access Granted', 0, 'Tazaka Room : 6', '2022-06-20 08:12:30', '2022-06-20 08:12:30'),
(1643, '10', 45, 'Access Granted', 0, 'Tazaka Room : 10', '2022-06-20 09:01:16', '2022-06-20 09:01:16'),
(1644, '6', 31, 'Access Granted', 0, 'Tazaka Room : 6', '2022-06-20 09:06:56', '2022-06-20 09:06:56'),
(1645, '6', 31, 'Access Granted', 0, 'Tazaka Room : 6', '2022-06-20 09:07:09', '2022-06-20 09:07:09'),
(1646, '6', 80, 'Access Granted', 0, 'Tazaka Room : 6', '2022-06-21 07:19:37', '2022-06-21 07:19:37'),
(1647, '10', 32, 'Access Granted', 0, 'Tazaka Room : 10', '2022-06-21 07:24:33', '2022-06-21 07:24:33'),
(1648, '10', 32, 'Access Granted', 0, 'Tazaka Room : 10', '2022-06-21 07:24:38', '2022-06-21 07:24:38'),
(1649, '6', 60, 'Access Granted', 0, 'Tazaka Room : 6', '2022-06-21 07:59:45', '2022-06-21 07:59:45'),
(1650, '6', 60, 'Access Granted', 0, 'Tazaka Room : 6', '2022-06-21 08:00:04', '2022-06-21 08:00:04'),
(1651, '4', 56, 'Access Granted', 0, 'Tazaka Room : 4', '2022-06-21 12:12:42', '2022-06-21 12:12:42'),
(1652, '4', 33, 'Access Granted', 0, 'Tazaka Room : 4', '2022-06-21 13:06:28', '2022-06-21 13:06:28'),
(1653, '6', 30, 'Access Granted', 0, 'Tazaka Room : 6', '2022-06-21 14:21:01', '2022-06-21 14:21:01'),
(1654, '6', 30, 'Access Granted', 0, 'Tazaka Room : 6', '2022-06-21 14:21:13', '2022-06-21 14:21:13'),
(1655, '10', 29, 'Access Granted', 0, 'Tazaka Room : 10', '2022-06-21 19:15:21', '2022-06-21 19:15:21'),
(1656, '10', 97, 'Access Granted', 0, 'Tazaka Room : 10', '2022-06-21 19:49:16', '2022-06-21 19:49:16'),
(1657, '10', 97, 'Access Granted', 0, 'Tazaka Room : 10', '2022-06-21 19:53:11', '2022-06-21 19:53:11'),
(1658, '10', 29, 'Access Granted', 0, 'Tazaka Room : 10', '2022-06-21 20:24:42', '2022-06-21 20:24:42'),
(1660, '6', 54, 'Access Granted', 0, 'Tazaka Room : 6', '2022-06-22 07:09:25', '2022-06-22 07:09:25'),
(1661, '10', 32, 'Access Granted', 0, 'Tazaka Room : 10', '2022-06-22 07:31:44', '2022-06-22 07:31:44'),
(1662, '4', 81, 'Access Granted', 0, 'Tazaka Room : 4', '2022-06-22 12:04:41', '2022-06-22 12:04:41'),
(1663, '4', 81, 'Access Granted', 0, 'Tazaka Room : 4', '2022-06-22 12:05:05', '2022-06-22 12:05:05'),
(1664, '4', 54, 'Access Granted', 0, 'Tazaka Room : 4', '2022-06-22 13:03:27', '2022-06-22 13:03:27'),
(1665, '6', 30, 'Access Granted', 0, 'Tazaka Room : 6', '2022-06-22 13:41:06', '2022-06-22 13:41:06'),
(1666, '5', 31, 'Access Granted', 0, 'Tazaka Room : 5', '2022-06-22 17:01:43', '2022-06-22 17:01:43'),
(1667, '6', 56, 'Access Granted', 0, 'Tazaka Room : 6', '2022-06-23 07:12:13', '2022-06-23 07:12:13'),
(1668, '6', 56, 'Access Granted', 0, 'Tazaka Room : 6', '2022-06-23 07:12:22', '2022-06-23 07:12:22'),
(1669, '10', 43, 'Access Granted', 0, 'Tazaka Room : 10', '2022-06-23 07:51:47', '2022-06-23 07:51:47'),
(1670, '10', 45, 'Access Granted', 0, 'Tazaka Room : 10', '2022-06-23 07:55:32', '2022-06-23 07:55:32'),
(1671, '6', 54, 'Access Granted', 0, 'Tazaka Room : 6', '2022-06-23 07:57:12', '2022-06-23 07:57:12'),
(1672, '6', 54, 'Access Granted', 0, 'Tazaka Room : 6', '2022-06-23 07:57:23', '2022-06-23 07:57:23'),
(1673, '10', 35, 'Access Granted', 0, 'Tazaka Room : 10', '2022-06-23 19:07:01', '2022-06-23 19:07:01'),
(1674, '10', 35, 'Access Granted', 0, 'Tazaka Room : 10', '2022-06-23 19:08:00', '2022-06-23 19:08:00'),
(1675, '10', 35, 'Access Granted', 0, 'Tazaka Room : 10', '2022-06-23 19:45:27', '2022-06-23 19:45:27'),
(1676, '6', 80, 'Access Granted', 0, 'Tazaka Room : 6', '2022-06-24 07:02:55', '2022-06-24 07:02:55'),
(1677, '10', 79, 'Access Granted', 0, 'Tazaka Room : 10', '2022-06-24 07:07:52', '2022-06-24 07:07:52'),
(1678, '10', 79, 'Access Granted', 0, 'Tazaka Room : 10', '2022-06-24 07:07:57', '2022-06-24 07:07:57'),
(1679, '10', 79, 'Access Granted', 0, 'Tazaka Room : 10', '2022-06-24 07:16:31', '2022-06-24 07:16:31'),
(1680, '10', 79, 'Access Granted', 0, 'Tazaka Room : 10', '2022-06-24 07:16:36', '2022-06-24 07:16:36'),
(1681, '6', 56, 'Access Granted', 0, 'Tazaka Room : 6', '2022-06-24 09:04:33', '2022-06-24 09:04:33'),
(1682, '6', 56, 'Access Granted', 0, 'Tazaka Room : 6', '2022-06-24 09:24:43', '2022-06-24 09:24:43'),
(1683, '6', 54, 'Access Granted', 0, 'Tazaka Room : 6', '2022-06-25 07:15:25', '2022-06-25 07:15:25'),
(1684, '6', 56, 'Access Granted', 0, 'Tazaka Room : 6', '2022-06-25 08:04:36', '2022-06-25 08:04:36'),
(1685, '10', 60, 'Access Granted', 0, 'Tazaka Room : 10', '2022-06-25 08:28:56', '2022-06-25 08:28:56'),
(1686, '6', 56, 'Access Granted', 0, 'Tazaka Room : 6', '2022-06-25 08:35:19', '2022-06-25 08:35:19'),
(1687, '6', 56, 'Access Granted', 0, 'Tazaka Room : 6', '2022-06-25 15:53:22', '2022-06-25 15:53:22'),
(1688, '6', 56, 'Access Granted', 0, 'Tazaka Room : 6', '2022-06-25 16:51:41', '2022-06-25 16:51:41'),
(1689, '6', 33, 'Access Granted', 0, 'Tazaka Room : 6', '2022-06-25 17:46:33', '2022-06-25 17:46:33'),
(1690, '10', 97, 'Access Granted', 0, 'Tazaka Room : 10', '2022-06-25 20:00:19', '2022-06-25 20:00:19'),
(1691, '10', 35, 'Access Granted', 0, 'Tazaka Room : 10', '2022-06-25 20:19:46', '2022-06-25 20:19:46'),
(1692, '10', 35, 'Access Granted', 0, 'Tazaka Room : 10', '2022-06-25 20:20:01', '2022-06-25 20:20:01'),
(1693, '10', 35, 'Access Granted', 0, 'Tazaka Room : 10', '2022-06-25 20:20:18', '2022-06-25 20:20:18'),
(1694, '10', 35, 'Access Granted', 0, 'Tazaka Room : 10', '2022-06-26 00:56:39', '2022-06-26 00:56:39'),
(1695, '10', 35, 'Access Granted', 0, 'Tazaka Room : 10', '2022-06-26 00:59:19', '2022-06-26 00:59:19'),
(1696, '10', 29, 'Access Granted', 0, 'Tazaka Room : 10', '2022-06-26 01:31:10', '2022-06-26 01:31:10'),
(1697, '2', 30, 'attendance recorded', 1, 'Tazaka Room : 2', '2022-06-27 06:54:36', '2022-06-27 06:54:36'),
(1698, '2', 38, 'attendance recorded', 1, 'Tazaka Room : 2', '2022-06-27 06:57:34', '2022-06-27 06:57:34'),
(1699, '2', 31, 'attendance recorded', 1, 'Tazaka Room : 2', '2022-06-27 06:58:07', '2022-06-27 06:58:07'),
(1700, '2', 104, 'attendance recorded', 1, 'Tazaka Room : 2', '2022-06-27 06:58:36', '2022-06-27 06:58:36'),
(1701, '2', 80, 'attendance recorded', 1, 'Tazaka Room : 2', '2022-06-27 07:00:34', '2022-06-27 07:00:34'),
(1702, '2', 82, 'attendance recorded', 1, 'Tazaka Room : 2', '2022-06-27 07:01:20', '2022-06-27 07:01:20'),
(1703, '2', 69, 'attendance recorded', 1, 'Tazaka Room : 2', '2022-06-27 07:01:28', '2022-06-27 07:01:28'),
(1704, '4', 31, 'Access Granted', 0, 'Tazaka Room : 4', '2022-06-27 07:01:52', '2022-06-27 07:01:52'),
(1705, '2', 102, 'attendance recorded', 1, 'Tazaka Room : 2', '2022-06-27 07:02:00', '2022-06-27 07:02:00'),
(1706, '2', 39, 'attendance recorded', 1, 'Tazaka Room : 2', '2022-06-27 07:02:44', '2022-06-27 07:02:44'),
(1707, '2', 74, 'attendance recorded', 1, 'Tazaka Room : 2', '2022-06-27 07:02:55', '2022-06-27 07:02:55'),
(1708, '2', 72, 'attendance recorded', 1, 'Tazaka Room : 2', '2022-06-27 07:03:01', '2022-06-27 07:03:01'),
(1709, '2', 76, 'attendance recorded', 1, 'Tazaka Room : 2', '2022-06-27 07:03:07', '2022-06-27 07:03:07'),
(1710, '2', 77, 'attendance recorded', 1, 'Tazaka Room : 2', '2022-06-27 07:03:13', '2022-06-27 07:03:13'),
(1711, '2', 91, 'attendance recorded', 1, 'Tazaka Room : 2', '2022-06-27 07:03:18', '2022-06-27 07:03:18'),
(1713, '2', 55, 'attendance recorded', 1, 'Tazaka Room : 2', '2022-06-27 07:03:57', '2022-06-27 07:03:57'),
(1714, '2', 93, 'attendance recorded', 1, 'Tazaka Room : 2', '2022-06-27 07:04:04', '2022-06-27 07:04:04'),
(1715, '2', 95, 'attendance recorded', 1, 'Tazaka Room : 2', '2022-06-27 07:04:14', '2022-06-27 07:04:14'),
(1716, '2', 75, 'attendance recorded', 1, 'Tazaka Room : 2', '2022-06-27 07:04:20', '2022-06-27 07:04:20'),
(1717, '2', 52, 'attendance recorded', 1, 'Tazaka Room : 2', '2022-06-27 07:04:27', '2022-06-27 07:04:27'),
(1718, '6', 102, 'Access Granted', 0, 'Tazaka Room : 6', '2022-06-27 07:04:28', '2022-06-27 07:04:28'),
(1719, '2', 87, 'attendance recorded', 1, 'Tazaka Room : 2', '2022-06-27 07:04:33', '2022-06-27 07:04:33'),
(1721, '2', 96, 'attendance recorded', 1, 'Tazaka Room : 2', '2022-06-27 07:04:51', '2022-06-27 07:04:51'),
(1722, '2', 89, 'attendance recorded', 1, 'Tazaka Room : 2', '2022-06-27 07:05:00', '2022-06-27 07:05:00'),
(1723, '2', 46, 'attendance recorded', 1, 'Tazaka Room : 2', '2022-06-27 07:05:06', '2022-06-27 07:05:06'),
(1724, '2', 29, 'attendance recorded', 1, 'Tazaka Room : 2', '2022-06-27 07:05:17', '2022-06-27 07:05:17'),
(1725, '2', 99, 'attendance recorded', 1, 'Tazaka Room : 2', '2022-06-27 07:05:35', '2022-06-27 07:05:35'),
(1726, '2', 35, 'attendance recorded', 1, 'Tazaka Room : 2', '2022-06-27 07:05:47', '2022-06-27 07:05:47'),
(1728, '10', 73, 'Access Granted', 0, 'Tazaka Room : 10', '2022-06-27 07:22:58', '2022-06-27 07:22:58'),
(1729, '10', 73, 'Access Granted', 0, 'Tazaka Room : 10', '2022-06-27 07:23:10', '2022-06-27 07:23:10'),
(1730, '10', 35, 'Access Granted', 0, 'Tazaka Room : 10', '2022-06-27 07:26:39', '2022-06-27 07:26:39'),
(1731, '10', 30, 'Access Granted', 0, 'Tazaka Room : 10', '2022-06-27 07:30:54', '2022-06-27 07:30:54'),
(1732, '2', 37, 'attendance recorded', 1, 'Tazaka Room : 2', '2022-06-27 07:47:27', '2022-06-27 07:47:27'),
(1733, '10', 30, 'Access Granted', 0, 'Tazaka Room : 10', '2022-06-27 07:49:08', '2022-06-27 07:49:08'),
(1734, '2', 73, 'attendance recorded', 1, 'Tazaka Room : 2', '2022-06-27 07:57:55', '2022-06-27 07:57:55'),
(1735, '2', 28, 'attendance recorded', 1, 'Tazaka Room : 2', '2022-06-27 08:08:27', '2022-06-27 08:08:27'),
(1736, '10', 29, 'Access Granted', 0, 'Tazaka Room : 10', '2022-06-27 09:04:56', '2022-06-27 09:04:56'),
(1737, '6', 102, 'Access Granted', 0, 'Tazaka Room : 6', '2022-06-27 09:09:24', '2022-06-27 09:09:24'),
(1738, '10', 33, 'Access Granted', 0, 'Tazaka Room : 10', '2022-06-27 09:13:56', '2022-06-27 09:13:56'),
(1739, '11', 33, 'Access Granted', 0, 'Tazaka Room : 11', '2022-06-27 09:18:15', '2022-06-27 09:18:15'),
(1740, '10', 73, 'Access Granted', 0, 'Tazaka Room : 10', '2022-06-27 09:30:53', '2022-06-27 09:30:53'),
(1741, '10', 35, 'Access Granted', 0, 'Tazaka Room : 10', '2022-06-27 09:38:48', '2022-06-27 09:38:48'),
(1742, '10', 73, 'Access Granted', 0, 'Tazaka Room : 10', '2022-06-27 09:53:39', '2022-06-27 09:53:39'),
(1743, '10', 73, 'Access Granted', 0, 'Tazaka Room : 10', '2022-06-27 09:57:43', '2022-06-27 09:57:43'),
(1744, '10', 10, 'Access Granted', 0, 'Tazaka Room : 10', '2022-06-27 10:29:55', '2022-06-27 10:29:55'),
(1745, '6', 31, 'Access Granted', 0, 'Tazaka Room : 6', '2022-06-27 10:49:42', '2022-06-27 10:49:42'),
(1746, '6', 102, 'Access Granted', 0, 'Tazaka Room : 6', '2022-06-27 11:00:35', '2022-06-27 11:00:35'),
(1747, '4', 46, 'Access Granted', 0, 'Tazaka Room : 4', '2022-06-27 13:02:15', '2022-06-27 13:02:15'),
(1750, '10', 73, 'Access Granted', 0, 'Tazaka Room : 10', '2022-06-27 15:39:42', '2022-06-27 15:39:42'),
(1751, '10', 30, 'Access Granted', 0, 'Tazaka Room : 10', '2022-06-27 16:33:16', '2022-06-27 16:33:16'),
(1752, '10', 30, 'Access Granted', 0, 'Tazaka Room : 10', '2022-06-27 16:42:12', '2022-06-27 16:42:12'),
(1753, '2', 73, 'attendance recorded', 1, 'Tazaka Room : 2', '2022-06-27 17:01:03', '2022-06-27 17:01:03'),
(1754, '2', 89, 'attendance recorded', 1, 'Tazaka Room : 2', '2022-06-27 17:01:08', '2022-06-27 17:01:08'),
(1755, '2', 102, 'attendance recorded', 1, 'Tazaka Room : 2', '2022-06-27 17:01:54', '2022-06-27 17:01:54'),
(1756, '2', 29, 'attendance recorded', 1, 'Tazaka Room : 2', '2022-06-27 17:03:07', '2022-06-27 17:03:07'),
(1757, '10', 35, 'Access Granted', 0, 'Tazaka Room : 10', '2022-06-27 17:35:58', '2022-06-27 17:35:58'),
(1758, '10', 30, 'Access Granted', 0, 'Tazaka Room : 10', '2022-06-27 18:42:44', '2022-06-27 18:42:44'),
(1759, '2', 37, 'attendance recorded', 1, 'Tazaka Room : 2', '2022-06-27 19:01:22', '2022-06-27 19:01:22'),
(1760, '2', 30, 'attendance recorded', 1, 'Tazaka Room : 2', '2022-06-27 19:02:44', '2022-06-27 19:02:44'),
(1761, '2', 38, 'attendance recorded', 1, 'Tazaka Room : 2', '2022-06-27 19:03:00', '2022-06-27 19:03:00'),
(1762, '2', 74, 'attendance recorded', 1, 'Tazaka Room : 2', '2022-06-27 19:06:51', '2022-06-27 19:06:51'),
(1763, '2', 35, 'attendance recorded', 1, 'Tazaka Room : 2', '2022-06-27 19:07:02', '2022-06-27 19:07:02'),
(1764, '2', 39, 'attendance recorded', 1, 'Tazaka Room : 2', '2022-06-27 19:07:46', '2022-06-27 19:07:46'),
(1765, '10', 43, 'Access Granted', 0, 'Tazaka Room : 10', '2022-06-27 19:15:37', '2022-06-27 19:15:37'),
(1766, '10', 43, 'Access Granted', 0, 'Tazaka Room : 10', '2022-06-27 19:15:42', '2022-06-27 19:15:42'),
(1767, '10', 43, 'Access Granted', 0, 'Tazaka Room : 10', '2022-06-27 19:15:52', '2022-06-27 19:15:52'),
(1768, '10', 79, 'Access Granted', 0, 'Tazaka Room : 10', '2022-06-27 19:23:18', '2022-06-27 19:23:18'),
(1769, '10', 45, 'Access Granted', 0, 'Tazaka Room : 10', '2022-06-27 22:58:27', '2022-06-27 22:58:27'),
(1770, '6', 36, 'Access Granted', 0, 'Tazaka Room : 6', '2022-06-27 23:00:37', '2022-06-27 23:00:37'),
(1771, '7', 36, 'Access Granted', 0, 'Tazaka Room : 7', '2022-06-27 23:20:30', '2022-06-27 23:20:30'),
(1772, '10', 42, 'Access Granted', 0, 'Tazaka Room : 10', '2022-06-27 23:25:53', '2022-06-27 23:25:53'),
(1773, '6', 60, 'Access Granted', 0, 'Tazaka Room : 6', '2022-06-28 01:45:21', '2022-06-28 01:45:21'),
(1774, '4', 56, 'Access Granted', 0, 'Tazaka Room : 4', '2022-06-28 02:07:07', '2022-06-28 02:07:07'),
(1775, '10', 60, 'Access Granted', 0, 'Tazaka Room : 10', '2022-06-28 02:23:49', '2022-06-28 02:23:49'),
(1776, '10', 42, 'Access Granted', 0, 'Tazaka Room : 10', '2022-06-28 02:51:53', '2022-06-28 02:51:53'),
(1777, '10', 42, 'Access Granted', 0, 'Tazaka Room : 10', '2022-06-28 03:12:24', '2022-06-28 03:12:24'),
(1778, '4', 56, 'Access Granted', 0, 'Tazaka Room : 4', '2022-06-28 03:19:24', '2022-06-28 03:19:24'),
(1779, '2', 76, 'attendance recorded', 1, 'Tazaka Room : 2', '2022-06-28 06:30:00', '2022-06-28 06:30:00'),
(1780, '2', 99, 'attendance recorded', 1, 'Tazaka Room : 2', '2022-06-28 06:30:49', '2022-06-28 06:30:49'),
(1781, '2', 65, 'attendance recorded', 1, 'Tazaka Room : 2', '2022-06-28 06:31:43', '2022-06-28 06:31:43'),
(1783, '2', 44, 'attendance recorded', 1, 'Tazaka Room : 2', '2022-06-28 06:32:06', '2022-06-28 06:32:06'),
(1784, '10', 44, 'Access Granted', 0, 'Tazaka Room : 10', '2022-06-28 06:33:48', '2022-06-28 06:33:48'),
(1785, '2', 35, 'attendance recorded', 1, 'Tazaka Room : 2', '2022-06-28 06:40:30', '2022-06-28 06:40:30'),
(1786, '2', 81, 'attendance recorded', 1, 'Tazaka Room : 2', '2022-06-28 06:43:31', '2022-06-28 06:43:31'),
(1787, '2', 30, 'attendance recorded', 1, 'Tazaka Room : 2', '2022-06-28 06:43:58', '2022-06-28 06:43:58'),
(1788, '2', 73, 'attendance recorded', 1, 'Tazaka Room : 2', '2022-06-28 06:44:29', '2022-06-28 06:44:29'),
(1789, '4', 78, 'Access Granted', 0, 'Tazaka Room : 4', '2022-06-28 06:44:49', '2022-06-28 06:44:49'),
(1790, '2', 96, 'attendance recorded', 1, 'Tazaka Room : 2', '2022-06-28 06:45:10', '2022-06-28 06:45:10'),
(1791, '2', 33, 'attendance recorded', 1, 'Tazaka Room : 2', '2022-06-28 06:46:10', '2022-06-28 06:46:10'),
(1792, '2', 31, 'attendance recorded', 1, 'Tazaka Room : 2', '2022-06-28 06:46:28', '2022-06-28 06:46:28'),
(1793, '2', 39, 'attendance recorded', 1, 'Tazaka Room : 2', '2022-06-28 06:46:36', '2022-06-28 06:46:36'),
(1794, '2', 80, 'attendance recorded', 1, 'Tazaka Room : 2', '2022-06-28 06:49:30', '2022-06-28 06:49:30'),
(1795, '2', 54, 'attendance recorded', 1, 'Tazaka Room : 2', '2022-06-28 06:49:37', '2022-06-28 06:49:37'),
(1797, '2', 102, 'attendance recorded', 1, 'Tazaka Room : 2', '2022-06-28 06:49:55', '2022-06-28 06:49:55'),
(1798, '2', 74, 'attendance recorded', 1, 'Tazaka Room : 2', '2022-06-28 06:50:22', '2022-06-28 06:50:22'),
(1799, '2', 46, 'attendance recorded', 1, 'Tazaka Room : 2', '2022-06-28 06:50:38', '2022-06-28 06:50:38'),
(1800, '2', 95, 'attendance recorded', 1, 'Tazaka Room : 2', '2022-06-28 06:50:46', '2022-06-28 06:50:46'),
(1801, '2', 101, 'attendance recorded', 1, 'Tazaka Room : 2', '2022-06-28 06:51:38', '2022-06-28 06:51:38'),
(1802, '2', 77, 'attendance recorded', 1, 'Tazaka Room : 2', '2022-06-28 06:51:52', '2022-06-28 06:51:52'),
(1803, '2', 52, 'attendance recorded', 1, 'Tazaka Room : 2', '2022-06-28 06:52:09', '2022-06-28 06:52:09'),
(1804, '2', 89, 'attendance recorded', 1, 'Tazaka Room : 2', '2022-06-28 06:52:20', '2022-06-28 06:52:20'),
(1805, '2', 88, 'attendance recorded', 1, 'Tazaka Room : 2', '2022-06-28 06:55:10', '2022-06-28 06:55:10'),
(1806, '2', 29, 'attendance recorded', 1, 'Tazaka Room : 2', '2022-06-28 06:56:21', '2022-06-28 06:56:21'),
(1807, '2', 91, 'attendance recorded', 1, 'Tazaka Room : 2', '2022-06-28 06:57:08', '2022-06-28 06:57:08'),
(1810, '2', 87, 'attendance recorded', 1, 'Tazaka Room : 2', '2022-06-28 06:59:01', '2022-06-28 06:59:01'),
(1811, '2', 75, 'attendance recorded', 1, 'Tazaka Room : 2', '2022-06-28 06:59:07', '2022-06-28 06:59:07'),
(1812, '2', 104, 'attendance recorded', 1, 'Tazaka Room : 2', '2022-06-28 06:59:13', '2022-06-28 06:59:13'),
(1813, '2', 79, 'attendance recorded', 1, 'Tazaka Room : 2', '2022-06-28 07:16:49', '2022-06-28 07:16:49'),
(1814, '2', 55, 'attendance recorded', 1, 'Tazaka Room : 2', '2022-06-28 07:16:56', '2022-06-28 07:16:56'),
(1815, '2', 93, 'attendance recorded', 1, 'Tazaka Room : 2', '2022-06-28 07:17:02', '2022-06-28 07:17:02'),
(1816, '2', 88, 'attendance recorded', 1, 'Tazaka Room : 2', '2022-06-28 07:17:07', '2022-06-28 07:17:07'),
(1817, '2', 83, 'attendance recorded', 1, 'Tazaka Room : 2', '2022-06-28 07:17:13', '2022-06-28 07:17:13'),
(1818, '2', 116, 'attendance recorded', 1, 'Tazaka Room : 2', '2022-06-28 07:17:21', '2022-06-28 07:17:21'),
(1819, '2', 115, 'attendance recorded', 1, 'Tazaka Room : 2', '2022-06-28 07:17:27', '2022-06-28 07:17:27'),
(1820, '2', 111, 'attendance recorded', 1, 'Tazaka Room : 2', '2022-06-28 07:17:33', '2022-06-28 07:17:33'),
(1821, '2', 112, 'attendance recorded', 1, 'Tazaka Room : 2', '2022-06-28 07:17:38', '2022-06-28 07:17:38'),
(1822, '2', 114, 'attendance recorded', 1, 'Tazaka Room : 2', '2022-06-28 07:17:44', '2022-06-28 07:17:44'),
(1823, '2', 117, 'attendance recorded', 1, 'Tazaka Room : 2', '2022-06-28 07:17:50', '2022-06-28 07:17:50'),
(1824, '2', 70, 'attendance recorded', 1, 'Tazaka Room : 2', '2022-06-28 07:17:56', '2022-06-28 07:17:56'),
(1825, '2', 70, 'attendance recorded', 1, 'Tazaka Room : 2', '2022-06-28 07:18:02', '2022-06-28 07:18:02'),
(1827, '2', 72, 'attendance recorded', 1, 'Tazaka Room : 2', '2022-06-28 07:18:15', '2022-06-28 07:18:15'),
(1829, '2', 60, 'attendance recorded', 1, 'Tazaka Room : 2', '2022-06-28 07:18:58', '2022-06-28 07:18:58'),
(1830, '2', 32, 'attendance recorded', 1, 'Tazaka Room : 2', '2022-06-28 07:19:03', '2022-06-28 07:19:03'),
(1831, '2', 43, 'attendance recorded', 1, 'Tazaka Room : 2', '2022-06-28 07:19:16', '2022-06-28 07:19:16'),
(1832, '4', 81, 'Access Granted', 0, 'Tazaka Room : 4', '2022-06-28 07:19:49', '2022-06-28 07:19:49'),
(1833, '2', 36, 'attendance recorded', 1, 'Tazaka Room : 2', '2022-06-28 07:20:19', '2022-06-28 07:20:19'),
(1834, '2', 82, 'attendance recorded', 1, 'Tazaka Room : 2', '2022-06-28 07:22:35', '2022-06-28 07:22:35'),
(1835, '2', 69, 'attendance recorded', 1, 'Tazaka Room : 2', '2022-06-28 07:22:43', '2022-06-28 07:22:43'),
(1836, '2', 38, 'attendance recorded', 1, 'Tazaka Room : 2', '2022-06-28 07:25:16', '2022-06-28 07:25:16'),
(1837, '6', 54, 'Access Granted', 0, 'Tazaka Room : 6', '2022-06-28 07:28:37', '2022-06-28 07:28:37'),
(1838, '2', 37, 'attendance recorded', 1, 'Tazaka Room : 2', '2022-06-28 07:35:12', '2022-06-28 07:35:12'),
(1839, '2', 28, 'attendance recorded', 1, 'Tazaka Room : 2', '2022-06-28 07:52:15', '2022-06-28 07:52:15'),
(1840, '10', 90, 'Access Granted', 0, 'Tazaka Room : 10', '2022-06-28 07:57:56', '2022-06-28 07:57:56'),
(1841, '10', 106, 'Access Granted', 0, 'Tazaka Room : 10', '2022-06-28 07:58:30', '2022-06-28 07:58:30'),
(1842, '6', 102, 'Access Granted', 0, 'Tazaka Room : 6', '2022-06-28 08:07:55', '2022-06-28 08:07:55'),
(1843, '10', 10, 'Access Granted', 0, 'Tazaka Room : 10', '2022-06-28 08:10:10', '2022-06-28 08:10:10'),
(1844, '6', 102, 'Access Granted', 0, 'Tazaka Room : 6', '2022-06-28 09:31:07', '2022-06-28 09:31:07'),
(1845, '6', 102, 'Access Granted', 0, 'Tazaka Room : 6', '2022-06-28 09:46:59', '2022-06-28 09:46:59'),
(1846, '10', 10, 'Access Granted', 0, 'Tazaka Room : 10', '2022-06-28 10:34:22', '2022-06-28 10:34:22'),
(1847, '4', 46, 'Access Granted', 0, 'Tazaka Room : 4', '2022-06-28 12:16:24', '2022-06-28 12:16:24'),
(1848, '6', 81, 'Access Granted', 0, 'Tazaka Room : 6', '2022-06-28 14:07:07', '2022-06-28 14:07:07'),
(1849, '10', 10, 'Access Granted', 0, 'Tazaka Room : 10', '2022-06-28 15:16:55', '2022-06-28 15:16:55'),
(1850, '10', 10, 'Access Granted', 0, 'Tazaka Room : 10', '2022-06-28 15:27:24', '2022-06-28 15:27:24'),
(1851, '10', 73, 'Access Granted', 0, 'Tazaka Room : 10', '2022-06-28 16:04:05', '2022-06-28 16:04:05'),
(1852, '10', 10, 'Access Granted', 0, 'Tazaka Room : 10', '2022-06-28 16:49:52', '2022-06-28 16:49:52'),
(1853, '10', 10, 'Access Granted', 0, 'Tazaka Room : 10', '2022-06-28 16:56:50', '2022-06-28 16:56:50'),
(1854, '2', 39, 'attendance recorded', 1, 'Tazaka Room : 2', '2022-06-28 17:00:19', '2022-06-28 17:00:19'),
(1855, '2', 116, 'attendance recorded', 1, 'Tazaka Room : 2', '2022-06-28 17:00:25', '2022-06-28 17:00:25'),
(1856, '2', 114, 'attendance recorded', 1, 'Tazaka Room : 2', '2022-06-28 17:00:37', '2022-06-28 17:00:37'),
(1857, '2', 74, 'attendance recorded', 1, 'Tazaka Room : 2', '2022-06-28 17:00:49', '2022-06-28 17:00:49'),
(1858, '2', 38, 'attendance recorded', 1, 'Tazaka Room : 2', '2022-06-28 17:01:29', '2022-06-28 17:01:29'),
(1859, '2', 30, 'attendance recorded', 1, 'Tazaka Room : 2', '2022-06-28 17:01:49', '2022-06-28 17:01:49'),
(1860, '2', 37, 'attendance recorded', 1, 'Tazaka Room : 2', '2022-06-28 17:03:13', '2022-06-28 17:03:13'),
(1861, '2', 32, 'attendance recorded', 1, 'Tazaka Room : 2', '2022-06-28 18:30:36', '2022-06-28 18:30:36'),
(1862, '2', 79, 'attendance recorded', 1, 'Tazaka Room : 2', '2022-06-28 18:32:41', '2022-06-28 18:32:41'),
(1865, '2', 43, 'attendance recorded', 1, 'Tazaka Room : 2', '2022-06-28 18:40:15', '2022-06-28 18:40:15'),
(1866, '2', 88, 'attendance recorded', 1, 'Tazaka Room : 2', '2022-06-28 18:41:41', '2022-06-28 18:41:41'),
(1867, '2', 88, 'attendance recorded', 1, 'Tazaka Room : 2', '2022-06-28 18:41:53', '2022-06-28 18:41:53'),
(1868, '2', 60, 'attendance recorded', 1, 'Tazaka Room : 2', '2022-06-28 18:44:42', '2022-06-28 18:44:42'),
(1869, '2', 36, 'attendance recorded', 1, 'Tazaka Room : 2', '2022-06-28 18:45:18', '2022-06-28 18:45:18'),
(1870, '2', 101, 'attendance recorded', 1, 'Tazaka Room : 2', '2022-06-28 18:45:24', '2022-06-28 18:45:24'),
(1871, '2', 44, 'attendance recorded', 1, 'Tazaka Room : 2', '2022-06-28 18:46:57', '2022-06-28 18:46:57'),
(1872, '2', 65, 'attendance recorded', 1, 'Tazaka Room : 2', '2022-06-28 18:54:36', '2022-06-28 18:54:36'),
(1874, '2', 89, 'attendance recorded', 1, 'Tazaka Room : 2', '2022-06-28 19:00:31', '2022-06-28 19:00:31'),
(1875, '2', 111, 'attendance recorded', 1, 'Tazaka Room : 2', '2022-06-28 19:00:40', '2022-06-28 19:00:40'),
(1876, '2', 81, 'attendance recorded', 1, 'Tazaka Room : 2', '2022-06-28 19:01:36', '2022-06-28 19:01:36'),
(1877, '2', 33, 'attendance recorded', 1, 'Tazaka Room : 2', '2022-06-28 19:03:08', '2022-06-28 19:03:08'),
(1878, '2', 33, 'attendance recorded', 1, 'Tazaka Room : 2', '2022-06-28 19:03:13', '2022-06-28 19:03:13'),
(1880, '2', 73, 'attendance recorded', 1, 'Tazaka Room : 2', '2022-06-28 19:05:49', '2022-06-28 19:05:49'),
(1881, '2', 54, 'attendance recorded', 1, 'Tazaka Room : 2', '2022-06-28 19:05:54', '2022-06-28 19:05:54'),
(1882, '2', 102, 'attendance recorded', 1, 'Tazaka Room : 2', '2022-06-28 19:06:00', '2022-06-28 19:06:00'),
(1883, '2', 29, 'attendance recorded', 1, 'Tazaka Room : 2', '2022-06-28 19:06:11', '2022-06-28 19:06:11'),
(1884, '10', 44, 'Access Granted', 0, 'Tazaka Room : 10', '2022-06-28 19:14:51', '2022-06-28 19:14:51'),
(1885, '6', 36, 'Access Granted', 0, 'Tazaka Room : 6', '2022-06-28 19:30:19', '2022-06-28 19:30:19'),
(1886, '4', 56, 'Access Granted', 0, 'Tazaka Room : 4', '2022-06-28 19:36:56', '2022-06-28 19:36:56'),
(1887, '4', 36, 'Access Granted', 0, 'Tazaka Room : 4', '2022-06-28 21:23:33', '2022-06-28 21:23:33'),
(1888, '4', 78, 'Access Granted', 0, 'Tazaka Room : 4', '2022-06-29 06:14:06', '2022-06-29 06:14:06'),
(1889, '2', 93, 'attendance recorded', 1, 'Tazaka Room : 2', '2022-06-29 06:35:09', '2022-06-29 06:35:09'),
(1890, '2', 76, 'attendance recorded', 1, 'Tazaka Room : 2', '2022-06-29 06:35:14', '2022-06-29 06:35:14'),
(1891, '2', 75, 'attendance recorded', 1, 'Tazaka Room : 2', '2022-06-29 06:36:46', '2022-06-29 06:36:46'),
(1892, '2', 52, 'attendance recorded', 1, 'Tazaka Room : 2', '2022-06-29 06:37:36', '2022-06-29 06:37:36'),
(1893, '2', 35, 'attendance recorded', 1, 'Tazaka Room : 2', '2022-06-29 06:41:19', '2022-06-29 06:41:19'),
(1894, '2', 39, 'attendance recorded', 1, 'Tazaka Room : 2', '2022-06-29 06:43:50', '2022-06-29 06:43:50'),
(1895, '2', 55, 'attendance recorded', 1, 'Tazaka Room : 2', '2022-06-29 06:44:38', '2022-06-29 06:44:38'),
(1896, '2', 89, 'attendance recorded', 1, 'Tazaka Room : 2', '2022-06-29 06:44:46', '2022-06-29 06:44:46'),
(1897, '2', 81, 'attendance recorded', 1, 'Tazaka Room : 2', '2022-06-29 06:44:52', '2022-06-29 06:44:52'),
(1898, '2', 30, 'attendance recorded', 1, 'Tazaka Room : 2', '2022-06-29 06:44:58', '2022-06-29 06:44:58'),
(1899, '2', 31, 'attendance recorded', 1, 'Tazaka Room : 2', '2022-06-29 06:46:30', '2022-06-29 06:46:30'),
(1900, '2', 102, 'attendance recorded', 1, 'Tazaka Room : 2', '2022-06-29 06:46:36', '2022-06-29 06:46:36'),
(1901, '2', 74, 'attendance recorded', 1, 'Tazaka Room : 2', '2022-06-29 06:46:50', '2022-06-29 06:46:50'),
(1902, '2', 72, 'attendance recorded', 1, 'Tazaka Room : 2', '2022-06-29 06:47:42', '2022-06-29 06:47:42'),
(1903, '2', 80, 'attendance recorded', 1, 'Tazaka Room : 2', '2022-06-29 06:48:31', '2022-06-29 06:48:31'),
(1905, '2', 99, 'attendance recorded', 1, 'Tazaka Room : 2', '2022-06-29 06:51:33', '2022-06-29 06:51:33'),
(1906, '2', 77, 'attendance recorded', 1, 'Tazaka Room : 2', '2022-06-29 06:51:59', '2022-06-29 06:51:59'),
(1907, '2', 77, 'attendance recorded', 1, 'Tazaka Room : 2', '2022-06-29 06:52:05', '2022-06-29 06:52:05'),
(1908, '2', 90, 'attendance recorded', 1, 'Tazaka Room : 2', '2022-06-29 06:54:16', '2022-06-29 06:54:16'),
(1909, '2', 46, 'attendance recorded', 1, 'Tazaka Room : 2', '2022-06-29 06:54:23', '2022-06-29 06:54:23'),
(1910, '2', 104, 'attendance recorded', 1, 'Tazaka Room : 2', '2022-06-29 06:54:29', '2022-06-29 06:54:29'),
(1912, '2', 96, 'attendance recorded', 1, 'Tazaka Room : 2', '2022-06-29 06:56:04', '2022-06-29 06:56:04'),
(1913, '2', 91, 'attendance recorded', 1, 'Tazaka Room : 2', '2022-06-29 06:56:10', '2022-06-29 06:56:10'),
(1914, '2', 116, 'attendance recorded', 1, 'Tazaka Room : 2', '2022-06-29 06:56:58', '2022-06-29 06:56:58'),
(1915, '2', 115, 'attendance recorded', 1, 'Tazaka Room : 2', '2022-06-29 06:57:04', '2022-06-29 06:57:04'),
(1916, '2', 111, 'attendance recorded', 1, 'Tazaka Room : 2', '2022-06-29 06:57:09', '2022-06-29 06:57:09'),
(1917, '2', 38, 'attendance recorded', 1, 'Tazaka Room : 2', '2022-06-29 06:57:25', '2022-06-29 06:57:25'),
(1918, '2', 29, 'attendance recorded', 1, 'Tazaka Room : 2', '2022-06-29 06:57:41', '2022-06-29 06:57:41'),
(1919, '2', 117, 'attendance recorded', 1, 'Tazaka Room : 2', '2022-06-29 06:57:51', '2022-06-29 06:57:51'),
(1920, '2', 114, 'attendance recorded', 1, 'Tazaka Room : 2', '2022-06-29 06:58:00', '2022-06-29 06:58:00'),
(1921, '2', 112, 'attendance recorded', 1, 'Tazaka Room : 2', '2022-06-29 06:58:06', '2022-06-29 06:58:06'),
(1922, '2', 87, 'attendance recorded', 1, 'Tazaka Room : 2', '2022-06-29 06:58:12', '2022-06-29 06:58:12'),
(1923, '2', 54, 'attendance recorded', 1, 'Tazaka Room : 2', '2022-06-29 06:59:10', '2022-06-29 06:59:10'),
(1924, '2', 95, 'attendance recorded', 1, 'Tazaka Room : 2', '2022-06-29 06:59:37', '2022-06-29 06:59:37'),
(1925, '2', 71, 'attendance recorded', 1, 'Tazaka Room : 2', '2022-06-29 06:59:42', '2022-06-29 06:59:42'),
(1926, '2', 94, 'attendance recorded', 1, 'Tazaka Room : 2', '2022-06-29 07:00:18', '2022-06-29 07:00:18'),
(1927, '2', 32, 'attendance recorded', 1, 'Tazaka Room : 2', '2022-06-29 07:00:25', '2022-06-29 07:00:25'),
(1929, '2', 58, 'attendance recorded', 1, 'Tazaka Room : 2', '2022-06-29 07:00:39', '2022-06-29 07:00:39'),
(1930, '2', 88, 'attendance recorded', 1, 'Tazaka Room : 2', '2022-06-29 07:00:45', '2022-06-29 07:00:45'),
(1931, '2', 45, 'attendance recorded', 1, 'Tazaka Room : 2', '2022-06-29 07:00:51', '2022-06-29 07:00:51'),
(1932, '2', 65, 'attendance recorded', 1, 'Tazaka Room : 2', '2022-06-29 07:00:57', '2022-06-29 07:00:57'),
(1933, '2', 79, 'attendance recorded', 1, 'Tazaka Room : 2', '2022-06-29 07:01:02', '2022-06-29 07:01:02'),
(1934, '2', 68, 'attendance recorded', 1, 'Tazaka Room : 2', '2022-06-29 07:01:08', '2022-06-29 07:01:08'),
(1935, '2', 64, 'attendance recorded', 1, 'Tazaka Room : 2', '2022-06-29 07:01:14', '2022-06-29 07:01:14'),
(1936, '2', 42, 'attendance recorded', 1, 'Tazaka Room : 2', '2022-06-29 07:01:20', '2022-06-29 07:01:20'),
(1937, '2', 60, 'attendance recorded', 1, 'Tazaka Room : 2', '2022-06-29 07:01:27', '2022-06-29 07:01:27'),
(1938, '2', 43, 'attendance recorded', 1, 'Tazaka Room : 2', '2022-06-29 07:01:32', '2022-06-29 07:01:32'),
(1939, '2', 44, 'attendance recorded', 1, 'Tazaka Room : 2', '2022-06-29 07:01:38', '2022-06-29 07:01:38'),
(1940, '2', 78, 'attendance recorded', 1, 'Tazaka Room : 2', '2022-06-29 07:01:44', '2022-06-29 07:01:44'),
(1941, '2', 94, 'attendance recorded', 1, 'Tazaka Room : 2', '2022-06-29 07:01:50', '2022-06-29 07:01:50'),
(1942, '2', 100, 'attendance recorded', 1, 'Tazaka Room : 2', '2022-06-29 07:01:56', '2022-06-29 07:01:56'),
(1943, '2', 63, 'attendance recorded', 1, 'Tazaka Room : 2', '2022-06-29 07:02:02', '2022-06-29 07:02:02'),
(1944, '2', 101, 'attendance recorded', 1, 'Tazaka Room : 2', '2022-06-29 07:02:08', '2022-06-29 07:02:08'),
(1945, '2', 56, 'attendance recorded', 1, 'Tazaka Room : 2', '2022-06-29 07:02:13', '2022-06-29 07:02:13'),
(1946, '2', 51, 'attendance recorded', 1, 'Tazaka Room : 2', '2022-06-29 07:02:25', '2022-06-29 07:02:25'),
(1947, '2', 61, 'attendance recorded', 1, 'Tazaka Room : 2', '2022-06-29 07:02:43', '2022-06-29 07:02:43'),
(1948, '2', 69, 'attendance recorded', 1, 'Tazaka Room : 2', '2022-06-29 07:03:24', '2022-06-29 07:03:24'),
(1949, '2', 82, 'attendance recorded', 1, 'Tazaka Room : 2', '2022-06-29 07:03:32', '2022-06-29 07:03:32'),
(1950, '2', 70, 'attendance recorded', 1, 'Tazaka Room : 2', '2022-06-29 07:03:40', '2022-06-29 07:03:40'),
(1951, '4', 54, 'Access Granted', 0, 'Tazaka Room : 4', '2022-06-29 07:05:10', '2022-06-29 07:05:10'),
(1952, '6', 54, 'Access Granted', 0, 'Tazaka Room : 6', '2022-06-29 07:14:28', '2022-06-29 07:14:28'),
(1953, '2', 73, 'attendance recorded', 1, 'Tazaka Room : 2', '2022-06-29 07:17:27', '2022-06-29 07:17:27'),
(1954, '10', 35, 'Access Granted', 0, 'Tazaka Room : 10', '2022-06-29 07:22:17', '2022-06-29 07:22:17'),
(1955, '10', 35, 'Access Granted', 0, 'Tazaka Room : 10', '2022-06-29 07:31:29', '2022-06-29 07:31:29'),
(1956, '10', 10, 'Access Granted', 0, 'Tazaka Room : 10', '2022-06-29 07:37:10', '2022-06-29 07:37:10'),
(1957, '2', 37, 'attendance recorded', 1, 'Tazaka Room : 2', '2022-06-29 07:40:50', '2022-06-29 07:40:50'),
(1958, '10', 10, 'Access Granted', 0, 'Tazaka Room : 10', '2022-06-29 07:43:22', '2022-06-29 07:43:22'),
(1959, '6', 54, 'Access Granted', 0, 'Tazaka Room : 6', '2022-06-29 07:50:52', '2022-06-29 07:50:52'),
(1960, '2', 40, 'attendance recorded', 1, 'Tazaka Room : 2', '2022-06-29 07:51:17', '2022-06-29 07:51:17'),
(1961, '2', 40, 'attendance recorded', 1, 'Tazaka Room : 2', '2022-06-29 07:51:23', '2022-06-29 07:51:23'),
(1962, '6', 102, 'Access Granted', 0, 'Tazaka Room : 6', '2022-06-29 08:32:14', '2022-06-29 08:32:14'),
(1963, '4', 31, 'Access Granted', 0, 'Tazaka Room : 4', '2022-06-29 11:58:14', '2022-06-29 11:58:14'),
(1964, '4', 81, 'Access Granted', 0, 'Tazaka Room : 4', '2022-06-29 12:03:33', '2022-06-29 12:03:33'),
(1965, '4', 54, 'Access Granted', 0, 'Tazaka Room : 4', '2022-06-29 12:59:54', '2022-06-29 12:59:54'),
(1966, '10', 35, 'Access Granted', 0, 'Tazaka Room : 10', '2022-06-29 13:03:53', '2022-06-29 13:03:53'),
(1967, '10', 10, 'Access Granted', 0, 'Tazaka Room : 10', '2022-06-29 13:16:44', '2022-06-29 13:16:44'),
(1968, '10', 29, 'Access Granted', 0, 'Tazaka Room : 10', '2022-06-29 13:20:39', '2022-06-29 13:20:39'),
(1969, '10', 35, 'Access Granted', 0, 'Tazaka Room : 10', '2022-06-29 13:42:48', '2022-06-29 13:42:48'),
(1971, '10', 29, 'Access Granted', 0, 'Tazaka Room : 10', '2022-06-29 14:41:55', '2022-06-29 14:41:55'),
(1972, '10', 29, 'Access Granted', 0, 'Tazaka Room : 10', '2022-06-29 15:14:47', '2022-06-29 15:14:47'),
(1973, '2', 81, 'attendance recorded', 1, 'Tazaka Room : 2', '2022-06-29 17:00:27', '2022-06-29 17:00:27'),
(1974, '2', 82, 'attendance recorded', 1, 'Tazaka Room : 2', '2022-06-29 17:00:33', '2022-06-29 17:00:33'),
(1975, '2', 69, 'attendance recorded', 1, 'Tazaka Room : 2', '2022-06-29 17:00:38', '2022-06-29 17:00:38');
INSERT INTO `history_device_logs` (`id`, `uid`, `user_id`, `keterangan`, `is_attendance`, `createdBy`, `created_at`, `updated_at`) VALUES
(1976, '2', 73, 'attendance recorded', 1, 'Tazaka Room : 2', '2022-06-29 17:00:44', '2022-06-29 17:00:44'),
(1977, '2', 99, 'attendance recorded', 1, 'Tazaka Room : 2', '2022-06-29 17:00:50', '2022-06-29 17:00:50'),
(1978, '2', 55, 'attendance recorded', 1, 'Tazaka Room : 2', '2022-06-29 17:00:55', '2022-06-29 17:00:55'),
(1980, '2', 54, 'attendance recorded', 1, 'Tazaka Room : 2', '2022-06-29 17:01:09', '2022-06-29 17:01:09'),
(1981, '2', 31, 'attendance recorded', 1, 'Tazaka Room : 2', '2022-06-29 17:01:22', '2022-06-29 17:01:22'),
(1982, '2', 90, 'attendance recorded', 1, 'Tazaka Room : 2', '2022-06-29 17:06:49', '2022-06-29 17:06:49'),
(1983, '2', 94, 'attendance recorded', 1, 'Tazaka Room : 2', '2022-06-29 18:24:18', '2022-06-29 18:24:18'),
(1984, '2', 79, 'attendance recorded', 1, 'Tazaka Room : 2', '2022-06-29 18:33:12', '2022-06-29 18:33:12'),
(1985, '2', 64, 'attendance recorded', 1, 'Tazaka Room : 2', '2022-06-29 18:34:27', '2022-06-29 18:34:27'),
(1986, '2', 88, 'attendance recorded', 1, 'Tazaka Room : 2', '2022-06-29 18:39:35', '2022-06-29 18:39:35'),
(1987, '2', 101, 'attendance recorded', 1, 'Tazaka Room : 2', '2022-06-29 18:39:45', '2022-06-29 18:39:45'),
(1989, '2', 32, 'attendance recorded', 1, 'Tazaka Room : 2', '2022-06-29 18:42:28', '2022-06-29 18:42:28'),
(1990, '2', 43, 'attendance recorded', 1, 'Tazaka Room : 2', '2022-06-29 18:43:43', '2022-06-29 18:43:43'),
(1991, '2', 56, 'attendance recorded', 1, 'Tazaka Room : 2', '2022-06-29 18:46:00', '2022-06-29 18:46:00'),
(1992, '2', 68, 'attendance recorded', 1, 'Tazaka Room : 2', '2022-06-29 18:47:37', '2022-06-29 18:47:37'),
(1993, '2', 51, 'attendance recorded', 1, 'Tazaka Room : 2', '2022-06-29 18:48:29', '2022-06-29 18:48:29'),
(1994, '2', 45, 'attendance recorded', 1, 'Tazaka Room : 2', '2022-06-29 18:48:35', '2022-06-29 18:48:35'),
(1995, '2', 78, 'attendance recorded', 1, 'Tazaka Room : 2', '2022-06-29 18:48:43', '2022-06-29 18:48:43'),
(1996, '2', 65, 'attendance recorded', 1, 'Tazaka Room : 2', '2022-06-29 18:51:55', '2022-06-29 18:51:55'),
(1997, '2', 60, 'attendance recorded', 1, 'Tazaka Room : 2', '2022-06-29 18:52:10', '2022-06-29 18:52:10'),
(1998, '10', 65, 'Access Granted', 0, 'Tazaka Room : 10', '2022-06-29 18:53:46', '2022-06-29 18:53:46'),
(1999, '2', 61, 'attendance recorded', 1, 'Tazaka Room : 2', '2022-06-29 18:55:04', '2022-06-29 18:55:04'),
(2000, '2', 100, 'attendance recorded', 1, 'Tazaka Room : 2', '2022-06-29 18:55:13', '2022-06-29 18:55:13'),
(2001, '2', 58, 'attendance recorded', 1, 'Tazaka Room : 2', '2022-06-29 18:55:31', '2022-06-29 18:55:31'),
(2002, '2', 114, 'attendance recorded', 1, 'Tazaka Room : 2', '2022-06-29 18:55:40', '2022-06-29 18:55:40'),
(2003, '2', 44, 'attendance recorded', 1, 'Tazaka Room : 2', '2022-06-29 18:56:24', '2022-06-29 18:56:24'),
(2004, '2', 89, 'attendance recorded', 1, 'Tazaka Room : 2', '2022-06-29 19:00:24', '2022-06-29 19:00:24'),
(2005, '2', 52, 'attendance recorded', 1, 'Tazaka Room : 2', '2022-06-29 19:00:47', '2022-06-29 19:00:47'),
(2006, '2', 116, 'attendance recorded', 1, 'Tazaka Room : 2', '2022-06-29 19:00:52', '2022-06-29 19:00:52'),
(2007, '2', 37, 'attendance recorded', 1, 'Tazaka Room : 2', '2022-06-29 19:01:09', '2022-06-29 19:01:09'),
(2008, '2', 46, 'attendance recorded', 1, 'Tazaka Room : 2', '2022-06-29 19:01:14', '2022-06-29 19:01:14'),
(2009, '2', 38, 'attendance recorded', 1, 'Tazaka Room : 2', '2022-06-29 19:01:27', '2022-06-29 19:01:27'),
(2011, '2', 80, 'attendance recorded', 1, 'Tazaka Room : 2', '2022-06-29 19:02:12', '2022-06-29 19:02:12'),
(2012, '2', 91, 'attendance recorded', 1, 'Tazaka Room : 2', '2022-06-29 19:02:18', '2022-06-29 19:02:18'),
(2013, '2', 102, 'attendance recorded', 1, 'Tazaka Room : 2', '2022-06-29 19:02:38', '2022-06-29 19:02:38'),
(2014, '2', 87, 'attendance recorded', 1, 'Tazaka Room : 2', '2022-06-29 19:02:44', '2022-06-29 19:02:44'),
(2015, '2', 93, 'attendance recorded', 1, 'Tazaka Room : 2', '2022-06-29 19:02:53', '2022-06-29 19:02:53'),
(2016, '2', 71, 'attendance recorded', 1, 'Tazaka Room : 2', '2022-06-29 19:02:58', '2022-06-29 19:02:58'),
(2017, '2', 75, 'attendance recorded', 1, 'Tazaka Room : 2', '2022-06-29 19:03:04', '2022-06-29 19:03:04'),
(2018, '2', 42, 'attendance recorded', 1, 'Tazaka Room : 2', '2022-06-29 19:05:30', '2022-06-29 19:05:30'),
(2019, '2', 30, 'attendance recorded', 1, 'Tazaka Room : 2', '2022-06-29 19:05:46', '2022-06-29 19:05:46'),
(2020, '2', 74, 'attendance recorded', 1, 'Tazaka Room : 2', '2022-06-29 19:06:18', '2022-06-29 19:06:18'),
(2021, '2', 39, 'attendance recorded', 1, 'Tazaka Room : 2', '2022-06-29 19:06:26', '2022-06-29 19:06:26'),
(2022, '2', 29, 'attendance recorded', 1, 'Tazaka Room : 2', '2022-06-29 19:06:33', '2022-06-29 19:06:33'),
(2023, '10', 88, 'Access Granted', 0, 'Tazaka Room : 10', '2022-06-29 19:18:46', '2022-06-29 19:18:46'),
(2024, '10', 45, 'Access Granted', 0, 'Tazaka Room : 10', '2022-06-30 02:59:05', '2022-06-30 02:59:05'),
(2025, '4', 78, 'Access Granted', 0, 'Tazaka Room : 4', '2022-06-30 06:25:41', '2022-06-30 06:25:41'),
(2026, '2', 76, 'attendance recorded', 1, 'Tazaka Room : 2', '2022-06-30 06:33:36', '2022-06-30 06:33:36'),
(2027, '2', 55, 'attendance recorded', 1, 'Tazaka Room : 2', '2022-06-30 06:33:49', '2022-06-30 06:33:49'),
(2028, '2', 93, 'attendance recorded', 1, 'Tazaka Room : 2', '2022-06-30 06:38:24', '2022-06-30 06:38:24'),
(2029, '2', 72, 'attendance recorded', 1, 'Tazaka Room : 2', '2022-06-30 06:39:58', '2022-06-30 06:39:58'),
(2030, '2', 81, 'attendance recorded', 1, 'Tazaka Room : 2', '2022-06-30 06:43:40', '2022-06-30 06:43:40'),
(2031, '2', 89, 'attendance recorded', 1, 'Tazaka Room : 2', '2022-06-30 06:45:39', '2022-06-30 06:45:39'),
(2032, '2', 87, 'attendance recorded', 1, 'Tazaka Room : 2', '2022-06-30 06:46:07', '2022-06-30 06:46:07'),
(2033, '2', 35, 'attendance recorded', 1, 'Tazaka Room : 2', '2022-06-30 06:46:43', '2022-06-30 06:46:43'),
(2034, '2', 99, 'attendance recorded', 1, 'Tazaka Room : 2', '2022-06-30 06:46:49', '2022-06-30 06:46:49'),
(2035, '2', 74, 'attendance recorded', 1, 'Tazaka Room : 2', '2022-06-30 06:46:59', '2022-06-30 06:46:59'),
(2037, '2', 71, 'attendance recorded', 1, 'Tazaka Room : 2', '2022-06-30 06:47:27', '2022-06-30 06:47:27'),
(2038, '2', 46, 'attendance recorded', 1, 'Tazaka Room : 2', '2022-06-30 06:47:35', '2022-06-30 06:47:35'),
(2039, '2', 80, 'attendance recorded', 1, 'Tazaka Room : 2', '2022-06-30 06:48:08', '2022-06-30 06:48:08'),
(2040, '2', 54, 'attendance recorded', 1, 'Tazaka Room : 2', '2022-06-30 06:48:22', '2022-06-30 06:48:22'),
(2042, '2', 31, 'attendance recorded', 1, 'Tazaka Room : 2', '2022-06-30 06:49:56', '2022-06-30 06:49:56'),
(2043, '2', 97, 'attendance recorded', 1, 'Tazaka Room : 2', '2022-06-30 06:50:02', '2022-06-30 06:50:02'),
(2044, '2', 102, 'attendance recorded', 1, 'Tazaka Room : 2', '2022-06-30 06:50:19', '2022-06-30 06:50:19'),
(2045, '2', 77, 'attendance recorded', 1, 'Tazaka Room : 2', '2022-06-30 06:52:43', '2022-06-30 06:52:43'),
(2046, '2', 77, 'attendance recorded', 1, 'Tazaka Room : 2', '2022-06-30 06:52:49', '2022-06-30 06:52:49'),
(2047, '2', 39, 'attendance recorded', 1, 'Tazaka Room : 2', '2022-06-30 06:53:56', '2022-06-30 06:53:56'),
(2048, '2', 33, 'attendance recorded', 1, 'Tazaka Room : 2', '2022-06-30 06:55:09', '2022-06-30 06:55:09'),
(2049, '2', 90, 'attendance recorded', 1, 'Tazaka Room : 2', '2022-06-30 06:55:44', '2022-06-30 06:55:44'),
(2050, '2', 114, 'attendance recorded', 1, 'Tazaka Room : 2', '2022-06-30 06:57:52', '2022-06-30 06:57:52'),
(2051, '2', 117, 'attendance recorded', 1, 'Tazaka Room : 2', '2022-06-30 06:57:59', '2022-06-30 06:57:59'),
(2052, '2', 116, 'attendance recorded', 1, 'Tazaka Room : 2', '2022-06-30 06:58:05', '2022-06-30 06:58:05'),
(2053, '2', 112, 'attendance recorded', 1, 'Tazaka Room : 2', '2022-06-30 06:58:11', '2022-06-30 06:58:11'),
(2054, '2', 111, 'attendance recorded', 1, 'Tazaka Room : 2', '2022-06-30 06:58:18', '2022-06-30 06:58:18'),
(2055, '2', 115, 'attendance recorded', 1, 'Tazaka Room : 2', '2022-06-30 06:58:24', '2022-06-30 06:58:24'),
(2057, '2', 104, 'attendance recorded', 1, 'Tazaka Room : 2', '2022-06-30 06:58:49', '2022-06-30 06:58:49'),
(2058, '2', 32, 'attendance recorded', 1, 'Tazaka Room : 2', '2022-06-30 06:59:32', '2022-06-30 06:59:32'),
(2061, '2', 45, 'attendance recorded', 1, 'Tazaka Room : 2', '2022-06-30 06:59:49', '2022-06-30 06:59:49'),
(2062, '2', 107, 'attendance recorded', 1, 'Tazaka Room : 2', '2022-06-30 06:59:56', '2022-06-30 06:59:56'),
(2063, '2', 91, 'attendance recorded', 1, 'Tazaka Room : 2', '2022-06-30 07:00:12', '2022-06-30 07:00:12'),
(2064, '2', 52, 'attendance recorded', 1, 'Tazaka Room : 2', '2022-06-30 07:00:19', '2022-06-30 07:00:19'),
(2065, '2', 43, 'attendance recorded', 1, 'Tazaka Room : 2', '2022-06-30 07:00:24', '2022-06-30 07:00:24'),
(2066, '2', 68, 'attendance recorded', 1, 'Tazaka Room : 2', '2022-06-30 07:00:31', '2022-06-30 07:00:31'),
(2067, '2', 60, 'attendance recorded', 1, 'Tazaka Room : 2', '2022-06-30 07:00:38', '2022-06-30 07:00:38'),
(2068, '2', 56, 'attendance recorded', 1, 'Tazaka Room : 2', '2022-06-30 07:00:44', '2022-06-30 07:00:44'),
(2069, '2', 29, 'attendance recorded', 1, 'Tazaka Room : 2', '2022-06-30 07:00:51', '2022-06-30 07:00:51'),
(2070, '2', 78, 'attendance recorded', 1, 'Tazaka Room : 2', '2022-06-30 07:00:59', '2022-06-30 07:00:59'),
(2071, '2', 65, 'attendance recorded', 1, 'Tazaka Room : 2', '2022-06-30 07:01:05', '2022-06-30 07:01:05'),
(2072, '2', 64, 'attendance recorded', 1, 'Tazaka Room : 2', '2022-06-30 07:01:11', '2022-06-30 07:01:11'),
(2073, '2', 36, 'attendance recorded', 1, 'Tazaka Room : 2', '2022-06-30 07:01:18', '2022-06-30 07:01:18'),
(2075, '2', 44, 'attendance recorded', 1, 'Tazaka Room : 2', '2022-06-30 07:01:31', '2022-06-30 07:01:31'),
(2076, '2', 101, 'attendance recorded', 1, 'Tazaka Room : 2', '2022-06-30 07:01:37', '2022-06-30 07:01:37'),
(2077, '2', 94, 'attendance recorded', 1, 'Tazaka Room : 2', '2022-06-30 07:01:42', '2022-06-30 07:01:42'),
(2078, '2', 42, 'attendance recorded', 1, 'Tazaka Room : 2', '2022-06-30 07:01:50', '2022-06-30 07:01:50'),
(2079, '2', 88, 'attendance recorded', 1, 'Tazaka Room : 2', '2022-06-30 07:01:56', '2022-06-30 07:01:56'),
(2080, '2', 58, 'attendance recorded', 1, 'Tazaka Room : 2', '2022-06-30 07:02:04', '2022-06-30 07:02:04'),
(2081, '2', 79, 'attendance recorded', 1, 'Tazaka Room : 2', '2022-06-30 07:02:10', '2022-06-30 07:02:10'),
(2082, '2', 100, 'attendance recorded', 1, 'Tazaka Room : 2', '2022-06-30 07:02:16', '2022-06-30 07:02:16'),
(2083, '2', 61, 'attendance recorded', 1, 'Tazaka Room : 2', '2022-06-30 07:02:22', '2022-06-30 07:02:22'),
(2084, '2', 82, 'attendance recorded', 1, 'Tazaka Room : 2', '2022-06-30 07:02:29', '2022-06-30 07:02:29'),
(2085, '2', 69, 'attendance recorded', 1, 'Tazaka Room : 2', '2022-06-30 07:02:37', '2022-06-30 07:02:37'),
(2086, '2', 70, 'attendance recorded', 1, 'Tazaka Room : 2', '2022-06-30 07:02:44', '2022-06-30 07:02:44'),
(2087, '4', 80, 'Access Granted', 0, 'Tazaka Room : 4', '2022-06-30 07:07:01', '2022-06-30 07:07:01'),
(2088, '2', 51, 'attendance recorded', 1, 'Tazaka Room : 2', '2022-06-30 07:07:04', '2022-06-30 07:07:04'),
(2089, '2', 38, 'attendance recorded', 1, 'Tazaka Room : 2', '2022-06-30 07:07:14', '2022-06-30 07:07:14'),
(2090, '4', 38, 'Access Granted', 0, 'Tazaka Room : 4', '2022-06-30 07:07:40', '2022-06-30 07:07:40'),
(2091, '10', 35, 'Access Granted', 0, 'Tazaka Room : 10', '2022-06-30 07:09:16', '2022-06-30 07:09:16'),
(2092, '10', 54, 'Access Granted', 0, 'Tazaka Room : 10', '2022-06-30 07:29:50', '2022-06-30 07:29:50'),
(2093, '2', 37, 'attendance recorded', 1, 'Tazaka Room : 2', '2022-06-30 07:35:51', '2022-06-30 07:35:51'),
(2094, '2', 40, 'attendance recorded', 1, 'Tazaka Room : 2', '2022-06-30 07:38:16', '2022-06-30 07:38:16'),
(2095, '2', 40, 'attendance recorded', 1, 'Tazaka Room : 2', '2022-06-30 07:38:28', '2022-06-30 07:38:28'),
(2096, '10', 10, 'Access Granted', 0, 'Tazaka Room : 10', '2022-06-30 07:39:51', '2022-06-30 07:39:51'),
(2097, '10', 33, 'Access Granted', 0, 'Tazaka Room : 10', '2022-06-30 08:00:32', '2022-06-30 08:00:32'),
(2098, '10', 10, 'Access Granted', 0, 'Tazaka Room : 10', '2022-06-30 08:03:25', '2022-06-30 08:03:25'),
(2099, '10', 29, 'Access Granted', 0, 'Tazaka Room : 10', '2022-06-30 08:10:27', '2022-06-30 08:10:27'),
(2100, '10', 35, 'Access Granted', 0, 'Tazaka Room : 10', '2022-06-30 08:19:47', '2022-06-30 08:19:47'),
(2101, '10', 54, 'Access Granted', 0, 'Tazaka Room : 10', '2022-06-30 08:24:15', '2022-06-30 08:24:15'),
(2102, '6', 102, 'Access Granted', 0, 'Tazaka Room : 6', '2022-06-30 08:35:35', '2022-06-30 08:35:35'),
(2103, '6', 54, 'Access Granted', 0, 'Tazaka Room : 6', '2022-06-30 08:47:12', '2022-06-30 08:47:12'),
(2105, '10', 29, 'Access Granted', 0, 'Tazaka Room : 10', '2022-06-30 10:24:34', '2022-06-30 10:24:34'),
(2106, '6', 102, 'Access Granted', 0, 'Tazaka Room : 6', '2022-06-30 11:00:43', '2022-06-30 11:00:43'),
(2107, '4', 54, 'Access Granted', 0, 'Tazaka Room : 4', '2022-06-30 13:02:33', '2022-06-30 13:02:33'),
(2108, '6', 37, 'Access Granted', 0, 'Tazaka Room : 6', '2022-06-30 14:45:08', '2022-06-30 14:45:08'),
(2109, '2', 80, 'attendance recorded', 1, 'Tazaka Room : 2', '2022-06-30 17:00:54', '2022-06-30 17:00:54'),
(2110, '2', 52, 'attendance recorded', 1, 'Tazaka Room : 2', '2022-06-30 17:01:01', '2022-06-30 17:01:01'),
(2112, '2', 39, 'attendance recorded', 1, 'Tazaka Room : 2', '2022-06-30 17:01:44', '2022-06-30 17:01:44'),
(2113, '2', 115, 'attendance recorded', 1, 'Tazaka Room : 2', '2022-06-30 17:04:33', '2022-06-30 17:04:33'),
(2114, '2', 112, 'attendance recorded', 1, 'Tazaka Room : 2', '2022-06-30 17:04:39', '2022-06-30 17:04:39'),
(2115, '2', 37, 'attendance recorded', 1, 'Tazaka Room : 2', '2022-06-30 17:08:22', '2022-06-30 17:08:22'),
(2116, '10', 73, 'Access Granted', 0, 'Tazaka Room : 10', '2022-06-30 18:22:24', '2022-06-30 18:22:24'),
(2117, '10', 73, 'Access Granted', 0, 'Tazaka Room : 10', '2022-06-30 18:22:40', '2022-06-30 18:22:40'),
(2118, '2', 43, 'attendance recorded', 1, 'Tazaka Room : 2', '2022-06-30 18:30:25', '2022-06-30 18:30:25'),
(2119, '2', 45, 'attendance recorded', 1, 'Tazaka Room : 2', '2022-06-30 18:32:38', '2022-06-30 18:32:38'),
(2120, '2', 32, 'attendance recorded', 1, 'Tazaka Room : 2', '2022-06-30 18:33:03', '2022-06-30 18:33:03'),
(2121, '2', 94, 'attendance recorded', 1, 'Tazaka Room : 2', '2022-06-30 18:35:45', '2022-06-30 18:35:45'),
(2122, '2', 101, 'attendance recorded', 1, 'Tazaka Room : 2', '2022-06-30 18:36:15', '2022-06-30 18:36:15'),
(2124, '2', 107, 'attendance recorded', 1, 'Tazaka Room : 2', '2022-06-30 18:38:24', '2022-06-30 18:38:24'),
(2125, '2', 100, 'attendance recorded', 1, 'Tazaka Room : 2', '2022-06-30 18:40:11', '2022-06-30 18:40:11'),
(2126, '2', 51, 'attendance recorded', 1, 'Tazaka Room : 2', '2022-06-30 18:40:25', '2022-06-30 18:40:25'),
(2127, '2', 78, 'attendance recorded', 1, 'Tazaka Room : 2', '2022-06-30 18:45:38', '2022-06-30 18:45:38'),
(2128, '2', 56, 'attendance recorded', 1, 'Tazaka Room : 2', '2022-06-30 18:45:45', '2022-06-30 18:45:45'),
(2129, '2', 60, 'attendance recorded', 1, 'Tazaka Room : 2', '2022-06-30 18:47:26', '2022-06-30 18:47:26'),
(2130, '2', 61, 'attendance recorded', 1, 'Tazaka Room : 2', '2022-06-30 18:47:45', '2022-06-30 18:47:45'),
(2131, '2', 64, 'attendance recorded', 1, 'Tazaka Room : 2', '2022-06-30 18:48:28', '2022-06-30 18:48:28'),
(2132, '2', 42, 'attendance recorded', 1, 'Tazaka Room : 2', '2022-06-30 18:49:40', '2022-06-30 18:49:40'),
(2134, '2', 65, 'attendance recorded', 1, 'Tazaka Room : 2', '2022-06-30 18:54:00', '2022-06-30 18:54:00'),
(2135, '2', 88, 'attendance recorded', 1, 'Tazaka Room : 2', '2022-06-30 18:54:31', '2022-06-30 18:54:31'),
(2136, '2', 79, 'attendance recorded', 1, 'Tazaka Room : 2', '2022-06-30 18:55:38', '2022-06-30 18:55:38'),
(2137, '2', 68, 'attendance recorded', 1, 'Tazaka Room : 2', '2022-06-30 18:55:49', '2022-06-30 18:55:49'),
(2138, '2', 36, 'attendance recorded', 1, 'Tazaka Room : 2', '2022-06-30 18:56:11', '2022-06-30 18:56:11'),
(2139, '2', 58, 'attendance recorded', 1, 'Tazaka Room : 2', '2022-06-30 18:56:25', '2022-06-30 18:56:25'),
(2140, '2', 97, 'attendance recorded', 1, 'Tazaka Room : 2', '2022-06-30 19:00:04', '2022-06-30 19:00:04'),
(2141, '2', 82, 'attendance recorded', 1, 'Tazaka Room : 2', '2022-06-30 19:00:22', '2022-06-30 19:00:22'),
(2143, '2', 69, 'attendance recorded', 1, 'Tazaka Room : 2', '2022-06-30 19:00:37', '2022-06-30 19:00:37'),
(2144, '2', 70, 'attendance recorded', 1, 'Tazaka Room : 2', '2022-06-30 19:00:54', '2022-06-30 19:00:54'),
(2145, '2', 117, 'attendance recorded', 1, 'Tazaka Room : 2', '2022-06-30 19:01:03', '2022-06-30 19:01:03'),
(2146, '2', 87, 'attendance recorded', 1, 'Tazaka Room : 2', '2022-06-30 19:01:08', '2022-06-30 19:01:08'),
(2147, '2', 77, 'attendance recorded', 1, 'Tazaka Room : 2', '2022-06-30 19:01:14', '2022-06-30 19:01:14'),
(2148, '2', 91, 'attendance recorded', 1, 'Tazaka Room : 2', '2022-06-30 19:01:31', '2022-06-30 19:01:31'),
(2149, '2', 35, 'attendance recorded', 1, 'Tazaka Room : 2', '2022-06-30 19:01:37', '2022-06-30 19:01:37'),
(2150, '2', 54, 'attendance recorded', 1, 'Tazaka Room : 2', '2022-06-30 19:02:01', '2022-06-30 19:02:01'),
(2151, '2', 31, 'attendance recorded', 1, 'Tazaka Room : 2', '2022-06-30 19:02:14', '2022-06-30 19:02:14'),
(2152, '2', 81, 'attendance recorded', 1, 'Tazaka Room : 2', '2022-06-30 19:02:26', '2022-06-30 19:02:26'),
(2153, '2', 99, 'attendance recorded', 1, 'Tazaka Room : 2', '2022-06-30 19:02:31', '2022-06-30 19:02:31'),
(2154, '2', 99, 'attendance recorded', 1, 'Tazaka Room : 2', '2022-06-30 19:02:38', '2022-06-30 19:02:38'),
(2155, '2', 99, 'attendance recorded', 1, 'Tazaka Room : 2', '2022-06-30 19:02:44', '2022-06-30 19:02:44'),
(2157, '2', 99, 'attendance recorded', 1, 'Tazaka Room : 2', '2022-06-30 19:02:56', '2022-06-30 19:02:56'),
(2158, '2', 90, 'attendance recorded', 1, 'Tazaka Room : 2', '2022-06-30 19:03:09', '2022-06-30 19:03:09'),
(2159, '2', 99, 'attendance recorded', 1, 'Tazaka Room : 2', '2022-06-30 19:03:15', '2022-06-30 19:03:15'),
(2161, '10', 42, 'Access Granted', 0, 'Tazaka Room : 10', '2022-06-30 19:04:14', '2022-06-30 19:04:14'),
(2162, '4', 36, 'Access Granted', 0, 'Tazaka Room : 4', '2022-06-30 19:43:16', '2022-06-30 19:43:16'),
(2163, '4', 56, 'Access Granted', 0, 'Tazaka Room : 4', '2022-06-30 19:59:56', '2022-06-30 19:59:56'),
(2164, '2', 76, 'attendance recorded', 1, 'Tazaka Room : 2', '2022-07-01 06:32:19', '2022-07-01 06:32:19'),
(2165, '2', 35, 'attendance recorded', 1, 'Tazaka Room : 2', '2022-07-01 06:37:37', '2022-07-01 06:37:37'),
(2166, '2', 31, 'attendance recorded', 1, 'Tazaka Room : 2', '2022-07-01 06:38:53', '2022-07-01 06:38:53'),
(2167, '2', 52, 'attendance recorded', 1, 'Tazaka Room : 2', '2022-07-01 06:39:47', '2022-07-01 06:39:47'),
(2168, '2', 93, 'attendance recorded', 1, 'Tazaka Room : 2', '2022-07-01 06:41:46', '2022-07-01 06:41:46'),
(2169, '2', 75, 'attendance recorded', 1, 'Tazaka Room : 2', '2022-07-01 06:41:52', '2022-07-01 06:41:52'),
(2170, '2', 87, 'attendance recorded', 1, 'Tazaka Room : 2', '2022-07-01 06:43:45', '2022-07-01 06:43:45'),
(2171, '2', 55, 'attendance recorded', 1, 'Tazaka Room : 2', '2022-07-01 06:44:15', '2022-07-01 06:44:15'),
(2172, '2', 81, 'attendance recorded', 1, 'Tazaka Room : 2', '2022-07-01 06:45:29', '2022-07-01 06:45:29'),
(2173, '2', 46, 'attendance recorded', 1, 'Tazaka Room : 2', '2022-07-01 06:45:44', '2022-07-01 06:45:44'),
(2174, '2', 89, 'attendance recorded', 1, 'Tazaka Room : 2', '2022-07-01 06:45:52', '2022-07-01 06:45:52'),
(2175, '2', 72, 'attendance recorded', 1, 'Tazaka Room : 2', '2022-07-01 06:47:44', '2022-07-01 06:47:44'),
(2176, '2', 73, 'attendance recorded', 1, 'Tazaka Room : 2', '2022-07-01 06:47:54', '2022-07-01 06:47:54'),
(2177, '2', 39, 'attendance recorded', 1, 'Tazaka Room : 2', '2022-07-01 06:48:13', '2022-07-01 06:48:13'),
(2178, '2', 80, 'attendance recorded', 1, 'Tazaka Room : 2', '2022-07-01 06:48:26', '2022-07-01 06:48:26'),
(2179, '2', 77, 'attendance recorded', 1, 'Tazaka Room : 2', '2022-07-01 06:48:32', '2022-07-01 06:48:32'),
(2181, '2', 97, 'attendance recorded', 1, 'Tazaka Room : 2', '2022-07-01 06:49:02', '2022-07-01 06:49:02'),
(2182, '2', 95, 'attendance recorded', 1, 'Tazaka Room : 2', '2022-07-01 06:49:27', '2022-07-01 06:49:27'),
(2183, '2', 102, 'attendance recorded', 1, 'Tazaka Room : 2', '2022-07-01 06:49:35', '2022-07-01 06:49:35'),
(2184, '2', 102, 'attendance recorded', 1, 'Tazaka Room : 2', '2022-07-01 06:49:45', '2022-07-01 06:49:45'),
(2185, '2', 71, 'attendance recorded', 1, 'Tazaka Room : 2', '2022-07-01 06:52:01', '2022-07-01 06:52:01'),
(2186, '2', 38, 'attendance recorded', 1, 'Tazaka Room : 2', '2022-07-01 06:54:53', '2022-07-01 06:54:53'),
(2187, '2', 104, 'attendance recorded', 1, 'Tazaka Room : 2', '2022-07-01 06:55:44', '2022-07-01 06:55:44'),
(2188, '2', 74, 'attendance recorded', 1, 'Tazaka Room : 2', '2022-07-01 06:56:23', '2022-07-01 06:56:23'),
(2189, '2', 90, 'attendance recorded', 1, 'Tazaka Room : 2', '2022-07-01 06:56:35', '2022-07-01 06:56:35'),
(2190, '2', 74, 'attendance recorded', 1, 'Tazaka Room : 2', '2022-07-01 06:56:43', '2022-07-01 06:56:43'),
(2192, '2', 33, 'attendance recorded', 1, 'Tazaka Room : 2', '2022-07-01 06:56:54', '2022-07-01 06:56:54'),
(2193, '2', 96, 'attendance recorded', 1, 'Tazaka Room : 2', '2022-07-01 06:57:00', '2022-07-01 06:57:00'),
(2195, '2', 91, 'attendance recorded', 1, 'Tazaka Room : 2', '2022-07-01 06:58:33', '2022-07-01 06:58:33'),
(2196, '2', 29, 'attendance recorded', 1, 'Tazaka Room : 2', '2022-07-01 06:58:58', '2022-07-01 06:58:58'),
(2197, '2', 116, 'attendance recorded', 1, 'Tazaka Room : 2', '2022-07-01 06:59:18', '2022-07-01 06:59:18'),
(2198, '2', 115, 'attendance recorded', 1, 'Tazaka Room : 2', '2022-07-01 06:59:24', '2022-07-01 06:59:24'),
(2199, '2', 112, 'attendance recorded', 1, 'Tazaka Room : 2', '2022-07-01 06:59:30', '2022-07-01 06:59:30'),
(2200, '2', 111, 'attendance recorded', 1, 'Tazaka Room : 2', '2022-07-01 06:59:36', '2022-07-01 06:59:36'),
(2201, '2', 114, 'attendance recorded', 1, 'Tazaka Room : 2', '2022-07-01 06:59:41', '2022-07-01 06:59:41'),
(2203, '2', 88, 'attendance recorded', 1, 'Tazaka Room : 2', '2022-07-01 07:00:21', '2022-07-01 07:00:21'),
(2204, '2', 88, 'attendance recorded', 1, 'Tazaka Room : 2', '2022-07-01 07:00:27', '2022-07-01 07:00:27'),
(2205, '2', 54, 'attendance recorded', 1, 'Tazaka Room : 2', '2022-07-01 07:00:35', '2022-07-01 07:00:35'),
(2206, '2', 68, 'attendance recorded', 1, 'Tazaka Room : 2', '2022-07-01 07:00:40', '2022-07-01 07:00:40'),
(2207, '2', 117, 'attendance recorded', 1, 'Tazaka Room : 2', '2022-07-01 07:00:49', '2022-07-01 07:00:49'),
(2208, '4', 54, 'Access Granted', 0, 'Tazaka Room : 4', '2022-07-01 07:00:52', '2022-07-01 07:00:52'),
(2209, '2', 70, 'attendance recorded', 1, 'Tazaka Room : 2', '2022-07-01 07:00:54', '2022-07-01 07:00:54'),
(2210, '2', 32, 'attendance recorded', 1, 'Tazaka Room : 2', '2022-07-01 07:01:00', '2022-07-01 07:01:00'),
(2211, '2', 82, 'attendance recorded', 1, 'Tazaka Room : 2', '2022-07-01 07:01:08', '2022-07-01 07:01:08'),
(2212, '2', 45, 'attendance recorded', 1, 'Tazaka Room : 2', '2022-07-01 07:01:13', '2022-07-01 07:01:13'),
(2214, '2', 69, 'attendance recorded', 1, 'Tazaka Room : 2', '2022-07-01 07:01:28', '2022-07-01 07:01:28'),
(2215, '2', 101, 'attendance recorded', 1, 'Tazaka Room : 2', '2022-07-01 07:01:35', '2022-07-01 07:01:35'),
(2216, '2', 65, 'attendance recorded', 1, 'Tazaka Room : 2', '2022-07-01 07:01:43', '2022-07-01 07:01:43'),
(2218, '2', 56, 'attendance recorded', 1, 'Tazaka Room : 2', '2022-07-01 07:01:54', '2022-07-01 07:01:54'),
(2219, '2', 64, 'attendance recorded', 1, 'Tazaka Room : 2', '2022-07-01 07:02:05', '2022-07-01 07:02:05'),
(2220, '2', 78, 'attendance recorded', 1, 'Tazaka Room : 2', '2022-07-01 07:02:12', '2022-07-01 07:02:12'),
(2221, '2', 107, 'attendance recorded', 1, 'Tazaka Room : 2', '2022-07-01 07:02:18', '2022-07-01 07:02:18'),
(2222, '2', 61, 'attendance recorded', 1, 'Tazaka Room : 2', '2022-07-01 07:02:24', '2022-07-01 07:02:24'),
(2223, '2', 79, 'attendance recorded', 1, 'Tazaka Room : 2', '2022-07-01 07:02:44', '2022-07-01 07:02:44'),
(2224, '2', 60, 'attendance recorded', 1, 'Tazaka Room : 2', '2022-07-01 07:02:52', '2022-07-01 07:02:52'),
(2225, '2', 94, 'attendance recorded', 1, 'Tazaka Room : 2', '2022-07-01 07:03:00', '2022-07-01 07:03:00'),
(2226, '2', 58, 'attendance recorded', 1, 'Tazaka Room : 2', '2022-07-01 07:03:08', '2022-07-01 07:03:08'),
(2227, '2', 51, 'attendance recorded', 1, 'Tazaka Room : 2', '2022-07-01 07:03:16', '2022-07-01 07:03:16'),
(2228, '2', 100, 'attendance recorded', 1, 'Tazaka Room : 2', '2022-07-01 07:03:24', '2022-07-01 07:03:24'),
(2229, '2', 43, 'attendance recorded', 1, 'Tazaka Room : 2', '2022-07-01 07:03:30', '2022-07-01 07:03:30'),
(2230, '2', 42, 'attendance recorded', 1, 'Tazaka Room : 2', '2022-07-01 07:04:38', '2022-07-01 07:04:38'),
(2231, '6', 102, 'Access Granted', 0, 'Tazaka Room : 6', '2022-07-01 07:04:43', '2022-07-01 07:04:43'),
(2232, '6', 102, 'Access Granted', 0, 'Tazaka Room : 6', '2022-07-01 07:04:56', '2022-07-01 07:04:56'),
(2233, '6', 102, 'Access Granted', 0, 'Tazaka Room : 6', '2022-07-01 07:05:04', '2022-07-01 07:05:04'),
(2234, '10', 35, 'Access Granted', 0, 'Tazaka Room : 10', '2022-07-01 07:08:56', '2022-07-01 07:08:56'),
(2236, '2', 40, 'attendance recorded', 1, 'Tazaka Room : 2', '2022-07-01 07:42:57', '2022-07-01 07:42:57'),
(2237, '2', 37, 'attendance recorded', 1, 'Tazaka Room : 2', '2022-07-01 07:45:02', '2022-07-01 07:45:02'),
(2238, '10', 73, 'Access Granted', 0, 'Tazaka Room : 10', '2022-07-01 07:59:01', '2022-07-01 07:59:01'),
(2239, '6', 81, 'Access Granted', 0, 'Tazaka Room : 6', '2022-07-01 08:04:39', '2022-07-01 08:04:39'),
(2240, '6', 81, 'Access Granted', 0, 'Tazaka Room : 6', '2022-07-01 08:05:49', '2022-07-01 08:05:49'),
(2241, '10', 90, 'Access Granted', 0, 'Tazaka Room : 10', '2022-07-01 08:17:39', '2022-07-01 08:17:39'),
(2242, '10', 35, 'Access Granted', 0, 'Tazaka Room : 10', '2022-07-01 08:38:57', '2022-07-01 08:38:57'),
(2243, '6', 102, 'Access Granted', 0, 'Tazaka Room : 6', '2022-07-01 08:39:10', '2022-07-01 08:39:10'),
(2244, '6', 102, 'Access Granted', 0, 'Tazaka Room : 6', '2022-07-01 08:46:18', '2022-07-01 08:46:18'),
(2245, '4', 31, 'Access Granted', 0, 'Tazaka Room : 4', '2022-07-01 12:49:02', '2022-07-01 12:49:02'),
(2246, '10', 90, 'Access Granted', 0, 'Tazaka Room : 10', '2022-07-01 16:04:02', '2022-07-01 16:04:02'),
(2247, '10', 35, 'Access Granted', 0, 'Tazaka Room : 10', '2022-07-01 16:44:50', '2022-07-01 16:44:50'),
(2248, '2', 77, 'attendance recorded', 1, 'Tazaka Room : 2', '2022-07-01 17:00:13', '2022-07-01 17:00:13'),
(2251, '2', 35, 'attendance recorded', 1, 'Tazaka Room : 2', '2022-07-01 17:01:04', '2022-07-01 17:01:04'),
(2252, '2', 111, 'attendance recorded', 1, 'Tazaka Room : 2', '2022-07-01 17:01:22', '2022-07-01 17:01:22'),
(2253, '2', 31, 'attendance recorded', 1, 'Tazaka Room : 2', '2022-07-01 17:01:28', '2022-07-01 17:01:28'),
(2254, '2', 87, 'attendance recorded', 1, 'Tazaka Room : 2', '2022-07-01 17:01:40', '2022-07-01 17:01:40'),
(2255, '2', 91, 'attendance recorded', 1, 'Tazaka Room : 2', '2022-07-01 17:02:45', '2022-07-01 17:02:45'),
(2256, '2', 90, 'attendance recorded', 1, 'Tazaka Room : 2', '2022-07-01 17:03:59', '2022-07-01 17:03:59'),
(2257, '10', 10, 'Access Granted', 0, 'Tazaka Room : 10', '2022-07-01 17:17:49', '2022-07-01 17:17:49'),
(2258, '2', 43, 'attendance recorded', 1, 'Tazaka Room : 2', '2022-07-01 18:32:41', '2022-07-01 18:32:41'),
(2259, '2', 94, 'attendance recorded', 1, 'Tazaka Room : 2', '2022-07-01 18:33:39', '2022-07-01 18:33:39'),
(2260, '2', 64, 'attendance recorded', 1, 'Tazaka Room : 2', '2022-07-01 18:35:26', '2022-07-01 18:35:26'),
(2262, '2', 68, 'attendance recorded', 1, 'Tazaka Room : 2', '2022-07-01 18:36:41', '2022-07-01 18:36:41'),
(2263, '2', 32, 'attendance recorded', 1, 'Tazaka Room : 2', '2022-07-01 18:37:10', '2022-07-01 18:37:10'),
(2264, '2', 51, 'attendance recorded', 1, 'Tazaka Room : 2', '2022-07-01 18:37:39', '2022-07-01 18:37:39'),
(2265, '2', 107, 'attendance recorded', 1, 'Tazaka Room : 2', '2022-07-01 18:39:00', '2022-07-01 18:39:00'),
(2266, '2', 88, 'attendance recorded', 1, 'Tazaka Room : 2', '2022-07-01 18:42:12', '2022-07-01 18:42:12'),
(2267, '2', 101, 'attendance recorded', 1, 'Tazaka Room : 2', '2022-07-01 18:42:56', '2022-07-01 18:42:56'),
(2268, '2', 56, 'attendance recorded', 1, 'Tazaka Room : 2', '2022-07-01 18:46:31', '2022-07-01 18:46:31'),
(2269, '2', 61, 'attendance recorded', 1, 'Tazaka Room : 2', '2022-07-01 18:48:10', '2022-07-01 18:48:10'),
(2270, '2', 78, 'attendance recorded', 1, 'Tazaka Room : 2', '2022-07-01 18:48:30', '2022-07-01 18:48:30'),
(2271, '2', 60, 'attendance recorded', 1, 'Tazaka Room : 2', '2022-07-01 18:50:04', '2022-07-01 18:50:04'),
(2273, '2', 42, 'attendance recorded', 1, 'Tazaka Room : 2', '2022-07-01 18:51:42', '2022-07-01 18:51:42'),
(2274, '2', 65, 'attendance recorded', 1, 'Tazaka Room : 2', '2022-07-01 18:54:33', '2022-07-01 18:54:33'),
(2275, '2', 79, 'attendance recorded', 1, 'Tazaka Room : 2', '2022-07-01 18:57:46', '2022-07-01 18:57:46'),
(2276, '2', 58, 'attendance recorded', 1, 'Tazaka Room : 2', '2022-07-01 18:59:26', '2022-07-01 18:59:26'),
(2277, '2', 112, 'attendance recorded', 1, 'Tazaka Room : 2', '2022-07-01 18:59:59', '2022-07-01 18:59:59'),
(2278, '2', 115, 'attendance recorded', 1, 'Tazaka Room : 2', '2022-07-01 19:00:33', '2022-07-01 19:00:33'),
(2279, '2', 112, 'attendance recorded', 1, 'Tazaka Room : 2', '2022-07-01 19:00:39', '2022-07-01 19:00:39'),
(2280, '2', 37, 'attendance recorded', 1, 'Tazaka Room : 2', '2022-07-01 19:01:09', '2022-07-01 19:01:09'),
(2281, '2', 39, 'attendance recorded', 1, 'Tazaka Room : 2', '2022-07-01 19:01:16', '2022-07-01 19:01:16'),
(2282, '2', 52, 'attendance recorded', 1, 'Tazaka Room : 2', '2022-07-01 19:01:29', '2022-07-01 19:01:29'),
(2283, '2', 80, 'attendance recorded', 1, 'Tazaka Room : 2', '2022-07-01 19:01:51', '2022-07-01 19:01:51'),
(2285, '2', 96, 'attendance recorded', 1, 'Tazaka Room : 2', '2022-07-01 19:02:21', '2022-07-01 19:02:21'),
(2286, '2', 74, 'attendance recorded', 1, 'Tazaka Room : 2', '2022-07-01 19:03:09', '2022-07-01 19:03:09'),
(2287, '2', 75, 'attendance recorded', 1, 'Tazaka Room : 2', '2022-07-01 19:03:16', '2022-07-01 19:03:16'),
(2288, '2', 104, 'attendance recorded', 1, 'Tazaka Room : 2', '2022-07-01 19:03:23', '2022-07-01 19:03:23'),
(2289, '2', 95, 'attendance recorded', 1, 'Tazaka Room : 2', '2022-07-01 19:03:30', '2022-07-01 19:03:30'),
(2290, '2', 102, 'attendance recorded', 1, 'Tazaka Room : 2', '2022-07-01 19:03:39', '2022-07-01 19:03:39'),
(2291, '10', 44, 'Access Granted', 0, 'Tazaka Room : 10', '2022-07-01 19:16:24', '2022-07-01 19:16:24'),
(2292, '6', 56, 'Access Granted', 0, 'Tazaka Room : 6', '2022-07-01 19:24:44', '2022-07-01 19:24:44'),
(2293, '6', 56, 'Access Granted', 0, 'Tazaka Room : 6', '2022-07-01 19:25:03', '2022-07-01 19:25:03'),
(2294, '6', 56, 'Access Granted', 0, 'Tazaka Room : 6', '2022-07-01 19:25:22', '2022-07-01 19:25:22'),
(2295, '4', 36, 'Access Granted', 0, 'Tazaka Room : 4', '2022-07-01 19:28:36', '2022-07-01 19:28:36'),
(2296, '10', 65, 'Access Granted', 0, 'Tazaka Room : 10', '2022-07-01 19:43:52', '2022-07-01 19:43:52'),
(2297, '4', 56, 'Access Granted', 0, 'Tazaka Room : 4', '2022-07-01 20:13:53', '2022-07-01 20:13:53'),
(2298, '4', 36, 'Access Granted', 0, 'Tazaka Room : 4', '2022-07-01 20:52:11', '2022-07-01 20:52:11'),
(2299, '10', 43, 'Access Granted', 0, 'Tazaka Room : 10', '2022-07-01 21:16:16', '2022-07-01 21:16:16'),
(2300, '10', 42, 'Access Granted', 0, 'Tazaka Room : 10', '2022-07-01 23:49:18', '2022-07-01 23:49:18'),
(2301, '10', 60, 'Access Granted', 0, 'Tazaka Room : 10', '2022-07-02 02:11:12', '2022-07-02 02:11:12'),
(2302, '2', 76, 'attendance recorded', 1, 'Tazaka Room : 2', '2022-07-02 06:26:17', '2022-07-02 06:26:17'),
(2303, '4', 78, 'Access Granted', 0, 'Tazaka Room : 4', '2022-07-02 06:29:59', '2022-07-02 06:29:59'),
(2304, '2', 95, 'attendance recorded', 1, 'Tazaka Room : 2', '2022-07-02 06:33:46', '2022-07-02 06:33:46'),
(2305, '2', 35, 'attendance recorded', 1, 'Tazaka Room : 2', '2022-07-02 06:37:45', '2022-07-02 06:37:45'),
(2306, '2', 89, 'attendance recorded', 1, 'Tazaka Room : 2', '2022-07-02 06:43:24', '2022-07-02 06:43:24'),
(2307, '2', 39, 'attendance recorded', 1, 'Tazaka Room : 2', '2022-07-02 06:45:54', '2022-07-02 06:45:54'),
(2308, '2', 75, 'attendance recorded', 1, 'Tazaka Room : 2', '2022-07-02 06:47:08', '2022-07-02 06:47:08'),
(2309, '2', 97, 'attendance recorded', 1, 'Tazaka Room : 2', '2022-07-02 06:47:50', '2022-07-02 06:47:50'),
(2310, '2', 81, 'attendance recorded', 1, 'Tazaka Room : 2', '2022-07-02 06:48:31', '2022-07-02 06:48:31'),
(2312, '2', 104, 'attendance recorded', 1, 'Tazaka Room : 2', '2022-07-02 06:50:41', '2022-07-02 06:50:41'),
(2313, '2', 71, 'attendance recorded', 1, 'Tazaka Room : 2', '2022-07-02 06:51:50', '2022-07-02 06:51:50'),
(2314, '2', 81, 'attendance recorded', 1, 'Tazaka Room : 2', '2022-07-02 06:52:10', '2022-07-02 06:52:10'),
(2315, '2', 80, 'attendance recorded', 1, 'Tazaka Room : 2', '2022-07-02 06:52:49', '2022-07-02 06:52:49'),
(2316, '2', 46, 'attendance recorded', 1, 'Tazaka Room : 2', '2022-07-02 06:53:09', '2022-07-02 06:53:09'),
(2317, '2', 46, 'attendance recorded', 1, 'Tazaka Room : 2', '2022-07-02 06:53:15', '2022-07-02 06:53:15'),
(2318, '2', 74, 'attendance recorded', 1, 'Tazaka Room : 2', '2022-07-02 06:53:21', '2022-07-02 06:53:21'),
(2319, '2', 77, 'attendance recorded', 1, 'Tazaka Room : 2', '2022-07-02 06:53:34', '2022-07-02 06:53:34'),
(2320, '2', 102, 'attendance recorded', 1, 'Tazaka Room : 2', '2022-07-02 06:53:47', '2022-07-02 06:53:47'),
(2321, '2', 31, 'attendance recorded', 1, 'Tazaka Room : 2', '2022-07-02 06:54:44', '2022-07-02 06:54:44'),
(2322, '2', 72, 'attendance recorded', 1, 'Tazaka Room : 2', '2022-07-02 06:55:14', '2022-07-02 06:55:14'),
(2323, '4', 31, 'Access Granted', 0, 'Tazaka Room : 4', '2022-07-02 06:55:45', '2022-07-02 06:55:45'),
(2324, '2', 91, 'attendance recorded', 1, 'Tazaka Room : 2', '2022-07-02 06:56:04', '2022-07-02 06:56:04'),
(2325, '2', 96, 'attendance recorded', 1, 'Tazaka Room : 2', '2022-07-02 06:56:32', '2022-07-02 06:56:32'),
(2326, '2', 111, 'attendance recorded', 1, 'Tazaka Room : 2', '2022-07-02 06:56:55', '2022-07-02 06:56:55'),
(2327, '2', 115, 'attendance recorded', 1, 'Tazaka Room : 2', '2022-07-02 06:57:01', '2022-07-02 06:57:01'),
(2328, '2', 116, 'attendance recorded', 1, 'Tazaka Room : 2', '2022-07-02 06:57:07', '2022-07-02 06:57:07'),
(2329, '2', 112, 'attendance recorded', 1, 'Tazaka Room : 2', '2022-07-02 06:57:13', '2022-07-02 06:57:13'),
(2330, '2', 54, 'attendance recorded', 1, 'Tazaka Room : 2', '2022-07-02 06:57:19', '2022-07-02 06:57:19'),
(2331, '2', 87, 'attendance recorded', 1, 'Tazaka Room : 2', '2022-07-02 06:57:25', '2022-07-02 06:57:25'),
(2332, '2', 117, 'attendance recorded', 1, 'Tazaka Room : 2', '2022-07-02 06:58:50', '2022-07-02 06:58:50'),
(2333, '2', 114, 'attendance recorded', 1, 'Tazaka Room : 2', '2022-07-02 06:58:57', '2022-07-02 06:58:57'),
(2335, '2', 88, 'attendance recorded', 1, 'Tazaka Room : 2', '2022-07-02 07:00:11', '2022-07-02 07:00:11'),
(2336, '2', 107, 'attendance recorded', 1, 'Tazaka Room : 2', '2022-07-02 07:00:17', '2022-07-02 07:00:17'),
(2337, '2', 69, 'attendance recorded', 1, 'Tazaka Room : 2', '2022-07-02 07:00:26', '2022-07-02 07:00:26'),
(2338, '2', 82, 'attendance recorded', 1, 'Tazaka Room : 2', '2022-07-02 07:00:33', '2022-07-02 07:00:33'),
(2339, '2', 70, 'attendance recorded', 1, 'Tazaka Room : 2', '2022-07-02 07:00:40', '2022-07-02 07:00:40'),
(2340, '2', 101, 'attendance recorded', 1, 'Tazaka Room : 2', '2022-07-02 07:00:46', '2022-07-02 07:00:46'),
(2341, '2', 94, 'attendance recorded', 1, 'Tazaka Room : 2', '2022-07-02 07:00:54', '2022-07-02 07:00:54'),
(2342, '2', 68, 'attendance recorded', 1, 'Tazaka Room : 2', '2022-07-02 07:01:01', '2022-07-02 07:01:01'),
(2343, '2', 58, 'attendance recorded', 1, 'Tazaka Room : 2', '2022-07-02 07:01:11', '2022-07-02 07:01:11'),
(2344, '2', 64, 'attendance recorded', 1, 'Tazaka Room : 2', '2022-07-02 07:01:17', '2022-07-02 07:01:17'),
(2345, '2', 29, 'attendance recorded', 1, 'Tazaka Room : 2', '2022-07-02 07:01:45', '2022-07-02 07:01:45'),
(2346, '2', 61, 'attendance recorded', 1, 'Tazaka Room : 2', '2022-07-02 07:02:00', '2022-07-02 07:02:00'),
(2347, '2', 44, 'attendance recorded', 1, 'Tazaka Room : 2', '2022-07-02 07:02:24', '2022-07-02 07:02:24'),
(2348, '2', 78, 'attendance recorded', 1, 'Tazaka Room : 2', '2022-07-02 07:02:30', '2022-07-02 07:02:30'),
(2349, '2', 56, 'attendance recorded', 1, 'Tazaka Room : 2', '2022-07-02 07:02:38', '2022-07-02 07:02:38'),
(2350, '2', 51, 'attendance recorded', 1, 'Tazaka Room : 2', '2022-07-02 07:02:45', '2022-07-02 07:02:45'),
(2351, '2', 65, 'attendance recorded', 1, 'Tazaka Room : 2', '2022-07-02 07:02:51', '2022-07-02 07:02:51'),
(2352, '2', 60, 'attendance recorded', 1, 'Tazaka Room : 2', '2022-07-02 07:03:11', '2022-07-02 07:03:11'),
(2354, '2', 43, 'attendance recorded', 1, 'Tazaka Room : 2', '2022-07-02 07:03:25', '2022-07-02 07:03:25'),
(2355, '2', 32, 'attendance recorded', 1, 'Tazaka Room : 2', '2022-07-02 07:03:50', '2022-07-02 07:03:50'),
(2356, '2', 42, 'attendance recorded', 1, 'Tazaka Room : 2', '2022-07-02 07:05:56', '2022-07-02 07:05:56'),
(2357, '2', 38, 'attendance recorded', 1, 'Tazaka Room : 2', '2022-07-02 07:12:05', '2022-07-02 07:12:05'),
(2358, '10', 35, 'Access Granted', 0, 'Tazaka Room : 10', '2022-07-02 07:15:04', '2022-07-02 07:15:04'),
(2359, '10', 29, 'Access Granted', 0, 'Tazaka Room : 10', '2022-07-02 07:27:33', '2022-07-02 07:27:33'),
(2360, '6', 54, 'Access Granted', 0, 'Tazaka Room : 6', '2022-07-02 07:29:50', '2022-07-02 07:29:50'),
(2361, '2', 40, 'attendance recorded', 1, 'Tazaka Room : 2', '2022-07-02 07:40:45', '2022-07-02 07:40:45'),
(2362, '2', 37, 'attendance recorded', 1, 'Tazaka Room : 2', '2022-07-02 07:48:56', '2022-07-02 07:48:56'),
(2363, '10', 29, 'Access Granted', 0, 'Tazaka Room : 10', '2022-07-02 07:56:45', '2022-07-02 07:56:45'),
(2364, '2', 28, 'attendance recorded', 1, 'Tazaka Room : 2', '2022-07-02 08:04:19', '2022-07-02 08:04:19'),
(2365, '6', 102, 'Access Granted', 0, 'Tazaka Room : 6', '2022-07-02 08:23:16', '2022-07-02 08:23:16'),
(2366, '10', 29, 'Access Granted', 0, 'Tazaka Room : 10', '2022-07-02 09:14:46', '2022-07-02 09:14:46'),
(2367, '10', 33, 'Access Granted', 0, 'Tazaka Room : 10', '2022-07-02 09:18:19', '2022-07-02 09:18:19'),
(2368, '10', 35, 'Access Granted', 0, 'Tazaka Room : 10', '2022-07-02 09:19:30', '2022-07-02 09:19:30'),
(2369, '10', 39, 'Access Granted', 0, 'Tazaka Room : 10', '2022-07-02 09:49:21', '2022-07-02 09:49:21'),
(2370, '10', 97, 'Access Granted', 0, 'Tazaka Room : 10', '2022-07-02 10:12:49', '2022-07-02 10:12:49'),
(2371, '10', 29, 'Access Granted', 0, 'Tazaka Room : 10', '2022-07-02 10:21:08', '2022-07-02 10:21:08'),
(2372, '10', 10, 'Access Granted', 0, 'Tazaka Room : 10', '2022-07-02 10:33:43', '2022-07-02 10:33:43'),
(2373, '10', 10, 'Access Granted', 0, 'Tazaka Room : 10', '2022-07-02 11:43:16', '2022-07-02 11:43:16'),
(2374, '4', 54, 'Access Granted', 0, 'Tazaka Room : 4', '2022-07-02 11:58:37', '2022-07-02 11:58:37'),
(2375, '10', 35, 'Access Granted', 0, 'Tazaka Room : 10', '2022-07-02 12:43:31', '2022-07-02 12:43:31'),
(2376, '4', 54, 'Access Granted', 0, 'Tazaka Room : 4', '2022-07-02 12:59:53', '2022-07-02 12:59:53'),
(2377, '10', 35, 'Access Granted', 0, 'Tazaka Room : 10', '2022-07-02 13:12:03', '2022-07-02 13:12:03'),
(2378, '6', 10, 'Access Granted', 0, 'Tazaka Room : 6', '2022-07-02 14:09:13', '2022-07-02 14:09:13'),
(2379, '10', 97, 'Access Granted', 0, 'Tazaka Room : 10', '2022-07-02 15:13:59', '2022-07-02 15:13:59'),
(2380, '6', 80, 'Access Granted', 0, 'Tazaka Room : 6', '2022-07-02 15:54:12', '2022-07-02 15:54:12'),
(2381, '2', 37, 'attendance recorded', 1, 'Tazaka Room : 2', '2022-07-02 17:01:26', '2022-07-02 17:01:26'),
(2382, '2', 104, 'attendance recorded', 1, 'Tazaka Room : 2', '2022-07-02 17:01:46', '2022-07-02 17:01:46'),
(2383, '2', 95, 'attendance recorded', 1, 'Tazaka Room : 2', '2022-07-02 17:01:54', '2022-07-02 17:01:54'),
(2384, '2', 46, 'attendance recorded', 1, 'Tazaka Room : 2', '2022-07-02 17:02:26', '2022-07-02 17:02:26'),
(2385, '2', 38, 'attendance recorded', 1, 'Tazaka Room : 2', '2022-07-02 17:02:47', '2022-07-02 17:02:47'),
(2386, '2', 96, 'attendance recorded', 1, 'Tazaka Room : 2', '2022-07-02 17:02:54', '2022-07-02 17:02:54'),
(2387, '2', 102, 'attendance recorded', 1, 'Tazaka Room : 2', '2022-07-02 17:06:13', '2022-07-02 17:06:13'),
(2388, '2', 44, 'attendance recorded', 1, 'Tazaka Room : 2', '2022-07-02 17:10:01', '2022-07-02 17:10:01'),
(2389, '2', 35, 'attendance recorded', 1, 'Tazaka Room : 2', '2022-07-02 17:10:07', '2022-07-02 17:10:07'),
(2390, '10', 44, 'Access Granted', 0, 'Tazaka Room : 10', '2022-07-02 17:46:42', '2022-07-02 17:46:42'),
(2391, '2', 94, 'attendance recorded', 1, 'Tazaka Room : 2', '2022-07-02 18:21:12', '2022-07-02 18:21:12'),
(2392, '2', 32, 'attendance recorded', 1, 'Tazaka Room : 2', '2022-07-02 18:41:20', '2022-07-02 18:41:20'),
(2393, '2', 64, 'attendance recorded', 1, 'Tazaka Room : 2', '2022-07-02 18:41:39', '2022-07-02 18:41:39'),
(2394, '2', 107, 'attendance recorded', 1, 'Tazaka Room : 2', '2022-07-02 18:41:45', '2022-07-02 18:41:45'),
(2396, '2', 61, 'attendance recorded', 1, 'Tazaka Room : 2', '2022-07-02 18:42:47', '2022-07-02 18:42:47'),
(2397, '2', 51, 'attendance recorded', 1, 'Tazaka Room : 2', '2022-07-02 18:43:19', '2022-07-02 18:43:19'),
(2398, '2', 60, 'attendance recorded', 1, 'Tazaka Room : 2', '2022-07-02 18:45:09', '2022-07-02 18:45:09'),
(2399, '2', 60, 'attendance recorded', 1, 'Tazaka Room : 2', '2022-07-02 18:45:17', '2022-07-02 18:45:17'),
(2400, '2', 88, 'attendance recorded', 1, 'Tazaka Room : 2', '2022-07-02 18:45:53', '2022-07-02 18:45:53'),
(2402, '2', 101, 'attendance recorded', 1, 'Tazaka Room : 2', '2022-07-02 18:51:09', '2022-07-02 18:51:09'),
(2403, '2', 56, 'attendance recorded', 1, 'Tazaka Room : 2', '2022-07-02 18:51:22', '2022-07-02 18:51:22'),
(2404, '2', 65, 'attendance recorded', 1, 'Tazaka Room : 2', '2022-07-02 18:53:06', '2022-07-02 18:53:06'),
(2405, '2', 65, 'attendance recorded', 1, 'Tazaka Room : 2', '2022-07-02 18:53:15', '2022-07-02 18:53:15'),
(2406, '2', 58, 'attendance recorded', 1, 'Tazaka Room : 2', '2022-07-02 18:55:46', '2022-07-02 18:55:46'),
(2407, '2', 116, 'attendance recorded', 1, 'Tazaka Room : 2', '2022-07-02 19:00:36', '2022-07-02 19:00:36'),
(2408, '2', 112, 'attendance recorded', 1, 'Tazaka Room : 2', '2022-07-02 19:00:41', '2022-07-02 19:00:41'),
(2409, '2', 115, 'attendance recorded', 1, 'Tazaka Room : 2', '2022-07-02 19:00:47', '2022-07-02 19:00:47'),
(2410, '2', 111, 'attendance recorded', 1, 'Tazaka Room : 2', '2022-07-02 19:00:55', '2022-07-02 19:00:55'),
(2411, '2', 114, 'attendance recorded', 1, 'Tazaka Room : 2', '2022-07-02 19:01:02', '2022-07-02 19:01:02'),
(2412, '2', 81, 'attendance recorded', 1, 'Tazaka Room : 2', '2022-07-02 19:01:11', '2022-07-02 19:01:11'),
(2413, '2', 87, 'attendance recorded', 1, 'Tazaka Room : 2', '2022-07-02 19:01:17', '2022-07-02 19:01:17'),
(2414, '2', 89, 'attendance recorded', 1, 'Tazaka Room : 2', '2022-07-02 19:01:26', '2022-07-02 19:01:26'),
(2415, '2', 77, 'attendance recorded', 1, 'Tazaka Room : 2', '2022-07-02 19:01:59', '2022-07-02 19:01:59'),
(2416, '2', 80, 'attendance recorded', 1, 'Tazaka Room : 2', '2022-07-02 19:02:06', '2022-07-02 19:02:06'),
(2417, '2', 78, 'attendance recorded', 1, 'Tazaka Room : 2', '2022-07-02 19:02:14', '2022-07-02 19:02:14'),
(2418, '2', 75, 'attendance recorded', 1, 'Tazaka Room : 2', '2022-07-02 19:03:00', '2022-07-02 19:03:00'),
(2419, '2', 31, 'attendance recorded', 1, 'Tazaka Room : 2', '2022-07-02 19:03:30', '2022-07-02 19:03:30'),
(2420, '2', 74, 'attendance recorded', 1, 'Tazaka Room : 2', '2022-07-02 19:03:37', '2022-07-02 19:03:37'),
(2421, '2', 91, 'attendance recorded', 1, 'Tazaka Room : 2', '2022-07-02 19:06:09', '2022-07-02 19:06:09'),
(2422, '2', 58, 'attendance recorded', 1, 'Tazaka Room : 2', '2022-07-03 07:01:24', '2022-07-03 07:01:24'),
(2423, '2', 78, 'attendance recorded', 1, 'Tazaka Room : 2', '2022-07-03 07:01:32', '2022-07-03 07:01:32'),
(2424, '2', 107, 'attendance recorded', 1, 'Tazaka Room : 2', '2022-07-03 07:01:43', '2022-07-03 07:01:43'),
(2425, '2', 43, 'attendance recorded', 1, 'Tazaka Room : 2', '2022-07-03 07:01:51', '2022-07-03 07:01:51'),
(2428, '2', 88, 'attendance recorded', 1, 'Tazaka Room : 2', '2022-07-03 07:02:11', '2022-07-03 07:02:11'),
(2429, '2', 101, 'attendance recorded', 1, 'Tazaka Room : 2', '2022-07-03 07:02:27', '2022-07-03 07:02:27'),
(2430, '2', 101, 'attendance recorded', 1, 'Tazaka Room : 2', '2022-07-03 07:02:32', '2022-07-03 07:02:32'),
(2431, '2', 101, 'attendance recorded', 1, 'Tazaka Room : 2', '2022-07-03 07:02:38', '2022-07-03 07:02:38'),
(2432, '2', 65, 'attendance recorded', 1, 'Tazaka Room : 2', '2022-07-03 07:02:43', '2022-07-03 07:02:43'),
(2433, '2', 60, 'attendance recorded', 1, 'Tazaka Room : 2', '2022-07-03 07:02:50', '2022-07-03 07:02:50'),
(2434, '2', 61, 'attendance recorded', 1, 'Tazaka Room : 2', '2022-07-03 07:02:57', '2022-07-03 07:02:57'),
(2435, '2', 64, 'attendance recorded', 1, 'Tazaka Room : 2', '2022-07-03 07:03:03', '2022-07-03 07:03:03'),
(2436, '2', 94, 'attendance recorded', 1, 'Tazaka Room : 2', '2022-07-03 07:03:21', '2022-07-03 07:03:21'),
(2437, '2', 36, 'attendance recorded', 1, 'Tazaka Room : 2', '2022-07-03 07:03:34', '2022-07-03 07:03:34'),
(2438, '2', 56, 'attendance recorded', 1, 'Tazaka Room : 2', '2022-07-03 07:04:07', '2022-07-03 07:04:07'),
(2439, '2', 42, 'attendance recorded', 1, 'Tazaka Room : 2', '2022-07-03 07:05:08', '2022-07-03 07:05:08'),
(2440, '2', 44, 'attendance recorded', 1, 'Tazaka Room : 2', '2022-07-03 07:05:16', '2022-07-03 07:05:16'),
(2442, '2', 107, 'attendance recorded', 1, 'Tazaka Room : 2', '2022-07-04 06:33:38', '2022-07-04 06:33:38'),
(2443, '2', 94, 'attendance recorded', 1, 'Tazaka Room : 2', '2022-07-04 06:33:46', '2022-07-04 06:33:46'),
(2444, '2', 43, 'attendance recorded', 1, 'Tazaka Room : 2', '2022-07-04 06:43:09', '2022-07-04 06:43:09'),
(2445, '2', 68, 'attendance recorded', 1, 'Tazaka Room : 2', '2022-07-04 06:43:19', '2022-07-04 06:43:19'),
(2446, '2', 48, 'attendance recorded', 1, 'Tazaka Room : 2', '2022-07-04 06:43:33', '2022-07-04 06:43:33'),
(2447, '2', 51, 'attendance recorded', 1, 'Tazaka Room : 2', '2022-07-04 06:43:40', '2022-07-04 06:43:40'),
(2448, '2', 88, 'attendance recorded', 1, 'Tazaka Room : 2', '2022-07-04 06:43:47', '2022-07-04 06:43:47'),
(2449, '2', 79, 'attendance recorded', 1, 'Tazaka Room : 2', '2022-07-04 06:44:12', '2022-07-04 06:44:12'),
(2450, '2', 42, 'attendance recorded', 1, 'Tazaka Room : 2', '2022-07-04 06:44:20', '2022-07-04 06:44:20'),
(2451, '2', 31, 'attendance recorded', 1, 'Tazaka Room : 2', '2022-07-04 06:45:37', '2022-07-04 06:45:37'),
(2452, '2', 63, 'attendance recorded', 1, 'Tazaka Room : 2', '2022-07-04 06:47:28', '2022-07-04 06:47:28'),
(2453, '2', 80, 'attendance recorded', 1, 'Tazaka Room : 2', '2022-07-04 06:47:37', '2022-07-04 06:47:37'),
(2454, '2', 56, 'attendance recorded', 1, 'Tazaka Room : 2', '2022-07-04 06:49:46', '2022-07-04 06:49:46'),
(2455, '2', 46, 'attendance recorded', 1, 'Tazaka Room : 2', '2022-07-04 06:49:52', '2022-07-04 06:49:52'),
(2456, '2', 46, 'attendance recorded', 1, 'Tazaka Room : 2', '2022-07-04 06:49:58', '2022-07-04 06:49:58'),
(2457, '2', 78, 'attendance recorded', 1, 'Tazaka Room : 2', '2022-07-04 06:50:03', '2022-07-04 06:50:03'),
(2458, '2', 100, 'attendance recorded', 1, 'Tazaka Room : 2', '2022-07-04 06:51:15', '2022-07-04 06:51:15'),
(2459, '2', 38, 'attendance recorded', 1, 'Tazaka Room : 2', '2022-07-04 06:51:34', '2022-07-04 06:51:34'),
(2460, '2', 72, 'attendance recorded', 1, 'Tazaka Room : 2', '2022-07-04 06:51:43', '2022-07-04 06:51:43'),
(2461, '2', 71, 'attendance recorded', 1, 'Tazaka Room : 2', '2022-07-04 06:52:45', '2022-07-04 06:52:45'),
(2462, '2', 65, 'attendance recorded', 1, 'Tazaka Room : 2', '2022-07-04 06:53:14', '2022-07-04 06:53:14'),
(2463, '2', 60, 'attendance recorded', 1, 'Tazaka Room : 2', '2022-07-04 06:53:26', '2022-07-04 06:53:26'),
(2464, '2', 64, 'attendance recorded', 1, 'Tazaka Room : 2', '2022-07-04 06:54:27', '2022-07-04 06:54:27'),
(2465, '2', 58, 'attendance recorded', 1, 'Tazaka Room : 2', '2022-07-04 06:54:41', '2022-07-04 06:54:41'),
(2466, '2', 61, 'attendance recorded', 1, 'Tazaka Room : 2', '2022-07-04 06:57:18', '2022-07-04 06:57:18'),
(2467, '4', 31, 'Access Granted', 0, 'Tazaka Room : 4', '2022-07-04 06:57:41', '2022-07-04 06:57:41'),
(2468, '2', 54, 'attendance recorded', 1, 'Tazaka Room : 2', '2022-07-04 06:58:00', '2022-07-04 06:58:00'),
(2469, '4', 31, 'Access Granted', 0, 'Tazaka Room : 4', '2022-07-04 06:58:26', '2022-07-04 06:58:26'),
(2470, '2', 81, 'attendance recorded', 1, 'Tazaka Room : 2', '2022-07-04 06:59:15', '2022-07-04 06:59:15'),
(2471, '2', 112, 'attendance recorded', 1, 'Tazaka Room : 2', '2022-07-04 06:59:23', '2022-07-04 06:59:23'),
(2472, '2', 115, 'attendance recorded', 1, 'Tazaka Room : 2', '2022-07-04 06:59:29', '2022-07-04 06:59:29'),
(2473, '2', 111, 'attendance recorded', 1, 'Tazaka Room : 2', '2022-07-04 06:59:35', '2022-07-04 06:59:35'),
(2474, '2', 116, 'attendance recorded', 1, 'Tazaka Room : 2', '2022-07-04 06:59:40', '2022-07-04 06:59:40'),
(2475, '2', 49, 'attendance recorded', 1, 'Tazaka Room : 2', '2022-07-04 06:59:46', '2022-07-04 06:59:46'),
(2476, '2', 44, 'attendance recorded', 1, 'Tazaka Room : 2', '2022-07-04 07:05:20', '2022-07-04 07:05:20'),
(2477, '6', 81, 'Access Granted', 0, 'Tazaka Room : 6', '2022-07-04 07:07:51', '2022-07-04 07:07:51'),
(2478, '10', 65, 'Access Granted', 0, 'Tazaka Room : 10', '2022-07-04 07:14:26', '2022-07-04 07:14:26'),
(2479, '10', 42, 'Access Granted', 0, 'Tazaka Room : 10', '2022-07-04 07:21:25', '2022-07-04 07:21:25'),
(2480, '10', 42, 'Access Granted', 0, 'Tazaka Room : 10', '2022-07-04 07:32:29', '2022-07-04 07:32:29'),
(2481, '10', 79, 'Access Granted', 0, 'Tazaka Room : 10', '2022-07-04 07:38:22', '2022-07-04 07:38:22'),
(2482, '2', 28, 'attendance recorded', 1, 'Tazaka Room : 2', '2022-07-04 07:41:38', '2022-07-04 07:41:38'),
(2483, '2', 40, 'attendance recorded', 1, 'Tazaka Room : 2', '2022-07-04 07:41:45', '2022-07-04 07:41:45');
INSERT INTO `history_device_logs` (`id`, `uid`, `user_id`, `keterangan`, `is_attendance`, `createdBy`, `created_at`, `updated_at`) VALUES
(2484, '2', 50, 'attendance recorded', 1, 'Tazaka Room : 2', '2022-07-04 08:03:57', '2022-07-04 08:03:57'),
(2485, '2', 57, 'attendance recorded', 1, 'Tazaka Room : 2', '2022-07-04 08:04:59', '2022-07-04 08:04:59'),
(2486, '10', 44, 'Access Granted', 0, 'Tazaka Room : 10', '2022-07-04 08:15:02', '2022-07-04 08:15:02'),
(2487, '10', 43, 'Access Granted', 0, 'Tazaka Room : 10', '2022-07-04 08:31:52', '2022-07-04 08:31:52'),
(2488, '10', 43, 'Access Granted', 0, 'Tazaka Room : 10', '2022-07-04 08:32:15', '2022-07-04 08:32:15'),
(2489, '10', 43, 'Access Granted', 0, 'Tazaka Room : 10', '2022-07-04 08:32:49', '2022-07-04 08:32:49'),
(2490, '10', 10, 'Access Granted', 0, 'Tazaka Room : 10', '2022-07-04 09:03:55', '2022-07-04 09:03:55'),
(2491, '10', 10, 'Access Granted', 0, 'Tazaka Room : 10', '2022-07-04 09:55:24', '2022-07-04 09:55:24'),
(2492, '6', 31, 'Access Granted', 0, 'Tazaka Room : 6', '2022-07-04 10:04:27', '2022-07-04 10:04:27'),
(2493, '6', 31, 'Access Granted', 0, 'Tazaka Room : 6', '2022-07-04 10:04:39', '2022-07-04 10:04:39'),
(2494, '10', 44, 'Access Granted', 0, 'Tazaka Room : 10', '2022-07-04 10:37:46', '2022-07-04 10:37:46'),
(2495, '4', 54, 'Access Granted', 0, 'Tazaka Room : 4', '2022-07-04 11:58:00', '2022-07-04 11:58:00'),
(2496, '10', 65, 'Access Granted', 0, 'Tazaka Room : 10', '2022-07-04 12:16:58', '2022-07-04 12:16:58'),
(2497, '4', 81, 'Access Granted', 0, 'Tazaka Room : 4', '2022-07-04 12:50:49', '2022-07-04 12:50:49'),
(2498, '4', 31, 'Access Granted', 0, 'Tazaka Room : 4', '2022-07-04 13:04:52', '2022-07-04 13:04:52'),
(2499, '4', 31, 'Access Granted', 0, 'Tazaka Room : 4', '2022-07-04 13:05:55', '2022-07-04 13:05:55'),
(2500, '10', 10, 'Access Granted', 0, 'Tazaka Room : 10', '2022-07-04 13:27:38', '2022-07-04 13:27:38'),
(2501, '10', 44, 'Access Granted', 0, 'Tazaka Room : 10', '2022-07-04 13:40:26', '2022-07-04 13:40:26'),
(2502, '10', 44, 'Access Granted', 0, 'Tazaka Room : 10', '2022-07-04 16:17:12', '2022-07-04 16:17:12'),
(2503, '2', 71, 'attendance recorded', 1, 'Tazaka Room : 2', '2022-07-04 17:00:49', '2022-07-04 17:00:49'),
(2504, '2', 31, 'attendance recorded', 1, 'Tazaka Room : 2', '2022-07-04 17:03:16', '2022-07-04 17:03:16'),
(2505, '2', 63, 'attendance recorded', 1, 'Tazaka Room : 2', '2022-07-04 17:06:26', '2022-07-04 17:06:26'),
(2506, '2', 63, 'attendance recorded', 1, 'Tazaka Room : 2', '2022-07-04 17:06:31', '2022-07-04 17:06:31'),
(2507, '2', 54, 'attendance recorded', 1, 'Tazaka Room : 2', '2022-07-04 17:08:57', '2022-07-04 17:08:57'),
(2508, '10', 79, 'Access Granted', 0, 'Tazaka Room : 10', '2022-07-04 17:53:26', '2022-07-04 17:53:26'),
(2509, '10', 79, 'Access Granted', 0, 'Tazaka Room : 10', '2022-07-04 18:05:28', '2022-07-04 18:05:28'),
(2510, '2', 46, 'attendance recorded', 1, 'Tazaka Room : 2', '2022-07-04 18:52:25', '2022-07-04 18:52:25'),
(2511, '2', 112, 'attendance recorded', 1, 'Tazaka Room : 2', '2022-07-04 19:01:08', '2022-07-04 19:01:08'),
(2512, '2', 115, 'attendance recorded', 1, 'Tazaka Room : 2', '2022-07-04 19:01:14', '2022-07-04 19:01:14'),
(2513, '2', 111, 'attendance recorded', 1, 'Tazaka Room : 2', '2022-07-04 19:01:20', '2022-07-04 19:01:20'),
(2514, '2', 116, 'attendance recorded', 1, 'Tazaka Room : 2', '2022-07-04 19:01:41', '2022-07-04 19:01:41'),
(2515, '2', 68, 'attendance recorded', 1, 'Tazaka Room : 2', '2022-07-04 19:01:47', '2022-07-04 19:01:47'),
(2516, '2', 48, 'attendance recorded', 1, 'Tazaka Room : 2', '2022-07-04 19:02:10', '2022-07-04 19:02:10'),
(2517, '2', 38, 'attendance recorded', 1, 'Tazaka Room : 2', '2022-07-04 19:02:17', '2022-07-04 19:02:17'),
(2518, '2', 51, 'attendance recorded', 1, 'Tazaka Room : 2', '2022-07-04 19:02:48', '2022-07-04 19:02:48'),
(2519, '2', 49, 'attendance recorded', 1, 'Tazaka Room : 2', '2022-07-04 19:03:17', '2022-07-04 19:03:17'),
(2520, '2', 57, 'attendance recorded', 1, 'Tazaka Room : 2', '2022-07-04 19:03:30', '2022-07-04 19:03:30'),
(2521, '2', 100, 'attendance recorded', 1, 'Tazaka Room : 2', '2022-07-04 19:04:42', '2022-07-04 19:04:42'),
(2522, '2', 46, 'attendance recorded', 1, 'Tazaka Room : 2', '2022-07-04 19:04:53', '2022-07-04 19:04:53'),
(2523, '2', 79, 'attendance recorded', 1, 'Tazaka Room : 2', '2022-07-04 19:06:12', '2022-07-04 19:06:12'),
(2524, '2', 42, 'attendance recorded', 1, 'Tazaka Room : 2', '2022-07-04 19:06:26', '2022-07-04 19:06:26'),
(2525, '10', 39, 'Access Granted', 0, 'Tazaka Room : 10', '2022-07-04 19:16:09', '2022-07-04 19:16:09'),
(2526, '10', 29, 'Access Granted', 0, 'Tazaka Room : 10', '2022-07-04 19:58:10', '2022-07-04 19:58:10'),
(2527, '4', 99, 'Access Granted', 0, 'Tazaka Room : 4', '2022-07-04 19:58:50', '2022-07-04 19:58:50'),
(2528, '4', 99, 'Access Granted', 0, 'Tazaka Room : 4', '2022-07-04 22:25:51', '2022-07-04 22:25:51'),
(2529, '4', 99, 'Access Granted', 0, 'Tazaka Room : 4', '2022-07-04 22:56:18', '2022-07-04 22:56:18'),
(2530, '10', 39, 'Access Granted', 0, 'Tazaka Room : 10', '2022-07-05 02:04:39', '2022-07-05 02:04:39'),
(2531, '4', 102, 'Access Granted', 0, 'Tazaka Room : 4', '2022-07-05 02:52:41', '2022-07-05 02:52:41'),
(2532, '10', 29, 'Access Granted', 0, 'Tazaka Room : 10', '2022-07-05 03:11:12', '2022-07-05 03:11:12'),
(2533, '10', 29, 'Access Granted', 0, 'Tazaka Room : 10', '2022-07-05 03:25:41', '2022-07-05 03:25:41'),
(2534, '10', 73, 'Access Granted', 0, 'Tazaka Room : 10', '2022-07-05 04:12:03', '2022-07-05 04:12:03'),
(2537, '2', 88, 'attendance recorded', 1, 'Tazaka Room : 2', '2022-07-05 06:34:39', '2022-07-05 06:34:39'),
(2538, '2', 63, 'attendance recorded', 1, 'Tazaka Room : 2', '2022-07-05 06:40:13', '2022-07-05 06:40:13'),
(2539, '2', 81, 'attendance recorded', 1, 'Tazaka Room : 2', '2022-07-05 06:42:39', '2022-07-05 06:42:39'),
(2540, '2', 81, 'attendance recorded', 1, 'Tazaka Room : 2', '2022-07-05 06:42:45', '2022-07-05 06:42:45'),
(2541, '2', 72, 'attendance recorded', 1, 'Tazaka Room : 2', '2022-07-05 06:42:51', '2022-07-05 06:42:51'),
(2542, '2', 51, 'attendance recorded', 1, 'Tazaka Room : 2', '2022-07-05 06:43:16', '2022-07-05 06:43:16'),
(2543, '2', 48, 'attendance recorded', 1, 'Tazaka Room : 2', '2022-07-05 06:43:22', '2022-07-05 06:43:22'),
(2544, '2', 94, 'attendance recorded', 1, 'Tazaka Room : 2', '2022-07-05 06:43:29', '2022-07-05 06:43:29'),
(2545, '2', 46, 'attendance recorded', 1, 'Tazaka Room : 2', '2022-07-05 06:43:40', '2022-07-05 06:43:40'),
(2546, '2', 56, 'attendance recorded', 1, 'Tazaka Room : 2', '2022-07-05 06:43:57', '2022-07-05 06:43:57'),
(2547, '2', 31, 'attendance recorded', 1, 'Tazaka Room : 2', '2022-07-05 06:45:22', '2022-07-05 06:45:22'),
(2548, '2', 68, 'attendance recorded', 1, 'Tazaka Room : 2', '2022-07-05 06:45:41', '2022-07-05 06:45:41'),
(2549, '2', 43, 'attendance recorded', 1, 'Tazaka Room : 2', '2022-07-05 06:47:18', '2022-07-05 06:47:18'),
(2550, '2', 54, 'attendance recorded', 1, 'Tazaka Room : 2', '2022-07-05 06:47:31', '2022-07-05 06:47:31'),
(2551, '2', 42, 'attendance recorded', 1, 'Tazaka Room : 2', '2022-07-05 06:48:25', '2022-07-05 06:48:25'),
(2553, '2', 64, 'attendance recorded', 1, 'Tazaka Room : 2', '2022-07-05 06:49:49', '2022-07-05 06:49:49'),
(2554, '2', 33, 'attendance recorded', 1, 'Tazaka Room : 2', '2022-07-05 06:49:55', '2022-07-05 06:49:55'),
(2555, '2', 80, 'attendance recorded', 1, 'Tazaka Room : 2', '2022-07-05 06:50:03', '2022-07-05 06:50:03'),
(2556, '2', 79, 'attendance recorded', 1, 'Tazaka Room : 2', '2022-07-05 06:50:31', '2022-07-05 06:50:31'),
(2557, '2', 57, 'attendance recorded', 1, 'Tazaka Room : 2', '2022-07-05 06:51:04', '2022-07-05 06:51:04'),
(2558, '2', 78, 'attendance recorded', 1, 'Tazaka Room : 2', '2022-07-05 06:51:12', '2022-07-05 06:51:12'),
(2560, '2', 60, 'attendance recorded', 1, 'Tazaka Room : 2', '2022-07-05 06:51:45', '2022-07-05 06:51:45'),
(2561, '2', 50, 'attendance recorded', 1, 'Tazaka Room : 2', '2022-07-05 06:51:54', '2022-07-05 06:51:54'),
(2562, '2', 36, 'attendance recorded', 1, 'Tazaka Room : 2', '2022-07-05 06:53:06', '2022-07-05 06:53:06'),
(2563, '2', 71, 'attendance recorded', 1, 'Tazaka Room : 2', '2022-07-05 06:54:02', '2022-07-05 06:54:02'),
(2564, '2', 61, 'attendance recorded', 1, 'Tazaka Room : 2', '2022-07-05 06:54:56', '2022-07-05 06:54:56'),
(2565, '2', 58, 'attendance recorded', 1, 'Tazaka Room : 2', '2022-07-05 06:55:05', '2022-07-05 06:55:05'),
(2566, '4', 54, 'Access Granted', 0, 'Tazaka Room : 4', '2022-07-05 06:55:10', '2022-07-05 06:55:10'),
(2567, '2', 49, 'attendance recorded', 1, 'Tazaka Room : 2', '2022-07-05 06:55:42', '2022-07-05 06:55:42'),
(2568, '2', 35, 'attendance recorded', 1, 'Tazaka Room : 2', '2022-07-05 06:57:36', '2022-07-05 06:57:36'),
(2569, '2', 29, 'attendance recorded', 1, 'Tazaka Room : 2', '2022-07-05 07:17:23', '2022-07-05 07:17:23'),
(2570, '2', 76, 'attendance recorded', 1, 'Tazaka Room : 2', '2022-07-05 07:17:28', '2022-07-05 07:17:28'),
(2571, '2', 75, 'attendance recorded', 1, 'Tazaka Room : 2', '2022-07-05 07:17:34', '2022-07-05 07:17:34'),
(2572, '2', 97, 'attendance recorded', 1, 'Tazaka Room : 2', '2022-07-05 07:17:40', '2022-07-05 07:17:40'),
(2573, '2', 93, 'attendance recorded', 1, 'Tazaka Room : 2', '2022-07-05 07:17:46', '2022-07-05 07:17:46'),
(2574, '2', 95, 'attendance recorded', 1, 'Tazaka Room : 2', '2022-07-05 07:17:52', '2022-07-05 07:17:52'),
(2575, '2', 55, 'attendance recorded', 1, 'Tazaka Room : 2', '2022-07-05 07:17:58', '2022-07-05 07:17:58'),
(2576, '2', 101, 'attendance recorded', 1, 'Tazaka Room : 2', '2022-07-05 07:18:03', '2022-07-05 07:18:03'),
(2577, '2', 77, 'attendance recorded', 1, 'Tazaka Room : 2', '2022-07-05 07:18:09', '2022-07-05 07:18:09'),
(2578, '2', 87, 'attendance recorded', 1, 'Tazaka Room : 2', '2022-07-05 07:18:15', '2022-07-05 07:18:15'),
(2579, '2', 111, 'attendance recorded', 1, 'Tazaka Room : 2', '2022-07-05 07:18:21', '2022-07-05 07:18:21'),
(2580, '2', 115, 'attendance recorded', 1, 'Tazaka Room : 2', '2022-07-05 07:18:27', '2022-07-05 07:18:27'),
(2581, '2', 112, 'attendance recorded', 1, 'Tazaka Room : 2', '2022-07-05 07:18:32', '2022-07-05 07:18:32'),
(2582, '2', 116, 'attendance recorded', 1, 'Tazaka Room : 2', '2022-07-05 07:18:38', '2022-07-05 07:18:38'),
(2583, '2', 74, 'attendance recorded', 1, 'Tazaka Room : 2', '2022-07-05 07:18:44', '2022-07-05 07:18:44'),
(2584, '2', 52, 'attendance recorded', 1, 'Tazaka Room : 2', '2022-07-05 07:18:50', '2022-07-05 07:18:50'),
(2585, '2', 73, 'attendance recorded', 1, 'Tazaka Room : 2', '2022-07-05 07:18:55', '2022-07-05 07:18:55'),
(2586, '2', 104, 'attendance recorded', 1, 'Tazaka Room : 2', '2022-07-05 07:19:01', '2022-07-05 07:19:01'),
(2587, '2', 89, 'attendance recorded', 1, 'Tazaka Room : 2', '2022-07-05 07:19:09', '2022-07-05 07:19:09'),
(2590, '2', 102, 'attendance recorded', 1, 'Tazaka Room : 2', '2022-07-05 07:19:31', '2022-07-05 07:19:31'),
(2591, '2', 117, 'attendance recorded', 1, 'Tazaka Room : 2', '2022-07-05 07:19:39', '2022-07-05 07:19:39'),
(2592, '2', 70, 'attendance recorded', 1, 'Tazaka Room : 2', '2022-07-05 07:19:46', '2022-07-05 07:19:46'),
(2593, '2', 69, 'attendance recorded', 1, 'Tazaka Room : 2', '2022-07-05 07:19:53', '2022-07-05 07:19:53'),
(2594, '2', 82, 'attendance recorded', 1, 'Tazaka Room : 2', '2022-07-05 07:19:59', '2022-07-05 07:19:59'),
(2595, '2', 114, 'attendance recorded', 1, 'Tazaka Room : 2', '2022-07-05 07:20:06', '2022-07-05 07:20:06'),
(2596, '2', 91, 'attendance recorded', 1, 'Tazaka Room : 2', '2022-07-05 07:20:13', '2022-07-05 07:20:13'),
(2597, '2', 90, 'attendance recorded', 1, 'Tazaka Room : 2', '2022-07-05 07:20:20', '2022-07-05 07:20:20'),
(2598, '2', 90, 'attendance recorded', 1, 'Tazaka Room : 2', '2022-07-05 07:20:27', '2022-07-05 07:20:27'),
(2599, '6', 81, 'Access Granted', 0, 'Tazaka Room : 6', '2022-07-05 07:21:04', '2022-07-05 07:21:04'),
(2600, '2', 39, 'attendance recorded', 1, 'Tazaka Room : 2', '2022-07-05 07:21:04', '2022-07-05 07:21:04'),
(2601, '10', 79, 'Access Granted', 0, 'Tazaka Room : 10', '2022-07-05 07:33:20', '2022-07-05 07:33:20'),
(2602, '2', 40, 'attendance recorded', 1, 'Tazaka Room : 2', '2022-07-05 07:38:26', '2022-07-05 07:38:26'),
(2603, '2', 37, 'attendance recorded', 1, 'Tazaka Room : 2', '2022-07-05 07:40:02', '2022-07-05 07:40:02'),
(2604, '6', 80, 'Access Granted', 0, 'Tazaka Room : 6', '2022-07-05 08:30:35', '2022-07-05 08:30:35'),
(2605, '6', 54, 'Access Granted', 0, 'Tazaka Room : 6', '2022-07-05 08:34:21', '2022-07-05 08:34:21'),
(2606, '10', 60, 'Access Granted', 0, 'Tazaka Room : 10', '2022-07-05 09:37:55', '2022-07-05 09:37:55'),
(2607, '6', 80, 'Access Granted', 0, 'Tazaka Room : 6', '2022-07-05 10:03:21', '2022-07-05 10:03:21'),
(2608, '10', 79, 'Access Granted', 0, 'Tazaka Room : 10', '2022-07-05 10:25:34', '2022-07-05 10:25:34'),
(2609, '6', 31, 'Access Granted', 0, 'Tazaka Room : 6', '2022-07-05 11:19:28', '2022-07-05 11:19:28'),
(2610, '10', 60, 'Access Granted', 0, 'Tazaka Room : 10', '2022-07-05 13:02:37', '2022-07-05 13:02:37'),
(2611, '6', 37, 'Access Granted', 0, 'Tazaka Room : 6', '2022-07-05 13:20:10', '2022-07-05 13:20:10'),
(2612, '10', 79, 'Access Granted', 0, 'Tazaka Room : 10', '2022-07-05 14:19:38', '2022-07-05 14:19:38'),
(2613, '10', 65, 'Access Granted', 0, 'Tazaka Room : 10', '2022-07-05 15:21:51', '2022-07-05 15:21:51'),
(2614, '2', 36, 'attendance recorded', 1, 'Tazaka Room : 2', '2022-07-05 17:00:08', '2022-07-05 17:00:08'),
(2615, '2', 48, 'attendance recorded', 1, 'Tazaka Room : 2', '2022-07-05 17:00:19', '2022-07-05 17:00:19'),
(2616, '2', 78, 'attendance recorded', 1, 'Tazaka Room : 2', '2022-07-05 17:00:29', '2022-07-05 17:00:29'),
(2617, '2', 111, 'attendance recorded', 1, 'Tazaka Room : 2', '2022-07-05 17:00:50', '2022-07-05 17:00:50'),
(2618, '2', 112, 'attendance recorded', 1, 'Tazaka Room : 2', '2022-07-05 17:00:56', '2022-07-05 17:00:56'),
(2619, '2', 116, 'attendance recorded', 1, 'Tazaka Room : 2', '2022-07-05 17:01:02', '2022-07-05 17:01:02'),
(2620, '2', 115, 'attendance recorded', 1, 'Tazaka Room : 2', '2022-07-05 17:01:08', '2022-07-05 17:01:08'),
(2622, '2', 51, 'attendance recorded', 1, 'Tazaka Room : 2', '2022-07-05 17:06:35', '2022-07-05 17:06:35'),
(2623, '2', 57, 'attendance recorded', 1, 'Tazaka Room : 2', '2022-07-05 17:12:13', '2022-07-05 17:12:13'),
(2624, '2', 79, 'attendance recorded', 1, 'Tazaka Room : 2', '2022-07-05 17:17:17', '2022-07-05 17:17:17'),
(2626, '10', 33, 'Access Granted', 0, 'Tazaka Room : 10', '2022-07-05 17:53:23', '2022-07-05 17:53:23'),
(2627, '2', 55, 'attendance recorded', 1, 'Tazaka Room : 2', '2022-07-05 18:41:47', '2022-07-05 18:41:47'),
(2628, '2', 89, 'attendance recorded', 1, 'Tazaka Room : 2', '2022-07-05 18:42:21', '2022-07-05 18:42:21'),
(2629, '2', 52, 'attendance recorded', 1, 'Tazaka Room : 2', '2022-07-05 18:42:35', '2022-07-05 18:42:35'),
(2630, '2', 95, 'attendance recorded', 1, 'Tazaka Room : 2', '2022-07-05 18:42:41', '2022-07-05 18:42:41'),
(2631, '2', 93, 'attendance recorded', 1, 'Tazaka Room : 2', '2022-07-05 18:43:12', '2022-07-05 18:43:12'),
(2632, '2', 101, 'attendance recorded', 1, 'Tazaka Room : 2', '2022-07-05 18:46:59', '2022-07-05 18:46:59'),
(2634, '2', 87, 'attendance recorded', 1, 'Tazaka Room : 2', '2022-07-05 18:47:32', '2022-07-05 18:47:32'),
(2635, '2', 75, 'attendance recorded', 1, 'Tazaka Room : 2', '2022-07-05 18:52:23', '2022-07-05 18:52:23'),
(2636, '2', 104, 'attendance recorded', 1, 'Tazaka Room : 2', '2022-07-05 18:52:29', '2022-07-05 18:52:29'),
(2637, '2', 39, 'attendance recorded', 1, 'Tazaka Room : 2', '2022-07-05 18:52:37', '2022-07-05 18:52:37'),
(2638, '2', 91, 'attendance recorded', 1, 'Tazaka Room : 2', '2022-07-05 18:52:43', '2022-07-05 18:52:43'),
(2639, '2', 76, 'attendance recorded', 1, 'Tazaka Room : 2', '2022-07-05 18:52:49', '2022-07-05 18:52:49'),
(2640, '2', 102, 'attendance recorded', 1, 'Tazaka Room : 2', '2022-07-05 18:52:57', '2022-07-05 18:52:57'),
(2641, '2', 73, 'attendance recorded', 1, 'Tazaka Room : 2', '2022-07-05 18:53:18', '2022-07-05 18:53:18'),
(2642, '2', 70, 'attendance recorded', 1, 'Tazaka Room : 2', '2022-07-05 18:53:40', '2022-07-05 18:53:40'),
(2643, '2', 117, 'attendance recorded', 1, 'Tazaka Room : 2', '2022-07-05 18:53:47', '2022-07-05 18:53:47'),
(2644, '2', 82, 'attendance recorded', 1, 'Tazaka Room : 2', '2022-07-05 18:53:55', '2022-07-05 18:53:55'),
(2645, '2', 114, 'attendance recorded', 1, 'Tazaka Room : 2', '2022-07-05 18:54:02', '2022-07-05 18:54:02'),
(2646, '2', 69, 'attendance recorded', 1, 'Tazaka Room : 2', '2022-07-05 18:54:10', '2022-07-05 18:54:10'),
(2647, '2', 74, 'attendance recorded', 1, 'Tazaka Room : 2', '2022-07-05 18:54:45', '2022-07-05 18:54:45'),
(2648, '2', 74, 'attendance recorded', 1, 'Tazaka Room : 2', '2022-07-05 18:54:51', '2022-07-05 18:54:51'),
(2649, '2', 74, 'attendance recorded', 1, 'Tazaka Room : 2', '2022-07-05 18:55:02', '2022-07-05 18:55:02'),
(2650, '2', 74, 'attendance recorded', 1, 'Tazaka Room : 2', '2022-07-05 18:55:08', '2022-07-05 18:55:08'),
(2651, '2', 99, 'attendance recorded', 1, 'Tazaka Room : 2', '2022-07-05 18:55:13', '2022-07-05 18:55:13'),
(2652, '2', 74, 'attendance recorded', 1, 'Tazaka Room : 2', '2022-07-05 18:55:24', '2022-07-05 18:55:24'),
(2653, '2', 99, 'attendance recorded', 1, 'Tazaka Room : 2', '2022-07-05 18:55:29', '2022-07-05 18:55:29'),
(2654, '2', 74, 'attendance recorded', 1, 'Tazaka Room : 2', '2022-07-05 18:55:37', '2022-07-05 18:55:37'),
(2655, '2', 99, 'attendance recorded', 1, 'Tazaka Room : 2', '2022-07-05 18:55:43', '2022-07-05 18:55:43'),
(2656, '2', 77, 'attendance recorded', 1, 'Tazaka Room : 2', '2022-07-05 18:55:51', '2022-07-05 18:55:51'),
(2658, '2', 90, 'attendance recorded', 1, 'Tazaka Room : 2', '2022-07-05 18:57:34', '2022-07-05 18:57:34'),
(2659, '2', 97, 'attendance recorded', 1, 'Tazaka Room : 2', '2022-07-05 18:58:08', '2022-07-05 18:58:08'),
(2660, '2', 61, 'attendance recorded', 1, 'Tazaka Room : 2', '2022-07-05 19:01:16', '2022-07-05 19:01:16'),
(2661, '2', 68, 'attendance recorded', 1, 'Tazaka Room : 2', '2022-07-05 19:01:21', '2022-07-05 19:01:21'),
(2662, '2', 88, 'attendance recorded', 1, 'Tazaka Room : 2', '2022-07-05 19:01:27', '2022-07-05 19:01:27'),
(2664, '2', 56, 'attendance recorded', 1, 'Tazaka Room : 2', '2022-07-05 19:01:45', '2022-07-05 19:01:45'),
(2665, '2', 81, 'attendance recorded', 1, 'Tazaka Room : 2', '2022-07-05 19:01:51', '2022-07-05 19:01:51'),
(2667, '2', 71, 'attendance recorded', 1, 'Tazaka Room : 2', '2022-07-05 19:02:04', '2022-07-05 19:02:04'),
(2668, '2', 31, 'attendance recorded', 1, 'Tazaka Room : 2', '2022-07-05 19:02:17', '2022-07-05 19:02:17'),
(2669, '2', 63, 'attendance recorded', 1, 'Tazaka Room : 2', '2022-07-05 19:02:23', '2022-07-05 19:02:23'),
(2670, '2', 49, 'attendance recorded', 1, 'Tazaka Room : 2', '2022-07-05 19:02:29', '2022-07-05 19:02:29'),
(2671, '2', 58, 'attendance recorded', 1, 'Tazaka Room : 2', '2022-07-05 19:02:56', '2022-07-05 19:02:56'),
(2672, '2', 94, 'attendance recorded', 1, 'Tazaka Room : 2', '2022-07-05 19:03:25', '2022-07-05 19:03:25'),
(2673, '2', 54, 'attendance recorded', 1, 'Tazaka Room : 2', '2022-07-05 19:04:05', '2022-07-05 19:04:05'),
(2674, '2', 37, 'attendance recorded', 1, 'Tazaka Room : 2', '2022-07-05 19:07:48', '2022-07-05 19:07:48'),
(2675, '2', 74, 'attendance recorded', 1, 'Tazaka Room : 2', '2022-07-05 19:07:57', '2022-07-05 19:07:57'),
(2676, '2', 46, 'attendance recorded', 1, 'Tazaka Room : 2', '2022-07-05 19:22:37', '2022-07-05 19:22:37'),
(2677, '4', 102, 'Access Granted', 0, 'Tazaka Room : 4', '2022-07-05 19:35:58', '2022-07-05 19:35:58'),
(2678, '10', 73, 'Access Granted', 0, 'Tazaka Room : 10', '2022-07-05 19:51:50', '2022-07-05 19:51:50'),
(2679, '10', 39, 'Access Granted', 0, 'Tazaka Room : 10', '2022-07-05 19:56:51', '2022-07-05 19:56:51'),
(2680, '4', 102, 'Access Granted', 0, 'Tazaka Room : 4', '2022-07-05 20:51:26', '2022-07-05 20:51:26'),
(2681, '10', 97, 'Access Granted', 0, 'Tazaka Room : 10', '2022-07-05 21:08:41', '2022-07-05 21:08:41'),
(2682, '4', 102, 'Access Granted', 0, 'Tazaka Room : 4', '2022-07-05 21:43:42', '2022-07-05 21:43:42'),
(2684, '4', 99, 'Access Granted', 0, 'Tazaka Room : 4', '2022-07-06 01:05:36', '2022-07-06 01:05:36'),
(2685, '10', 73, 'Access Granted', 0, 'Tazaka Room : 10', '2022-07-06 01:08:49', '2022-07-06 01:08:49'),
(2686, '10', 73, 'Access Granted', 0, 'Tazaka Room : 10', '2022-07-06 01:45:04', '2022-07-06 01:45:04'),
(2687, '4', 99, 'Access Granted', 0, 'Tazaka Room : 4', '2022-07-06 02:28:31', '2022-07-06 02:28:31'),
(2688, '10', 73, 'Access Granted', 0, 'Tazaka Room : 10', '2022-07-06 02:53:38', '2022-07-06 02:53:38'),
(2689, '4', 96, 'Access Granted', 0, 'Tazaka Room : 4', '2022-07-06 03:13:19', '2022-07-06 03:13:19'),
(2690, '4', 96, 'Access Granted', 0, 'Tazaka Room : 4', '2022-07-06 03:13:25', '2022-07-06 03:13:25'),
(2691, '10', 97, 'Access Granted', 0, 'Tazaka Room : 10', '2022-07-06 05:42:09', '2022-07-06 05:42:09'),
(2692, '4', 96, 'Access Granted', 0, 'Tazaka Room : 4', '2022-07-06 06:14:29', '2022-07-06 06:14:29'),
(2693, '2', 107, 'attendance recorded', 1, 'Tazaka Room : 2', '2022-07-06 06:37:07', '2022-07-06 06:37:07'),
(2695, '2', 94, 'attendance recorded', 1, 'Tazaka Room : 2', '2022-07-06 06:39:31', '2022-07-06 06:39:31'),
(2696, '2', 79, 'attendance recorded', 1, 'Tazaka Room : 2', '2022-07-06 06:42:26', '2022-07-06 06:42:26'),
(2697, '2', 56, 'attendance recorded', 1, 'Tazaka Room : 2', '2022-07-06 06:45:49', '2022-07-06 06:45:49'),
(2698, '4', 99, 'Access Granted', 0, 'Tazaka Room : 4', '2022-07-06 06:46:34', '2022-07-06 06:46:34'),
(2699, '2', 72, 'attendance recorded', 1, 'Tazaka Room : 2', '2022-07-06 06:46:41', '2022-07-06 06:46:41'),
(2700, '2', 31, 'attendance recorded', 1, 'Tazaka Room : 2', '2022-07-06 06:46:48', '2022-07-06 06:46:48'),
(2702, '2', 57, 'attendance recorded', 1, 'Tazaka Room : 2', '2022-07-06 06:48:38', '2022-07-06 06:48:38'),
(2703, '2', 81, 'attendance recorded', 1, 'Tazaka Room : 2', '2022-07-06 06:48:50', '2022-07-06 06:48:50'),
(2704, '2', 88, 'attendance recorded', 1, 'Tazaka Room : 2', '2022-07-06 06:48:56', '2022-07-06 06:48:56'),
(2705, '2', 43, 'attendance recorded', 1, 'Tazaka Room : 2', '2022-07-06 06:49:04', '2022-07-06 06:49:04'),
(2706, '2', 80, 'attendance recorded', 1, 'Tazaka Room : 2', '2022-07-06 06:50:13', '2022-07-06 06:50:13'),
(2707, '2', 49, 'attendance recorded', 1, 'Tazaka Room : 2', '2022-07-06 06:50:22', '2022-07-06 06:50:22'),
(2708, '2', 68, 'attendance recorded', 1, 'Tazaka Room : 2', '2022-07-06 06:50:52', '2022-07-06 06:50:52'),
(2709, '2', 63, 'attendance recorded', 1, 'Tazaka Room : 2', '2022-07-06 06:51:23', '2022-07-06 06:51:23'),
(2710, '2', 64, 'attendance recorded', 1, 'Tazaka Room : 2', '2022-07-06 06:52:25', '2022-07-06 06:52:25'),
(2711, '2', 51, 'attendance recorded', 1, 'Tazaka Room : 2', '2022-07-06 06:53:39', '2022-07-06 06:53:39'),
(2712, '2', 61, 'attendance recorded', 1, 'Tazaka Room : 2', '2022-07-06 06:53:46', '2022-07-06 06:53:46'),
(2713, '2', 58, 'attendance recorded', 1, 'Tazaka Room : 2', '2022-07-06 06:54:18', '2022-07-06 06:54:18'),
(2714, '2', 38, 'attendance recorded', 1, 'Tazaka Room : 2', '2022-07-06 06:54:55', '2022-07-06 06:54:55'),
(2715, '2', 71, 'attendance recorded', 1, 'Tazaka Room : 2', '2022-07-06 06:55:05', '2022-07-06 06:55:05'),
(2716, '2', 50, 'attendance recorded', 1, 'Tazaka Room : 2', '2022-07-06 06:55:28', '2022-07-06 06:55:28'),
(2717, '2', 54, 'attendance recorded', 1, 'Tazaka Room : 2', '2022-07-06 06:55:48', '2022-07-06 06:55:48'),
(2718, '2', 36, 'attendance recorded', 1, 'Tazaka Room : 2', '2022-07-06 06:56:07', '2022-07-06 06:56:07'),
(2719, '4', 54, 'Access Granted', 0, 'Tazaka Room : 4', '2022-07-06 06:56:19', '2022-07-06 06:56:19'),
(2720, '2', 100, 'attendance recorded', 1, 'Tazaka Room : 2', '2022-07-06 06:57:43', '2022-07-06 06:57:43'),
(2721, '2', 60, 'attendance recorded', 1, 'Tazaka Room : 2', '2022-07-06 06:58:07', '2022-07-06 06:58:07'),
(2722, '2', 78, 'attendance recorded', 1, 'Tazaka Room : 2', '2022-07-06 06:58:29', '2022-07-06 06:58:29'),
(2723, '2', 44, 'attendance recorded', 1, 'Tazaka Room : 2', '2022-07-06 06:59:53', '2022-07-06 06:59:53'),
(2724, '2', 65, 'attendance recorded', 1, 'Tazaka Room : 2', '2022-07-06 06:59:59', '2022-07-06 06:59:59'),
(2725, '2', 116, 'attendance recorded', 1, 'Tazaka Room : 2', '2022-07-06 07:00:41', '2022-07-06 07:00:41'),
(2726, '2', 111, 'attendance recorded', 1, 'Tazaka Room : 2', '2022-07-06 07:00:47', '2022-07-06 07:00:47'),
(2727, '2', 115, 'attendance recorded', 1, 'Tazaka Room : 2', '2022-07-06 07:00:53', '2022-07-06 07:00:53'),
(2728, '2', 112, 'attendance recorded', 1, 'Tazaka Room : 2', '2022-07-06 07:00:59', '2022-07-06 07:00:59'),
(2729, '2', 82, 'attendance recorded', 1, 'Tazaka Room : 2', '2022-07-06 07:01:05', '2022-07-06 07:01:05'),
(2730, '2', 69, 'attendance recorded', 1, 'Tazaka Room : 2', '2022-07-06 07:01:13', '2022-07-06 07:01:13'),
(2731, '2', 70, 'attendance recorded', 1, 'Tazaka Room : 2', '2022-07-06 07:01:18', '2022-07-06 07:01:18'),
(2732, '2', 114, 'attendance recorded', 1, 'Tazaka Room : 2', '2022-07-06 07:01:26', '2022-07-06 07:01:26'),
(2733, '2', 117, 'attendance recorded', 1, 'Tazaka Room : 2', '2022-07-06 07:01:32', '2022-07-06 07:01:32'),
(2734, '2', 89, 'attendance recorded', 1, 'Tazaka Room : 2', '2022-07-06 07:01:41', '2022-07-06 07:01:41'),
(2735, '2', 77, 'attendance recorded', 1, 'Tazaka Room : 2', '2022-07-06 07:01:47', '2022-07-06 07:01:47'),
(2736, '2', 101, 'attendance recorded', 1, 'Tazaka Room : 2', '2022-07-06 07:01:53', '2022-07-06 07:01:53'),
(2737, '2', 104, 'attendance recorded', 1, 'Tazaka Room : 2', '2022-07-06 07:02:01', '2022-07-06 07:02:01'),
(2738, '2', 97, 'attendance recorded', 1, 'Tazaka Room : 2', '2022-07-06 07:02:07', '2022-07-06 07:02:07'),
(2739, '2', 87, 'attendance recorded', 1, 'Tazaka Room : 2', '2022-07-06 07:02:12', '2022-07-06 07:02:12'),
(2740, '2', 102, 'attendance recorded', 1, 'Tazaka Room : 2', '2022-07-06 07:02:18', '2022-07-06 07:02:18'),
(2741, '2', 75, 'attendance recorded', 1, 'Tazaka Room : 2', '2022-07-06 07:02:24', '2022-07-06 07:02:24'),
(2742, '2', 96, 'attendance recorded', 1, 'Tazaka Room : 2', '2022-07-06 07:02:29', '2022-07-06 07:02:29'),
(2743, '2', 52, 'attendance recorded', 1, 'Tazaka Room : 2', '2022-07-06 07:02:36', '2022-07-06 07:02:36'),
(2744, '2', 93, 'attendance recorded', 1, 'Tazaka Room : 2', '2022-07-06 07:02:42', '2022-07-06 07:02:42'),
(2745, '2', 55, 'attendance recorded', 1, 'Tazaka Room : 2', '2022-07-06 07:02:48', '2022-07-06 07:02:48'),
(2747, '2', 95, 'attendance recorded', 1, 'Tazaka Room : 2', '2022-07-06 07:02:59', '2022-07-06 07:02:59'),
(2749, '2', 74, 'attendance recorded', 1, 'Tazaka Room : 2', '2022-07-06 07:03:39', '2022-07-06 07:03:39'),
(2750, '2', 91, 'attendance recorded', 1, 'Tazaka Room : 2', '2022-07-06 07:04:00', '2022-07-06 07:04:00'),
(2751, '2', 42, 'attendance recorded', 1, 'Tazaka Room : 2', '2022-07-06 07:04:42', '2022-07-06 07:04:42'),
(2752, '6', 80, 'Access Granted', 0, 'Tazaka Room : 6', '2022-07-06 07:10:16', '2022-07-06 07:10:16'),
(2753, '10', 65, 'Access Granted', 0, 'Tazaka Room : 10', '2022-07-06 07:11:00', '2022-07-06 07:11:00'),
(2754, '2', 73, 'attendance recorded', 1, 'Tazaka Room : 2', '2022-07-06 07:12:02', '2022-07-06 07:12:02'),
(2755, '2', 90, 'attendance recorded', 1, 'Tazaka Room : 2', '2022-07-06 07:12:13', '2022-07-06 07:12:13'),
(2756, '2', 39, 'attendance recorded', 1, 'Tazaka Room : 2', '2022-07-06 07:12:23', '2022-07-06 07:12:23'),
(2757, '10', 79, 'Access Granted', 0, 'Tazaka Room : 10', '2022-07-06 07:18:33', '2022-07-06 07:18:33'),
(2758, '10', 79, 'Access Granted', 0, 'Tazaka Room : 10', '2022-07-06 07:20:04', '2022-07-06 07:20:04'),
(2759, '10', 65, 'Access Granted', 0, 'Tazaka Room : 10', '2022-07-06 07:35:11', '2022-07-06 07:35:11'),
(2760, '10', 65, 'Access Granted', 0, 'Tazaka Room : 10', '2022-07-06 07:37:57', '2022-07-06 07:37:57'),
(2761, '2', 40, 'attendance recorded', 1, 'Tazaka Room : 2', '2022-07-06 07:44:14', '2022-07-06 07:44:14'),
(2762, '2', 37, 'attendance recorded', 1, 'Tazaka Room : 2', '2022-07-06 07:56:56', '2022-07-06 07:56:56'),
(2763, '6', 54, 'Access Granted', 0, 'Tazaka Room : 6', '2022-07-06 08:03:46', '2022-07-06 08:03:46'),
(2764, '10', 65, 'Access Granted', 0, 'Tazaka Room : 10', '2022-07-06 08:05:24', '2022-07-06 08:05:24'),
(2765, '10', 10, 'Access Granted', 0, 'Tazaka Room : 10', '2022-07-06 08:18:31', '2022-07-06 08:18:31'),
(2766, '10', 10, 'Access Granted', 0, 'Tazaka Room : 10', '2022-07-06 08:39:58', '2022-07-06 08:39:58'),
(2767, '6', 80, 'Access Granted', 0, 'Tazaka Room : 6', '2022-07-06 08:56:46', '2022-07-06 08:56:46'),
(2768, '10', 10, 'Access Granted', 0, 'Tazaka Room : 10', '2022-07-06 11:27:26', '2022-07-06 11:27:26'),
(2769, '10', 33, 'Access Granted', 0, 'Tazaka Room : 10', '2022-07-06 11:33:16', '2022-07-06 11:33:16'),
(2770, '11', 33, 'Access Granted', 0, 'Tazaka Room : 11', '2022-07-06 11:34:28', '2022-07-06 11:34:28'),
(2771, '10', 54, 'Access Granted', 0, 'Tazaka Room : 10', '2022-07-06 11:56:43', '2022-07-06 11:56:43'),
(2772, '10', 65, 'Access Granted', 0, 'Tazaka Room : 10', '2022-07-06 12:16:02', '2022-07-06 12:16:02'),
(2773, '10', 65, 'Access Granted', 0, 'Tazaka Room : 10', '2022-07-06 12:21:59', '2022-07-06 12:21:59'),
(2774, '10', 10, 'Access Granted', 0, 'Tazaka Room : 10', '2022-07-06 13:33:34', '2022-07-06 13:33:34'),
(2775, '10', 88, 'Access Granted', 0, 'Tazaka Room : 10', '2022-07-06 14:39:42', '2022-07-06 14:39:42'),
(2776, '10', 10, 'Access Granted', 0, 'Tazaka Room : 10', '2022-07-06 14:47:16', '2022-07-06 14:47:16'),
(2777, '10', 54, 'Access Granted', 0, 'Tazaka Room : 10', '2022-07-06 14:57:18', '2022-07-06 14:57:18'),
(2778, '10', 10, 'Access Granted', 0, 'Tazaka Room : 10', '2022-07-06 15:05:43', '2022-07-06 15:05:43'),
(2779, '10', 10, 'Access Granted', 0, 'Tazaka Room : 10', '2022-07-06 15:05:56', '2022-07-06 15:05:56'),
(2780, '10', 32, 'Access Granted', 0, 'Tazaka Room : 10', '2022-07-06 15:17:15', '2022-07-06 15:17:15'),
(2781, '10', 32, 'Access Granted', 0, 'Tazaka Room : 10', '2022-07-06 15:19:00', '2022-07-06 15:19:00'),
(2782, '10', 32, 'Access Granted', 0, 'Tazaka Room : 10', '2022-07-06 15:40:56', '2022-07-06 15:40:56'),
(2783, '2', 43, 'attendance recorded', 1, 'Tazaka Room : 2', '2022-07-06 17:00:46', '2022-07-06 17:00:46'),
(2784, '2', 81, 'attendance recorded', 1, 'Tazaka Room : 2', '2022-07-06 17:01:01', '2022-07-06 17:01:01'),
(2785, '2', 37, 'attendance recorded', 1, 'Tazaka Room : 2', '2022-07-06 17:01:20', '2022-07-06 17:01:20'),
(2786, '2', 100, 'attendance recorded', 1, 'Tazaka Room : 2', '2022-07-06 17:01:58', '2022-07-06 17:01:58'),
(2787, '2', 68, 'attendance recorded', 1, 'Tazaka Room : 2', '2022-07-06 17:02:07', '2022-07-06 17:02:07'),
(2788, '2', 31, 'attendance recorded', 1, 'Tazaka Room : 2', '2022-07-06 17:02:53', '2022-07-06 17:02:53'),
(2789, '2', 49, 'attendance recorded', 1, 'Tazaka Room : 2', '2022-07-06 17:03:10', '2022-07-06 17:03:10'),
(2790, '10', 10, 'Access Granted', 0, 'Tazaka Room : 10', '2022-07-06 17:30:02', '2022-07-06 17:30:02'),
(2791, '2', 89, 'attendance recorded', 1, 'Tazaka Room : 2', '2022-07-06 18:42:01', '2022-07-06 18:42:01'),
(2792, '2', 52, 'attendance recorded', 1, 'Tazaka Room : 2', '2022-07-06 18:47:23', '2022-07-06 18:47:23'),
(2793, '2', 39, 'attendance recorded', 1, 'Tazaka Room : 2', '2022-07-06 18:49:52', '2022-07-06 18:49:52'),
(2794, '2', 101, 'attendance recorded', 1, 'Tazaka Room : 2', '2022-07-06 18:49:59', '2022-07-06 18:49:59'),
(2796, '2', 75, 'attendance recorded', 1, 'Tazaka Room : 2', '2022-07-06 18:50:10', '2022-07-06 18:50:10'),
(2797, '2', 87, 'attendance recorded', 1, 'Tazaka Room : 2', '2022-07-06 18:50:16', '2022-07-06 18:50:16'),
(2798, '2', 104, 'attendance recorded', 1, 'Tazaka Room : 2', '2022-07-06 18:51:05', '2022-07-06 18:51:05'),
(2799, '2', 99, 'attendance recorded', 1, 'Tazaka Room : 2', '2022-07-06 18:51:11', '2022-07-06 18:51:11'),
(2800, '2', 93, 'attendance recorded', 1, 'Tazaka Room : 2', '2022-07-06 18:51:33', '2022-07-06 18:51:33'),
(2801, '2', 74, 'attendance recorded', 1, 'Tazaka Room : 2', '2022-07-06 18:51:38', '2022-07-06 18:51:38'),
(2802, '2', 73, 'attendance recorded', 1, 'Tazaka Room : 2', '2022-07-06 18:51:46', '2022-07-06 18:51:46'),
(2804, '2', 102, 'attendance recorded', 1, 'Tazaka Room : 2', '2022-07-06 18:52:00', '2022-07-06 18:52:00'),
(2805, '2', 97, 'attendance recorded', 1, 'Tazaka Room : 2', '2022-07-06 18:52:47', '2022-07-06 18:52:47'),
(2806, '2', 44, 'attendance recorded', 1, 'Tazaka Room : 2', '2022-07-06 18:53:33', '2022-07-06 18:53:33'),
(2807, '2', 117, 'attendance recorded', 1, 'Tazaka Room : 2', '2022-07-06 18:53:48', '2022-07-06 18:53:48'),
(2808, '2', 70, 'attendance recorded', 1, 'Tazaka Room : 2', '2022-07-06 18:53:53', '2022-07-06 18:53:53'),
(2809, '2', 82, 'attendance recorded', 1, 'Tazaka Room : 2', '2022-07-06 18:54:01', '2022-07-06 18:54:01'),
(2810, '2', 69, 'attendance recorded', 1, 'Tazaka Room : 2', '2022-07-06 18:54:09', '2022-07-06 18:54:09'),
(2811, '2', 114, 'attendance recorded', 1, 'Tazaka Room : 2', '2022-07-06 18:54:18', '2022-07-06 18:54:18'),
(2812, '2', 77, 'attendance recorded', 1, 'Tazaka Room : 2', '2022-07-06 18:54:33', '2022-07-06 18:54:33'),
(2813, '2', 96, 'attendance recorded', 1, 'Tazaka Room : 2', '2022-07-06 18:54:58', '2022-07-06 18:54:58'),
(2814, '2', 91, 'attendance recorded', 1, 'Tazaka Room : 2', '2022-07-06 18:55:56', '2022-07-06 18:55:56'),
(2815, '2', 90, 'attendance recorded', 1, 'Tazaka Room : 2', '2022-07-06 19:00:15', '2022-07-06 19:00:15'),
(2816, '2', 65, 'attendance recorded', 1, 'Tazaka Room : 2', '2022-07-06 19:00:28', '2022-07-06 19:00:28'),
(2817, '2', 88, 'attendance recorded', 1, 'Tazaka Room : 2', '2022-07-06 19:00:34', '2022-07-06 19:00:34'),
(2818, '2', 63, 'attendance recorded', 1, 'Tazaka Room : 2', '2022-07-06 19:00:40', '2022-07-06 19:00:40'),
(2819, '2', 36, 'attendance recorded', 1, 'Tazaka Room : 2', '2022-07-06 19:00:45', '2022-07-06 19:00:45'),
(2820, '2', 36, 'attendance recorded', 1, 'Tazaka Room : 2', '2022-07-06 19:00:51', '2022-07-06 19:00:51'),
(2821, '2', 115, 'attendance recorded', 1, 'Tazaka Room : 2', '2022-07-06 19:01:02', '2022-07-06 19:01:02'),
(2822, '2', 112, 'attendance recorded', 1, 'Tazaka Room : 2', '2022-07-06 19:01:09', '2022-07-06 19:01:09'),
(2823, '2', 111, 'attendance recorded', 1, 'Tazaka Room : 2', '2022-07-06 19:01:14', '2022-07-06 19:01:14'),
(2824, '2', 78, 'attendance recorded', 1, 'Tazaka Room : 2', '2022-07-06 19:01:20', '2022-07-06 19:01:20'),
(2825, '2', 80, 'attendance recorded', 1, 'Tazaka Room : 2', '2022-07-06 19:01:33', '2022-07-06 19:01:33'),
(2826, '2', 107, 'attendance recorded', 1, 'Tazaka Room : 2', '2022-07-06 19:01:40', '2022-07-06 19:01:40'),
(2828, '2', 61, 'attendance recorded', 1, 'Tazaka Room : 2', '2022-07-06 19:02:05', '2022-07-06 19:02:05'),
(2829, '2', 38, 'attendance recorded', 1, 'Tazaka Room : 2', '2022-07-06 19:02:45', '2022-07-06 19:02:45'),
(2830, '2', 54, 'attendance recorded', 1, 'Tazaka Room : 2', '2022-07-06 19:02:52', '2022-07-06 19:02:52'),
(2831, '2', 51, 'attendance recorded', 1, 'Tazaka Room : 2', '2022-07-06 19:03:30', '2022-07-06 19:03:30'),
(2832, '2', 57, 'attendance recorded', 1, 'Tazaka Room : 2', '2022-07-06 19:08:12', '2022-07-06 19:08:12'),
(2833, '10', 73, 'Access Granted', 0, 'Tazaka Room : 10', '2022-07-06 19:08:45', '2022-07-06 19:08:45'),
(2834, '2', 79, 'attendance recorded', 1, 'Tazaka Room : 2', '2022-07-06 19:09:05', '2022-07-06 19:09:05'),
(2835, '10', 73, 'Access Granted', 0, 'Tazaka Room : 10', '2022-07-06 19:09:14', '2022-07-06 19:09:14'),
(2836, '10', 29, 'Access Granted', 0, 'Tazaka Room : 10', '2022-07-06 19:56:41', '2022-07-06 19:56:41'),
(2838, '2', 94, 'attendance recorded', 1, 'Tazaka Room : 2', '2022-07-07 06:33:36', '2022-07-07 06:33:36'),
(2839, '2', 107, 'attendance recorded', 1, 'Tazaka Room : 2', '2022-07-07 06:33:43', '2022-07-07 06:33:43'),
(2840, '2', 51, 'attendance recorded', 1, 'Tazaka Room : 2', '2022-07-07 06:40:13', '2022-07-07 06:40:13'),
(2841, '2', 81, 'attendance recorded', 1, 'Tazaka Room : 2', '2022-07-07 06:41:04', '2022-07-07 06:41:04'),
(2842, '2', 64, 'attendance recorded', 1, 'Tazaka Room : 2', '2022-07-07 06:43:20', '2022-07-07 06:43:20'),
(2843, '2', 42, 'attendance recorded', 1, 'Tazaka Room : 2', '2022-07-07 06:43:36', '2022-07-07 06:43:36'),
(2844, '2', 46, 'attendance recorded', 1, 'Tazaka Room : 2', '2022-07-07 06:45:22', '2022-07-07 06:45:22'),
(2845, '2', 46, 'attendance recorded', 1, 'Tazaka Room : 2', '2022-07-07 06:45:28', '2022-07-07 06:45:28'),
(2846, '2', 79, 'attendance recorded', 1, 'Tazaka Room : 2', '2022-07-07 06:45:51', '2022-07-07 06:45:51'),
(2847, '2', 88, 'attendance recorded', 1, 'Tazaka Room : 2', '2022-07-07 06:46:22', '2022-07-07 06:46:22'),
(2848, '2', 49, 'attendance recorded', 1, 'Tazaka Room : 2', '2022-07-07 06:47:07', '2022-07-07 06:47:07'),
(2849, '2', 43, 'attendance recorded', 1, 'Tazaka Room : 2', '2022-07-07 06:47:14', '2022-07-07 06:47:14'),
(2850, '2', 78, 'attendance recorded', 1, 'Tazaka Room : 2', '2022-07-07 06:48:08', '2022-07-07 06:48:08'),
(2851, '2', 63, 'attendance recorded', 1, 'Tazaka Room : 2', '2022-07-07 06:48:29', '2022-07-07 06:48:29'),
(2852, '2', 72, 'attendance recorded', 1, 'Tazaka Room : 2', '2022-07-07 06:48:39', '2022-07-07 06:48:39'),
(2853, '2', 80, 'attendance recorded', 1, 'Tazaka Room : 2', '2022-07-07 06:49:31', '2022-07-07 06:49:31'),
(2855, '2', 56, 'attendance recorded', 1, 'Tazaka Room : 2', '2022-07-07 06:49:45', '2022-07-07 06:49:45'),
(2856, '2', 31, 'attendance recorded', 1, 'Tazaka Room : 2', '2022-07-07 06:50:04', '2022-07-07 06:50:04'),
(2857, '2', 44, 'attendance recorded', 1, 'Tazaka Room : 2', '2022-07-07 06:50:12', '2022-07-07 06:50:12'),
(2858, '2', 57, 'attendance recorded', 1, 'Tazaka Room : 2', '2022-07-07 06:51:25', '2022-07-07 06:51:25'),
(2859, '2', 71, 'attendance recorded', 1, 'Tazaka Room : 2', '2022-07-07 06:53:23', '2022-07-07 06:53:23'),
(2860, '2', 58, 'attendance recorded', 1, 'Tazaka Room : 2', '2022-07-07 06:54:22', '2022-07-07 06:54:22'),
(2861, '2', 61, 'attendance recorded', 1, 'Tazaka Room : 2', '2022-07-07 06:54:38', '2022-07-07 06:54:38'),
(2862, '2', 38, 'attendance recorded', 1, 'Tazaka Room : 2', '2022-07-07 06:55:26', '2022-07-07 06:55:26'),
(2863, '2', 50, 'attendance recorded', 1, 'Tazaka Room : 2', '2022-07-07 06:56:41', '2022-07-07 06:56:41'),
(2864, '2', 36, 'attendance recorded', 1, 'Tazaka Room : 2', '2022-07-07 06:57:05', '2022-07-07 06:57:05'),
(2865, '2', 68, 'attendance recorded', 1, 'Tazaka Room : 2', '2022-07-07 06:57:29', '2022-07-07 06:57:29'),
(2866, '2', 65, 'attendance recorded', 1, 'Tazaka Room : 2', '2022-07-07 06:58:22', '2022-07-07 06:58:22'),
(2867, '2', 65, 'attendance recorded', 1, 'Tazaka Room : 2', '2022-07-07 06:58:35', '2022-07-07 06:58:35'),
(2868, '6', 56, 'Access Granted', 0, 'Tazaka Room : 6', '2022-07-07 06:59:49', '2022-07-07 06:59:49'),
(2869, '2', 54, 'attendance recorded', 1, 'Tazaka Room : 2', '2022-07-07 06:59:53', '2022-07-07 06:59:53'),
(2870, '2', 116, 'attendance recorded', 1, 'Tazaka Room : 2', '2022-07-07 07:00:01', '2022-07-07 07:00:01'),
(2871, '2', 115, 'attendance recorded', 1, 'Tazaka Room : 2', '2022-07-07 07:00:07', '2022-07-07 07:00:07'),
(2872, '2', 112, 'attendance recorded', 1, 'Tazaka Room : 2', '2022-07-07 07:00:13', '2022-07-07 07:00:13'),
(2873, '2', 111, 'attendance recorded', 1, 'Tazaka Room : 2', '2022-07-07 07:00:18', '2022-07-07 07:00:18'),
(2874, '2', 76, 'attendance recorded', 1, 'Tazaka Room : 2', '2022-07-07 07:00:26', '2022-07-07 07:00:26'),
(2875, '2', 75, 'attendance recorded', 1, 'Tazaka Room : 2', '2022-07-07 07:00:32', '2022-07-07 07:00:32'),
(2876, '2', 93, 'attendance recorded', 1, 'Tazaka Room : 2', '2022-07-07 07:00:38', '2022-07-07 07:00:38'),
(2878, '2', 104, 'attendance recorded', 1, 'Tazaka Room : 2', '2022-07-07 07:00:49', '2022-07-07 07:00:49'),
(2879, '2', 89, 'attendance recorded', 1, 'Tazaka Room : 2', '2022-07-07 07:00:55', '2022-07-07 07:00:55'),
(2880, '2', 77, 'attendance recorded', 1, 'Tazaka Room : 2', '2022-07-07 07:01:03', '2022-07-07 07:01:03'),
(2881, '2', 52, 'attendance recorded', 1, 'Tazaka Room : 2', '2022-07-07 07:01:12', '2022-07-07 07:01:12'),
(2882, '2', 101, 'attendance recorded', 1, 'Tazaka Room : 2', '2022-07-07 07:01:17', '2022-07-07 07:01:17'),
(2884, '2', 96, 'attendance recorded', 1, 'Tazaka Room : 2', '2022-07-07 07:01:31', '2022-07-07 07:01:31'),
(2885, '2', 87, 'attendance recorded', 1, 'Tazaka Room : 2', '2022-07-07 07:01:36', '2022-07-07 07:01:36'),
(2886, '2', 117, 'attendance recorded', 1, 'Tazaka Room : 2', '2022-07-07 07:01:42', '2022-07-07 07:01:42'),
(2887, '2', 82, 'attendance recorded', 1, 'Tazaka Room : 2', '2022-07-07 07:01:50', '2022-07-07 07:01:50'),
(2888, '2', 70, 'attendance recorded', 1, 'Tazaka Room : 2', '2022-07-07 07:01:57', '2022-07-07 07:01:57'),
(2889, '2', 114, 'attendance recorded', 1, 'Tazaka Room : 2', '2022-07-07 07:02:04', '2022-07-07 07:02:04'),
(2890, '2', 69, 'attendance recorded', 1, 'Tazaka Room : 2', '2022-07-07 07:02:12', '2022-07-07 07:02:12'),
(2891, '2', 102, 'attendance recorded', 1, 'Tazaka Room : 2', '2022-07-07 07:02:19', '2022-07-07 07:02:19'),
(2892, '2', 91, 'attendance recorded', 1, 'Tazaka Room : 2', '2022-07-07 07:02:25', '2022-07-07 07:02:25'),
(2893, '2', 32, 'attendance recorded', 1, 'Tazaka Room : 2', '2022-07-07 07:04:44', '2022-07-07 07:04:44'),
(2894, '2', 74, 'attendance recorded', 1, 'Tazaka Room : 2', '2022-07-07 07:04:54', '2022-07-07 07:04:54'),
(2895, '2', 39, 'attendance recorded', 1, 'Tazaka Room : 2', '2022-07-07 07:06:44', '2022-07-07 07:06:44'),
(2896, '2', 73, 'attendance recorded', 1, 'Tazaka Room : 2', '2022-07-07 07:06:50', '2022-07-07 07:06:50'),
(2897, '2', 29, 'attendance recorded', 1, 'Tazaka Room : 2', '2022-07-07 07:06:59', '2022-07-07 07:06:59'),
(2898, '2', 90, 'attendance recorded', 1, 'Tazaka Room : 2', '2022-07-07 07:11:22', '2022-07-07 07:11:22'),
(2899, '10', 79, 'Access Granted', 0, 'Tazaka Room : 10', '2022-07-07 07:11:46', '2022-07-07 07:11:46'),
(2900, '2', 40, 'attendance recorded', 1, 'Tazaka Room : 2', '2022-07-07 07:46:10', '2022-07-07 07:46:10'),
(2901, '2', 37, 'attendance recorded', 1, 'Tazaka Room : 2', '2022-07-07 07:46:24', '2022-07-07 07:46:24'),
(2902, '10', 10, 'Access Granted', 0, 'Tazaka Room : 10', '2022-07-07 08:13:36', '2022-07-07 08:13:36'),
(2903, '6', 80, 'Access Granted', 0, 'Tazaka Room : 6', '2022-07-07 08:47:38', '2022-07-07 08:47:38'),
(2904, '10', 10, 'Access Granted', 0, 'Tazaka Room : 10', '2022-07-07 09:04:51', '2022-07-07 09:04:51'),
(2905, '10', 10, 'Access Granted', 0, 'Tazaka Room : 10', '2022-07-07 09:42:41', '2022-07-07 09:42:41'),
(2906, '6', 31, 'Access Granted', 0, 'Tazaka Room : 6', '2022-07-07 10:26:00', '2022-07-07 10:26:00'),
(2907, '10', 44, 'Access Granted', 0, 'Tazaka Room : 10', '2022-07-07 12:20:20', '2022-07-07 12:20:20'),
(2908, '10', 44, 'Access Granted', 0, 'Tazaka Room : 10', '2022-07-07 13:11:39', '2022-07-07 13:11:39'),
(2909, '10', 44, 'Access Granted', 0, 'Tazaka Room : 10', '2022-07-07 13:22:53', '2022-07-07 13:22:53'),
(2910, '10', 44, 'Access Granted', 0, 'Tazaka Room : 10', '2022-07-07 13:52:41', '2022-07-07 13:52:41'),
(2911, '10', 44, 'Access Granted', 0, 'Tazaka Room : 10', '2022-07-07 13:57:55', '2022-07-07 13:57:55'),
(2912, '10', 44, 'Access Granted', 0, 'Tazaka Room : 10', '2022-07-07 14:02:02', '2022-07-07 14:02:02'),
(2913, '10', 54, 'Access Granted', 0, 'Tazaka Room : 10', '2022-07-07 14:13:03', '2022-07-07 14:13:03'),
(2914, '10', 32, 'Access Granted', 0, 'Tazaka Room : 10', '2022-07-07 14:16:48', '2022-07-07 14:16:48'),
(2915, '10', 42, 'Access Granted', 0, 'Tazaka Room : 10', '2022-07-07 14:31:10', '2022-07-07 14:31:10'),
(2916, '10', 42, 'Access Granted', 0, 'Tazaka Room : 10', '2022-07-07 14:40:22', '2022-07-07 14:40:22'),
(2917, '6', 31, 'Access Granted', 0, 'Tazaka Room : 6', '2022-07-07 15:24:04', '2022-07-07 15:24:04'),
(2918, '10', 43, 'Access Granted', 0, 'Tazaka Room : 10', '2022-07-07 17:36:39', '2022-07-07 17:36:39'),
(2919, '10', 43, 'Access Granted', 0, 'Tazaka Room : 10', '2022-07-07 17:36:44', '2022-07-07 17:36:44'),
(2920, '2', 95, 'attendance recorded', 1, 'Tazaka Room : 2', '2022-07-07 18:51:06', '2022-07-07 18:51:06'),
(2921, '2', 76, 'attendance recorded', 1, 'Tazaka Room : 2', '2022-07-07 18:52:39', '2022-07-07 18:52:39'),
(2922, '2', 77, 'attendance recorded', 1, 'Tazaka Room : 2', '2022-07-07 18:53:04', '2022-07-07 18:53:04'),
(2923, '2', 99, 'attendance recorded', 1, 'Tazaka Room : 2', '2022-07-07 18:53:10', '2022-07-07 18:53:10'),
(2924, '2', 91, 'attendance recorded', 1, 'Tazaka Room : 2', '2022-07-07 18:55:02', '2022-07-07 18:55:02'),
(2925, '2', 82, 'attendance recorded', 1, 'Tazaka Room : 2', '2022-07-07 18:57:00', '2022-07-07 18:57:00'),
(2926, '2', 82, 'attendance recorded', 1, 'Tazaka Room : 2', '2022-07-07 18:57:08', '2022-07-07 18:57:08'),
(2927, '2', 70, 'attendance recorded', 1, 'Tazaka Room : 2', '2022-07-07 18:57:15', '2022-07-07 18:57:15'),
(2928, '2', 29, 'attendance recorded', 1, 'Tazaka Room : 2', '2022-07-07 18:58:48', '2022-07-07 18:58:48'),
(2929, '2', 29, 'attendance recorded', 1, 'Tazaka Room : 2', '2022-07-07 18:58:59', '2022-07-07 18:58:59'),
(2930, '2', 73, 'attendance recorded', 1, 'Tazaka Room : 2', '2022-07-07 19:01:42', '2022-07-07 19:01:42'),
(2931, '4', 96, 'Access Granted', 0, 'Tazaka Room : 4', '2022-07-07 19:04:17', '2022-07-07 19:04:17'),
(2932, '2', 82, 'attendance recorded', 1, 'Tazaka Room : 2', '2022-07-07 19:05:23', '2022-07-07 19:05:23'),
(2933, '2', 70, 'attendance recorded', 1, 'Tazaka Room : 2', '2022-07-07 19:05:30', '2022-07-07 19:05:30'),
(2934, '2', 70, 'attendance recorded', 1, 'Tazaka Room : 2', '2022-07-07 19:05:37', '2022-07-07 19:05:37'),
(2935, '2', 70, 'attendance recorded', 1, 'Tazaka Room : 2', '2022-07-07 19:05:45', '2022-07-07 19:05:45'),
(2936, '2', 70, 'attendance recorded', 1, 'Tazaka Room : 2', '2022-07-07 19:06:03', '2022-07-07 19:06:03'),
(2937, '2', 70, 'attendance recorded', 1, 'Tazaka Room : 2', '2022-07-07 19:07:03', '2022-07-07 19:07:03'),
(2938, '2', 29, 'attendance recorded', 1, 'Tazaka Room : 2', '2022-07-07 19:09:36', '2022-07-07 19:09:36'),
(2939, '10', 73, 'Access Granted', 0, 'Tazaka Room : 10', '2022-07-07 19:14:53', '2022-07-07 19:14:53'),
(2940, '10', 29, 'Access Granted', 0, 'Tazaka Room : 10', '2022-07-07 19:35:28', '2022-07-07 19:35:28'),
(2941, '10', 29, 'Access Granted', 0, 'Tazaka Room : 10', '2022-07-07 19:57:34', '2022-07-07 19:57:34'),
(2942, '2', 91, 'attendance recorded', 1, 'Tazaka Room : 2', '2022-07-07 20:24:45', '2022-07-07 20:24:45'),
(2943, '10', 29, 'Access Granted', 0, 'Tazaka Room : 10', '2022-07-07 20:46:53', '2022-07-07 20:46:53'),
(2944, '10', 73, 'Access Granted', 0, 'Tazaka Room : 10', '2022-07-07 22:53:28', '2022-07-07 22:53:28'),
(2945, '10', 29, 'Access Granted', 0, 'Tazaka Room : 10', '2022-07-08 03:11:06', '2022-07-08 03:11:06'),
(2947, '2', 107, 'attendance recorded', 1, 'Tazaka Room : 2', '2022-07-08 06:31:32', '2022-07-08 06:31:32'),
(2949, '2', 94, 'attendance recorded', 1, 'Tazaka Room : 2', '2022-07-08 06:34:25', '2022-07-08 06:34:25'),
(2950, '2', 30, 'attendance recorded', 1, 'Tazaka Room : 2', '2022-07-08 06:37:28', '2022-07-08 06:37:28'),
(2951, '2', 43, 'attendance recorded', 1, 'Tazaka Room : 2', '2022-07-08 06:41:14', '2022-07-08 06:41:14'),
(2952, '2', 42, 'attendance recorded', 1, 'Tazaka Room : 2', '2022-07-08 06:43:01', '2022-07-08 06:43:01'),
(2953, '2', 79, 'attendance recorded', 1, 'Tazaka Room : 2', '2022-07-08 06:43:32', '2022-07-08 06:43:32'),
(2954, '2', 46, 'attendance recorded', 1, 'Tazaka Room : 2', '2022-07-08 06:45:58', '2022-07-08 06:45:58'),
(2955, '2', 46, 'attendance recorded', 1, 'Tazaka Room : 2', '2022-07-08 06:46:04', '2022-07-08 06:46:04'),
(2957, '2', 64, 'attendance recorded', 1, 'Tazaka Room : 2', '2022-07-08 06:46:20', '2022-07-08 06:46:20'),
(2958, '2', 88, 'attendance recorded', 1, 'Tazaka Room : 2', '2022-07-08 06:46:38', '2022-07-08 06:46:38'),
(2959, '2', 56, 'attendance recorded', 1, 'Tazaka Room : 2', '2022-07-08 06:46:52', '2022-07-08 06:46:52'),
(2960, '2', 63, 'attendance recorded', 1, 'Tazaka Room : 2', '2022-07-08 06:46:59', '2022-07-08 06:46:59'),
(2961, '2', 80, 'attendance recorded', 1, 'Tazaka Room : 2', '2022-07-08 06:47:04', '2022-07-08 06:47:04'),
(2962, '2', 72, 'attendance recorded', 1, 'Tazaka Room : 2', '2022-07-08 06:47:10', '2022-07-08 06:47:10'),
(2963, '2', 81, 'attendance recorded', 1, 'Tazaka Room : 2', '2022-07-08 06:47:18', '2022-07-08 06:47:18'),
(2964, '2', 81, 'attendance recorded', 1, 'Tazaka Room : 2', '2022-07-08 06:47:25', '2022-07-08 06:47:25'),
(2965, '2', 80, 'attendance recorded', 1, 'Tazaka Room : 2', '2022-07-08 06:47:31', '2022-07-08 06:47:31'),
(2966, '2', 57, 'attendance recorded', 1, 'Tazaka Room : 2', '2022-07-08 06:47:52', '2022-07-08 06:47:52'),
(2967, '2', 49, 'attendance recorded', 1, 'Tazaka Room : 2', '2022-07-08 06:48:49', '2022-07-08 06:48:49'),
(2968, '2', 31, 'attendance recorded', 1, 'Tazaka Room : 2', '2022-07-08 06:49:01', '2022-07-08 06:49:01'),
(2969, '2', 51, 'attendance recorded', 1, 'Tazaka Room : 2', '2022-07-08 06:51:17', '2022-07-08 06:51:17'),
(2970, '2', 36, 'attendance recorded', 1, 'Tazaka Room : 2', '2022-07-08 06:51:48', '2022-07-08 06:51:48'),
(2972, '2', 71, 'attendance recorded', 1, 'Tazaka Room : 2', '2022-07-08 06:52:43', '2022-07-08 06:52:43'),
(2973, '2', 60, 'attendance recorded', 1, 'Tazaka Room : 2', '2022-07-08 06:52:50', '2022-07-08 06:52:50'),
(2974, '2', 65, 'attendance recorded', 1, 'Tazaka Room : 2', '2022-07-08 06:54:38', '2022-07-08 06:54:38'),
(2975, '2', 58, 'attendance recorded', 1, 'Tazaka Room : 2', '2022-07-08 06:56:21', '2022-07-08 06:56:21'),
(2976, '2', 78, 'attendance recorded', 1, 'Tazaka Room : 2', '2022-07-08 06:57:27', '2022-07-08 06:57:27'),
(2977, '2', 54, 'attendance recorded', 1, 'Tazaka Room : 2', '2022-07-08 06:57:34', '2022-07-08 06:57:34'),
(2978, '2', 38, 'attendance recorded', 1, 'Tazaka Room : 2', '2022-07-08 06:57:42', '2022-07-08 06:57:42'),
(2979, '2', 61, 'attendance recorded', 1, 'Tazaka Room : 2', '2022-07-08 06:57:52', '2022-07-08 06:57:52'),
(2980, '2', 68, 'attendance recorded', 1, 'Tazaka Room : 2', '2022-07-08 06:58:01', '2022-07-08 06:58:01'),
(2981, '2', 116, 'attendance recorded', 1, 'Tazaka Room : 2', '2022-07-08 06:59:45', '2022-07-08 06:59:45'),
(2982, '2', 111, 'attendance recorded', 1, 'Tazaka Room : 2', '2022-07-08 06:59:51', '2022-07-08 06:59:51'),
(2983, '2', 115, 'attendance recorded', 1, 'Tazaka Room : 2', '2022-07-08 06:59:56', '2022-07-08 06:59:56'),
(2984, '2', 112, 'attendance recorded', 1, 'Tazaka Room : 2', '2022-07-08 07:00:02', '2022-07-08 07:00:02');
INSERT INTO `history_device_logs` (`id`, `uid`, `user_id`, `keterangan`, `is_attendance`, `createdBy`, `created_at`, `updated_at`) VALUES
(2985, '2', 114, 'attendance recorded', 1, 'Tazaka Room : 2', '2022-07-08 07:01:01', '2022-07-08 07:01:01'),
(2986, '2', 117, 'attendance recorded', 1, 'Tazaka Room : 2', '2022-07-08 07:01:09', '2022-07-08 07:01:09'),
(2987, '2', 89, 'attendance recorded', 1, 'Tazaka Room : 2', '2022-07-08 07:01:26', '2022-07-08 07:01:26'),
(2988, '2', 75, 'attendance recorded', 1, 'Tazaka Room : 2', '2022-07-08 07:01:33', '2022-07-08 07:01:33'),
(2989, '2', 55, 'attendance recorded', 1, 'Tazaka Room : 2', '2022-07-08 07:01:49', '2022-07-08 07:01:49'),
(2990, '2', 104, 'attendance recorded', 1, 'Tazaka Room : 2', '2022-07-08 07:02:00', '2022-07-08 07:02:00'),
(2991, '2', 101, 'attendance recorded', 1, 'Tazaka Room : 2', '2022-07-08 07:02:06', '2022-07-08 07:02:06'),
(2992, '2', 93, 'attendance recorded', 1, 'Tazaka Room : 2', '2022-07-08 07:02:13', '2022-07-08 07:02:13'),
(2993, '2', 96, 'attendance recorded', 1, 'Tazaka Room : 2', '2022-07-08 07:02:46', '2022-07-08 07:02:46'),
(2996, '2', 52, 'attendance recorded', 1, 'Tazaka Room : 2', '2022-07-08 07:03:12', '2022-07-08 07:03:12'),
(2997, '2', 87, 'attendance recorded', 1, 'Tazaka Room : 2', '2022-07-08 07:03:18', '2022-07-08 07:03:18'),
(2998, '2', 102, 'attendance recorded', 1, 'Tazaka Room : 2', '2022-07-08 07:03:24', '2022-07-08 07:03:24'),
(2999, '2', 39, 'attendance recorded', 1, 'Tazaka Room : 2', '2022-07-08 07:05:11', '2022-07-08 07:05:11'),
(3000, '2', 74, 'attendance recorded', 1, 'Tazaka Room : 2', '2022-07-08 07:05:36', '2022-07-08 07:05:36'),
(3001, '2', 32, 'attendance recorded', 1, 'Tazaka Room : 2', '2022-07-08 07:05:41', '2022-07-08 07:05:41'),
(3002, '10', 65, 'Access Granted', 0, 'Tazaka Room : 10', '2022-07-08 07:15:49', '2022-07-08 07:15:49'),
(3003, '10', 33, 'Access Granted', 0, 'Tazaka Room : 10', '2022-07-08 07:17:31', '2022-07-08 07:17:31'),
(3004, '10', 65, 'Access Granted', 0, 'Tazaka Room : 10', '2022-07-08 07:18:55', '2022-07-08 07:18:55'),
(3005, '2', 40, 'attendance recorded', 1, 'Tazaka Room : 2', '2022-07-08 07:45:14', '2022-07-08 07:45:14'),
(3006, '10', 32, 'Access Granted', 0, 'Tazaka Room : 10', '2022-07-08 07:47:33', '2022-07-08 07:47:33'),
(3007, '2', 37, 'attendance recorded', 1, 'Tazaka Room : 2', '2022-07-08 07:49:06', '2022-07-08 07:49:06'),
(3008, '6', 80, 'Access Granted', 0, 'Tazaka Room : 6', '2022-07-08 09:02:33', '2022-07-08 09:02:33'),
(3009, '10', 10, 'Access Granted', 0, 'Tazaka Room : 10', '2022-07-08 09:26:20', '2022-07-08 09:26:20'),
(3010, '6', 78, 'Access Granted', 0, 'Tazaka Room : 6', '2022-07-08 10:10:13', '2022-07-08 10:10:13'),
(3011, '6', 78, 'Access Granted', 0, 'Tazaka Room : 6', '2022-07-08 10:10:32', '2022-07-08 10:10:32'),
(3012, '4', 56, 'Access Granted', 0, 'Tazaka Room : 4', '2022-07-08 12:22:37', '2022-07-08 12:22:37'),
(3013, '4', 54, 'Access Granted', 0, 'Tazaka Room : 4', '2022-07-08 12:47:43', '2022-07-08 12:47:43'),
(3014, '10', 54, 'Access Granted', 0, 'Tazaka Room : 10', '2022-07-08 18:32:30', '2022-07-08 18:32:30'),
(3015, '2', 95, 'attendance recorded', 1, 'Tazaka Room : 2', '2022-07-08 18:49:32', '2022-07-08 18:49:32'),
(3016, '2', 76, 'attendance recorded', 1, 'Tazaka Room : 2', '2022-07-08 18:50:33', '2022-07-08 18:50:33'),
(3017, '2', 77, 'attendance recorded', 1, 'Tazaka Room : 2', '2022-07-08 18:51:55', '2022-07-08 18:51:55'),
(3018, '2', 73, 'attendance recorded', 1, 'Tazaka Room : 2', '2022-07-08 18:52:45', '2022-07-08 18:52:45'),
(3019, '2', 35, 'attendance recorded', 1, 'Tazaka Room : 2', '2022-07-08 19:01:53', '2022-07-08 19:01:53'),
(3020, '2', 70, 'attendance recorded', 1, 'Tazaka Room : 2', '2022-07-08 19:02:14', '2022-07-08 19:02:14'),
(3021, '2', 69, 'attendance recorded', 1, 'Tazaka Room : 2', '2022-07-08 19:03:07', '2022-07-08 19:03:07'),
(3022, '10', 73, 'Access Granted', 0, 'Tazaka Room : 10', '2022-07-08 20:04:44', '2022-07-08 20:04:44'),
(3023, '4', 99, 'Access Granted', 0, 'Tazaka Room : 4', '2022-07-08 20:11:32', '2022-07-08 20:11:32'),
(3024, '4', 102, 'Access Granted', 0, 'Tazaka Room : 4', '2022-07-08 21:04:31', '2022-07-08 21:04:31'),
(3025, '4', 102, 'Access Granted', 0, 'Tazaka Room : 4', '2022-07-08 21:04:36', '2022-07-08 21:04:36'),
(3026, '10', 39, 'Access Granted', 0, 'Tazaka Room : 10', '2022-07-08 23:20:37', '2022-07-08 23:20:37'),
(3027, '10', 39, 'Access Granted', 0, 'Tazaka Room : 10', '2022-07-09 01:02:01', '2022-07-09 01:02:01'),
(3028, '10', 39, 'Access Granted', 0, 'Tazaka Room : 10', '2022-07-09 04:25:51', '2022-07-09 04:25:51'),
(3029, '2', 89, 'attendance recorded', 1, 'Tazaka Room : 2', '2022-07-11 06:40:42', '2022-07-11 06:40:42'),
(3030, '2', 97, 'attendance recorded', 1, 'Tazaka Room : 2', '2022-07-11 06:42:52', '2022-07-11 06:42:52'),
(3031, '2', 30, 'attendance recorded', 1, 'Tazaka Room : 2', '2022-07-11 06:43:00', '2022-07-11 06:43:00'),
(3032, '2', 52, 'attendance recorded', 1, 'Tazaka Room : 2', '2022-07-11 06:43:34', '2022-07-11 06:43:34'),
(3033, '2', 93, 'attendance recorded', 1, 'Tazaka Room : 2', '2022-07-11 06:43:43', '2022-07-11 06:43:43'),
(3034, '2', 31, 'attendance recorded', 1, 'Tazaka Room : 2', '2022-07-11 06:45:44', '2022-07-11 06:45:44'),
(3035, '2', 48, 'attendance recorded', 1, 'Tazaka Room : 2', '2022-07-11 06:45:55', '2022-07-11 06:45:55'),
(3036, '2', 46, 'attendance recorded', 1, 'Tazaka Room : 2', '2022-07-11 06:46:00', '2022-07-11 06:46:00'),
(3038, '2', 104, 'attendance recorded', 1, 'Tazaka Room : 2', '2022-07-11 06:51:00', '2022-07-11 06:51:00'),
(3039, '2', 102, 'attendance recorded', 1, 'Tazaka Room : 2', '2022-07-11 06:51:10', '2022-07-11 06:51:10'),
(3040, '2', 87, 'attendance recorded', 1, 'Tazaka Room : 2', '2022-07-11 06:52:32', '2022-07-11 06:52:32'),
(3042, '2', 80, 'attendance recorded', 1, 'Tazaka Room : 2', '2022-07-11 06:53:46', '2022-07-11 06:53:46'),
(3043, '2', 74, 'attendance recorded', 1, 'Tazaka Room : 2', '2022-07-11 06:54:08', '2022-07-11 06:54:08'),
(3044, '2', 71, 'attendance recorded', 1, 'Tazaka Room : 2', '2022-07-11 06:54:23', '2022-07-11 06:54:23'),
(3046, '2', 54, 'attendance recorded', 1, 'Tazaka Room : 2', '2022-07-11 06:58:29', '2022-07-11 06:58:29'),
(3047, '4', 54, 'Access Granted', 0, 'Tazaka Room : 4', '2022-07-11 06:58:52', '2022-07-11 06:58:52'),
(3048, '2', 117, 'attendance recorded', 1, 'Tazaka Room : 2', '2022-07-11 07:00:47', '2022-07-11 07:00:47'),
(3049, '2', 114, 'attendance recorded', 1, 'Tazaka Room : 2', '2022-07-11 07:00:55', '2022-07-11 07:00:55'),
(3050, '2', 96, 'attendance recorded', 1, 'Tazaka Room : 2', '2022-07-11 07:03:03', '2022-07-11 07:03:03'),
(3051, '2', 81, 'attendance recorded', 1, 'Tazaka Room : 2', '2022-07-11 07:05:34', '2022-07-11 07:05:34'),
(3052, '10', 35, 'Access Granted', 0, 'Tazaka Room : 10', '2022-07-11 07:22:43', '2022-07-11 07:22:43'),
(3053, '2', 40, 'attendance recorded', 1, 'Tazaka Room : 2', '2022-07-11 07:28:37', '2022-07-11 07:28:37'),
(3054, '2', 37, 'attendance recorded', 1, 'Tazaka Room : 2', '2022-07-11 07:38:36', '2022-07-11 07:38:36'),
(3055, '6', 102, 'Access Granted', 0, 'Tazaka Room : 6', '2022-07-11 08:02:17', '2022-07-11 08:02:17'),
(3056, '6', 81, 'Access Granted', 0, 'Tazaka Room : 6', '2022-07-11 08:24:08', '2022-07-11 08:24:08'),
(3057, '4', 31, 'Access Granted', 0, 'Tazaka Room : 4', '2022-07-11 13:04:20', '2022-07-11 13:04:20'),
(3058, '10', 30, 'Access Granted', 0, 'Tazaka Room : 10', '2022-07-11 14:43:28', '2022-07-11 14:43:28'),
(3059, '10', 30, 'Access Granted', 0, 'Tazaka Room : 10', '2022-07-11 16:58:38', '2022-07-11 16:58:38'),
(3060, '2', 70, 'attendance recorded', 1, 'Tazaka Room : 2', '2022-07-11 19:00:49', '2022-07-11 19:00:49'),
(3061, '2', 69, 'attendance recorded', 1, 'Tazaka Room : 2', '2022-07-11 19:01:03', '2022-07-11 19:01:03'),
(3062, '2', 77, 'attendance recorded', 1, 'Tazaka Room : 2', '2022-07-11 19:01:41', '2022-07-11 19:01:41'),
(3063, '2', 35, 'attendance recorded', 1, 'Tazaka Room : 2', '2022-07-11 19:03:58', '2022-07-11 19:03:58'),
(3064, '10', 45, 'Access Granted', 0, 'Tazaka Room : 10', '2022-07-11 19:12:43', '2022-07-11 19:12:43'),
(3065, '10', 65, 'Access Granted', 0, 'Tazaka Room : 10', '2022-07-11 19:19:42', '2022-07-11 19:19:42'),
(3066, '10', 44, 'Access Granted', 0, 'Tazaka Room : 10', '2022-07-11 19:27:32', '2022-07-11 19:27:32'),
(3067, '10', 60, 'Access Granted', 0, 'Tazaka Room : 10', '2022-07-11 19:31:26', '2022-07-11 19:31:26'),
(3068, '10', 60, 'Access Granted', 0, 'Tazaka Room : 10', '2022-07-11 19:31:30', '2022-07-11 19:31:30'),
(3069, '10', 42, 'Access Granted', 0, 'Tazaka Room : 10', '2022-07-11 19:41:43', '2022-07-11 19:41:43'),
(3070, '6', 36, 'Access Granted', 0, 'Tazaka Room : 6', '2022-07-12 00:08:20', '2022-07-12 00:08:20'),
(3071, '2', 55, 'attendance recorded', 1, 'Tazaka Room : 2', '2022-07-12 06:31:07', '2022-07-12 06:31:07'),
(3072, '2', 75, 'attendance recorded', 1, 'Tazaka Room : 2', '2022-07-12 06:39:16', '2022-07-12 06:39:16'),
(3073, '2', 89, 'attendance recorded', 1, 'Tazaka Room : 2', '2022-07-12 06:39:57', '2022-07-12 06:39:57'),
(3074, '2', 93, 'attendance recorded', 1, 'Tazaka Room : 2', '2022-07-12 06:40:56', '2022-07-12 06:40:56'),
(3075, '2', 52, 'attendance recorded', 1, 'Tazaka Room : 2', '2022-07-12 06:41:04', '2022-07-12 06:41:04'),
(3076, '2', 97, 'attendance recorded', 1, 'Tazaka Room : 2', '2022-07-12 06:41:15', '2022-07-12 06:41:15'),
(3078, '2', 30, 'attendance recorded', 1, 'Tazaka Room : 2', '2022-07-12 06:45:27', '2022-07-12 06:45:27'),
(3079, '2', 81, 'attendance recorded', 1, 'Tazaka Room : 2', '2022-07-12 06:45:44', '2022-07-12 06:45:44'),
(3080, '2', 81, 'attendance recorded', 1, 'Tazaka Room : 2', '2022-07-12 06:45:52', '2022-07-12 06:45:52'),
(3081, '2', 48, 'attendance recorded', 1, 'Tazaka Room : 2', '2022-07-12 06:46:04', '2022-07-12 06:46:04'),
(3082, '2', 31, 'attendance recorded', 1, 'Tazaka Room : 2', '2022-07-12 06:46:09', '2022-07-12 06:46:09'),
(3083, '2', 74, 'attendance recorded', 1, 'Tazaka Room : 2', '2022-07-12 06:46:43', '2022-07-12 06:46:43'),
(3084, '2', 104, 'attendance recorded', 1, 'Tazaka Room : 2', '2022-07-12 06:46:51', '2022-07-12 06:46:51'),
(3085, '2', 74, 'attendance recorded', 1, 'Tazaka Room : 2', '2022-07-12 06:46:59', '2022-07-12 06:46:59'),
(3086, '2', 39, 'attendance recorded', 1, 'Tazaka Room : 2', '2022-07-12 06:49:51', '2022-07-12 06:49:51'),
(3087, '2', 87, 'attendance recorded', 1, 'Tazaka Room : 2', '2022-07-12 06:49:57', '2022-07-12 06:49:57'),
(3088, '2', 96, 'attendance recorded', 1, 'Tazaka Room : 2', '2022-07-12 06:50:18', '2022-07-12 06:50:18'),
(3089, '2', 102, 'attendance recorded', 1, 'Tazaka Room : 2', '2022-07-12 06:50:26', '2022-07-12 06:50:26'),
(3090, '2', 80, 'attendance recorded', 1, 'Tazaka Room : 2', '2022-07-12 06:51:08', '2022-07-12 06:51:08'),
(3091, '2', 80, 'attendance recorded', 1, 'Tazaka Room : 2', '2022-07-12 06:51:15', '2022-07-12 06:51:15'),
(3092, '2', 46, 'attendance recorded', 1, 'Tazaka Room : 2', '2022-07-12 06:51:31', '2022-07-12 06:51:31'),
(3093, '2', 46, 'attendance recorded', 1, 'Tazaka Room : 2', '2022-07-12 06:51:37', '2022-07-12 06:51:37'),
(3096, '2', 71, 'attendance recorded', 1, 'Tazaka Room : 2', '2022-07-12 06:53:54', '2022-07-12 06:53:54'),
(3099, '2', 111, 'attendance recorded', 1, 'Tazaka Room : 2', '2022-07-12 07:00:44', '2022-07-12 07:00:44'),
(3100, '2', 116, 'attendance recorded', 1, 'Tazaka Room : 2', '2022-07-12 07:00:53', '2022-07-12 07:00:53'),
(3101, '2', 112, 'attendance recorded', 1, 'Tazaka Room : 2', '2022-07-12 07:00:59', '2022-07-12 07:00:59'),
(3102, '2', 115, 'attendance recorded', 1, 'Tazaka Room : 2', '2022-07-12 07:01:04', '2022-07-12 07:01:04'),
(3103, '2', 79, 'attendance recorded', 1, 'Tazaka Room : 2', '2022-07-12 07:18:54', '2022-07-12 07:18:54'),
(3105, '2', 94, 'attendance recorded', 1, 'Tazaka Room : 2', '2022-07-12 07:19:17', '2022-07-12 07:19:17'),
(3106, '2', 50, 'attendance recorded', 1, 'Tazaka Room : 2', '2022-07-12 07:19:23', '2022-07-12 07:19:23'),
(3107, '2', 51, 'attendance recorded', 1, 'Tazaka Room : 2', '2022-07-12 07:19:31', '2022-07-12 07:19:31'),
(3108, '2', 117, 'attendance recorded', 1, 'Tazaka Room : 2', '2022-07-12 07:19:44', '2022-07-12 07:19:44'),
(3109, '2', 114, 'attendance recorded', 1, 'Tazaka Room : 2', '2022-07-12 07:19:51', '2022-07-12 07:19:51'),
(3110, '2', 58, 'attendance recorded', 1, 'Tazaka Room : 2', '2022-07-12 07:20:18', '2022-07-12 07:20:18'),
(3111, '2', 54, 'attendance recorded', 1, 'Tazaka Room : 2', '2022-07-12 07:21:12', '2022-07-12 07:21:12'),
(3112, '4', 54, 'Access Granted', 0, 'Tazaka Room : 4', '2022-07-12 07:21:39', '2022-07-12 07:21:39'),
(3113, '2', 88, 'attendance recorded', 1, 'Tazaka Room : 2', '2022-07-12 07:23:06', '2022-07-12 07:23:06'),
(3114, '2', 40, 'attendance recorded', 1, 'Tazaka Room : 2', '2022-07-12 07:39:06', '2022-07-12 07:39:06'),
(3115, '6', 81, 'Access Granted', 0, 'Tazaka Room : 6', '2022-07-12 08:16:52', '2022-07-12 08:16:52'),
(3116, '10', 29, 'Access Granted', 0, 'Tazaka Room : 10', '2022-07-12 08:18:42', '2022-07-12 08:18:42'),
(3117, '10', 33, 'Access Granted', 0, 'Tazaka Room : 10', '2022-07-12 08:54:01', '2022-07-12 08:54:01'),
(3118, '10', 33, 'Access Granted', 0, 'Tazaka Room : 10', '2022-07-12 10:25:06', '2022-07-12 10:25:06'),
(3119, '6', 81, 'Access Granted', 0, 'Tazaka Room : 6', '2022-07-12 10:33:01', '2022-07-12 10:33:01'),
(3120, '10', 39, 'Access Granted', 0, 'Tazaka Room : 10', '2022-07-12 11:33:17', '2022-07-12 11:33:17'),
(3121, '10', 39, 'Access Granted', 0, 'Tazaka Room : 10', '2022-07-12 11:44:48', '2022-07-12 11:44:48'),
(3122, '4', 46, 'Access Granted', 0, 'Tazaka Room : 4', '2022-07-12 12:02:18', '2022-07-12 12:02:18'),
(3123, '4', 81, 'Access Granted', 0, 'Tazaka Room : 4', '2022-07-12 12:22:03', '2022-07-12 12:22:03'),
(3125, '5', 81, 'Access Granted', 0, 'Tazaka Room : 5', '2022-07-12 12:45:15', '2022-07-12 12:45:15'),
(3126, '5', 81, 'Access Granted', 0, 'Tazaka Room : 5', '2022-07-12 12:51:10', '2022-07-12 12:51:10'),
(3127, '4', 81, 'Access Granted', 0, 'Tazaka Room : 4', '2022-07-12 13:04:51', '2022-07-12 13:04:51'),
(3128, '10', 33, 'Access Granted', 0, 'Tazaka Room : 10', '2022-07-12 13:27:36', '2022-07-12 13:27:36'),
(3129, '11', 33, 'Access Granted', 0, 'Tazaka Room : 11', '2022-07-12 13:29:48', '2022-07-12 13:29:48'),
(3130, '10', 29, 'Access Granted', 0, 'Tazaka Room : 10', '2022-07-12 13:33:09', '2022-07-12 13:33:09'),
(3131, '10', 29, 'Access Granted', 0, 'Tazaka Room : 10', '2022-07-12 14:24:41', '2022-07-12 14:24:41'),
(3132, '2', 82, 'attendance recorded', 1, 'Tazaka Room : 2', '2022-07-12 15:00:21', '2022-07-12 15:00:21'),
(3133, '10', 30, 'Access Granted', 0, 'Tazaka Room : 10', '2022-07-12 15:43:20', '2022-07-12 15:43:20'),
(3134, '10', 97, 'Access Granted', 0, 'Tazaka Room : 10', '2022-07-12 16:46:32', '2022-07-12 16:46:32'),
(3135, '10', 97, 'Access Granted', 0, 'Tazaka Room : 10', '2022-07-12 17:08:04', '2022-07-12 17:08:04'),
(3136, '2', 76, 'attendance recorded', 1, 'Tazaka Room : 2', '2022-07-12 19:01:26', '2022-07-12 19:01:26'),
(3137, '2', 77, 'attendance recorded', 1, 'Tazaka Room : 2', '2022-07-12 19:01:31', '2022-07-12 19:01:31'),
(3138, '2', 99, 'attendance recorded', 1, 'Tazaka Room : 2', '2022-07-12 19:02:28', '2022-07-12 19:02:28'),
(3139, '2', 29, 'attendance recorded', 1, 'Tazaka Room : 2', '2022-07-12 19:02:47', '2022-07-12 19:02:47'),
(3140, '2', 35, 'attendance recorded', 1, 'Tazaka Room : 2', '2022-07-12 19:02:55', '2022-07-12 19:02:55'),
(3141, '10', 44, 'Access Granted', 0, 'Tazaka Room : 10', '2022-07-12 19:16:54', '2022-07-12 19:16:54'),
(3142, '4', 56, 'Access Granted', 0, 'Tazaka Room : 4', '2022-07-12 19:38:14', '2022-07-12 19:38:14'),
(3143, '2', 101, 'attendance recorded', 1, 'Tazaka Room : 2', '2022-07-13 06:36:44', '2022-07-13 06:36:44'),
(3144, '2', 52, 'attendance recorded', 1, 'Tazaka Room : 2', '2022-07-13 06:36:53', '2022-07-13 06:36:53'),
(3145, '2', 89, 'attendance recorded', 1, 'Tazaka Room : 2', '2022-07-13 06:41:29', '2022-07-13 06:41:29'),
(3146, '2', 30, 'attendance recorded', 1, 'Tazaka Room : 2', '2022-07-13 06:42:33', '2022-07-13 06:42:33'),
(3147, '4', 56, 'Access Granted', 0, 'Tazaka Room : 4', '2022-07-13 06:42:44', '2022-07-13 06:42:44'),
(3148, '2', 48, 'attendance recorded', 1, 'Tazaka Room : 2', '2022-07-13 06:44:50', '2022-07-13 06:44:50'),
(3149, '2', 72, 'attendance recorded', 1, 'Tazaka Room : 2', '2022-07-13 06:45:30', '2022-07-13 06:45:30'),
(3150, '2', 81, 'attendance recorded', 1, 'Tazaka Room : 2', '2022-07-13 06:45:42', '2022-07-13 06:45:42'),
(3151, '2', 81, 'attendance recorded', 1, 'Tazaka Room : 2', '2022-07-13 06:45:48', '2022-07-13 06:45:48'),
(3152, '2', 46, 'attendance recorded', 1, 'Tazaka Room : 2', '2022-07-13 06:46:10', '2022-07-13 06:46:10'),
(3153, '2', 46, 'attendance recorded', 1, 'Tazaka Room : 2', '2022-07-13 06:46:15', '2022-07-13 06:46:15'),
(3154, '2', 93, 'attendance recorded', 1, 'Tazaka Room : 2', '2022-07-13 06:48:30', '2022-07-13 06:48:30'),
(3155, '2', 39, 'attendance recorded', 1, 'Tazaka Room : 2', '2022-07-13 06:48:38', '2022-07-13 06:48:38'),
(3156, '2', 31, 'attendance recorded', 1, 'Tazaka Room : 2', '2022-07-13 06:49:47', '2022-07-13 06:49:47'),
(3157, '2', 102, 'attendance recorded', 1, 'Tazaka Room : 2', '2022-07-13 06:51:54', '2022-07-13 06:51:54'),
(3158, '2', 74, 'attendance recorded', 1, 'Tazaka Room : 2', '2022-07-13 06:54:43', '2022-07-13 06:54:43'),
(3159, '2', 74, 'attendance recorded', 1, 'Tazaka Room : 2', '2022-07-13 06:54:50', '2022-07-13 06:54:50'),
(3160, '2', 75, 'attendance recorded', 1, 'Tazaka Room : 2', '2022-07-13 06:55:28', '2022-07-13 06:55:28'),
(3161, '2', 71, 'attendance recorded', 1, 'Tazaka Room : 2', '2022-07-13 06:55:37', '2022-07-13 06:55:37'),
(3162, '2', 54, 'attendance recorded', 1, 'Tazaka Room : 2', '2022-07-13 06:56:11', '2022-07-13 06:56:11'),
(3164, '2', 80, 'attendance recorded', 1, 'Tazaka Room : 2', '2022-07-13 06:56:40', '2022-07-13 06:56:40'),
(3165, '2', 96, 'attendance recorded', 1, 'Tazaka Room : 2', '2022-07-13 06:56:48', '2022-07-13 06:56:48'),
(3166, '2', 80, 'attendance recorded', 1, 'Tazaka Room : 2', '2022-07-13 06:56:56', '2022-07-13 06:56:56'),
(3167, '2', 32, 'attendance recorded', 1, 'Tazaka Room : 2', '2022-07-13 06:57:36', '2022-07-13 06:57:36'),
(3171, '2', 32, 'attendance recorded', 1, 'Tazaka Room : 2', '2022-07-13 07:00:29', '2022-07-13 07:00:29'),
(3173, '2', 45, 'attendance recorded', 1, 'Tazaka Room : 2', '2022-07-13 07:00:41', '2022-07-13 07:00:41'),
(3174, '2', 56, 'attendance recorded', 1, 'Tazaka Room : 2', '2022-07-13 07:00:47', '2022-07-13 07:00:47'),
(3175, '2', 65, 'attendance recorded', 1, 'Tazaka Room : 2', '2022-07-13 07:00:54', '2022-07-13 07:00:54'),
(3176, '2', 57, 'attendance recorded', 1, 'Tazaka Room : 2', '2022-07-13 07:01:02', '2022-07-13 07:01:02'),
(3177, '2', 58, 'attendance recorded', 1, 'Tazaka Room : 2', '2022-07-13 07:01:10', '2022-07-13 07:01:10'),
(3178, '2', 88, 'attendance recorded', 1, 'Tazaka Room : 2', '2022-07-13 07:01:15', '2022-07-13 07:01:15'),
(3179, '2', 68, 'attendance recorded', 1, 'Tazaka Room : 2', '2022-07-13 07:01:21', '2022-07-13 07:01:21'),
(3180, '2', 51, 'attendance recorded', 1, 'Tazaka Room : 2', '2022-07-13 07:01:27', '2022-07-13 07:01:27'),
(3181, '2', 64, 'attendance recorded', 1, 'Tazaka Room : 2', '2022-07-13 07:01:32', '2022-07-13 07:01:32'),
(3182, '2', 49, 'attendance recorded', 1, 'Tazaka Room : 2', '2022-07-13 07:01:38', '2022-07-13 07:01:38'),
(3183, '2', 36, 'attendance recorded', 1, 'Tazaka Room : 2', '2022-07-13 07:01:43', '2022-07-13 07:01:43'),
(3184, '2', 100, 'attendance recorded', 1, 'Tazaka Room : 2', '2022-07-13 07:01:49', '2022-07-13 07:01:49'),
(3185, '2', 50, 'attendance recorded', 1, 'Tazaka Room : 2', '2022-07-13 07:01:54', '2022-07-13 07:01:54'),
(3186, '2', 79, 'attendance recorded', 1, 'Tazaka Room : 2', '2022-07-13 07:02:00', '2022-07-13 07:02:00'),
(3187, '2', 111, 'attendance recorded', 1, 'Tazaka Room : 2', '2022-07-13 07:02:06', '2022-07-13 07:02:06'),
(3188, '2', 112, 'attendance recorded', 1, 'Tazaka Room : 2', '2022-07-13 07:02:11', '2022-07-13 07:02:11'),
(3189, '2', 107, 'attendance recorded', 1, 'Tazaka Room : 2', '2022-07-13 07:02:17', '2022-07-13 07:02:17'),
(3190, '2', 116, 'attendance recorded', 1, 'Tazaka Room : 2', '2022-07-13 07:02:23', '2022-07-13 07:02:23'),
(3191, '2', 42, 'attendance recorded', 1, 'Tazaka Room : 2', '2022-07-13 07:02:30', '2022-07-13 07:02:30'),
(3192, '4', 31, 'Access Granted', 0, 'Tazaka Room : 4', '2022-07-13 07:03:51', '2022-07-13 07:03:51'),
(3193, '2', 114, 'attendance recorded', 1, 'Tazaka Room : 2', '2022-07-13 07:04:09', '2022-07-13 07:04:09'),
(3194, '2', 117, 'attendance recorded', 1, 'Tazaka Room : 2', '2022-07-13 07:04:15', '2022-07-13 07:04:15'),
(3195, '2', 94, 'attendance recorded', 1, 'Tazaka Room : 2', '2022-07-13 07:04:52', '2022-07-13 07:04:52'),
(3196, '2', 104, 'attendance recorded', 1, 'Tazaka Room : 2', '2022-07-13 07:05:20', '2022-07-13 07:05:20'),
(3197, '2', 38, 'attendance recorded', 1, 'Tazaka Room : 2', '2022-07-13 07:06:39', '2022-07-13 07:06:39'),
(3198, '6', 54, 'Access Granted', 0, 'Tazaka Room : 6', '2022-07-13 07:20:24', '2022-07-13 07:20:24'),
(3199, '6', 54, 'Access Granted', 0, 'Tazaka Room : 6', '2022-07-13 07:20:35', '2022-07-13 07:20:35'),
(3200, '2', 40, 'attendance recorded', 1, 'Tazaka Room : 2', '2022-07-13 07:37:57', '2022-07-13 07:37:57'),
(3201, '10', 73, 'Access Granted', 0, 'Tazaka Room : 10', '2022-07-13 07:42:05', '2022-07-13 07:42:05'),
(3202, '10', 35, 'Access Granted', 0, 'Tazaka Room : 10', '2022-07-13 08:10:33', '2022-07-13 08:10:33'),
(3203, '6', 81, 'Access Granted', 0, 'Tazaka Room : 6', '2022-07-13 08:36:17', '2022-07-13 08:36:17'),
(3204, '10', 35, 'Access Granted', 0, 'Tazaka Room : 10', '2022-07-13 09:28:41', '2022-07-13 09:28:41'),
(3205, '6', 102, 'Access Granted', 0, 'Tazaka Room : 6', '2022-07-13 09:29:43', '2022-07-13 09:29:43'),
(3206, '10', 30, 'Access Granted', 0, 'Tazaka Room : 10', '2022-07-13 10:08:00', '2022-07-13 10:08:00'),
(3207, '10', 29, 'Access Granted', 0, 'Tazaka Room : 10', '2022-07-13 10:44:25', '2022-07-13 10:44:25'),
(3208, '10', 35, 'Access Granted', 0, 'Tazaka Room : 10', '2022-07-13 13:01:28', '2022-07-13 13:01:28'),
(3209, '10', 30, 'Access Granted', 0, 'Tazaka Room : 10', '2022-07-13 14:13:22', '2022-07-13 14:13:22'),
(3210, '4', 81, 'Access Granted', 0, 'Tazaka Room : 4', '2022-07-13 18:44:22', '2022-07-13 18:44:22'),
(3211, '2', 76, 'attendance recorded', 1, 'Tazaka Room : 2', '2022-07-13 19:00:15', '2022-07-13 19:00:15'),
(3212, '2', 70, 'attendance recorded', 1, 'Tazaka Room : 2', '2022-07-13 19:00:35', '2022-07-13 19:00:35'),
(3213, '2', 69, 'attendance recorded', 1, 'Tazaka Room : 2', '2022-07-13 19:00:42', '2022-07-13 19:00:42'),
(3214, '4', 56, 'Access Granted', 0, 'Tazaka Room : 4', '2022-07-13 19:05:19', '2022-07-13 19:05:19'),
(3215, '4', 56, 'Access Granted', 0, 'Tazaka Room : 4', '2022-07-13 19:05:53', '2022-07-13 19:05:53'),
(3216, '4', 56, 'Access Granted', 0, 'Tazaka Room : 4', '2022-07-13 20:44:01', '2022-07-13 20:44:01'),
(3217, '10', 44, 'Access Granted', 0, 'Tazaka Room : 10', '2022-07-14 06:18:33', '2022-07-14 06:18:33'),
(3218, '2', 93, 'attendance recorded', 1, 'Tazaka Room : 2', '2022-07-14 06:39:31', '2022-07-14 06:39:31'),
(3219, '2', 52, 'attendance recorded', 1, 'Tazaka Room : 2', '2022-07-14 06:39:39', '2022-07-14 06:39:39'),
(3220, '2', 30, 'attendance recorded', 1, 'Tazaka Room : 2', '2022-07-14 06:43:01', '2022-07-14 06:43:01'),
(3221, '2', 48, 'attendance recorded', 1, 'Tazaka Room : 2', '2022-07-14 06:47:31', '2022-07-14 06:47:31'),
(3222, '2', 31, 'attendance recorded', 1, 'Tazaka Room : 2', '2022-07-14 06:49:47', '2022-07-14 06:49:47'),
(3224, '2', 72, 'attendance recorded', 1, 'Tazaka Room : 2', '2022-07-14 06:50:38', '2022-07-14 06:50:38'),
(3225, '2', 80, 'attendance recorded', 1, 'Tazaka Room : 2', '2022-07-14 06:50:54', '2022-07-14 06:50:54'),
(3226, '2', 80, 'attendance recorded', 1, 'Tazaka Room : 2', '2022-07-14 06:50:59', '2022-07-14 06:50:59'),
(3227, '2', 102, 'attendance recorded', 1, 'Tazaka Room : 2', '2022-07-14 06:52:31', '2022-07-14 06:52:31'),
(3228, '2', 96, 'attendance recorded', 1, 'Tazaka Room : 2', '2022-07-14 06:53:17', '2022-07-14 06:53:17'),
(3229, '2', 81, 'attendance recorded', 1, 'Tazaka Room : 2', '2022-07-14 06:53:29', '2022-07-14 06:53:29'),
(3230, '2', 39, 'attendance recorded', 1, 'Tazaka Room : 2', '2022-07-14 06:53:38', '2022-07-14 06:53:38'),
(3231, '2', 87, 'attendance recorded', 1, 'Tazaka Room : 2', '2022-07-14 06:53:43', '2022-07-14 06:53:43'),
(3232, '2', 81, 'attendance recorded', 1, 'Tazaka Room : 2', '2022-07-14 06:53:55', '2022-07-14 06:53:55'),
(3233, '2', 74, 'attendance recorded', 1, 'Tazaka Room : 2', '2022-07-14 06:55:04', '2022-07-14 06:55:04'),
(3234, '2', 74, 'attendance recorded', 1, 'Tazaka Room : 2', '2022-07-14 06:55:12', '2022-07-14 06:55:12'),
(3235, '2', 46, 'attendance recorded', 1, 'Tazaka Room : 2', '2022-07-14 06:55:21', '2022-07-14 06:55:21'),
(3236, '2', 104, 'attendance recorded', 1, 'Tazaka Room : 2', '2022-07-14 06:55:29', '2022-07-14 06:55:29'),
(3237, '2', 71, 'attendance recorded', 1, 'Tazaka Room : 2', '2022-07-14 06:55:36', '2022-07-14 06:55:36'),
(3239, '4', 31, 'Access Granted', 0, 'Tazaka Room : 4', '2022-07-14 06:59:44', '2022-07-14 06:59:44'),
(3240, '2', 54, 'attendance recorded', 1, 'Tazaka Room : 2', '2022-07-14 07:00:03', '2022-07-14 07:00:03'),
(3242, '2', 68, 'attendance recorded', 1, 'Tazaka Room : 2', '2022-07-14 07:00:40', '2022-07-14 07:00:40'),
(3243, '10', 42, 'Access Granted', 0, 'Tazaka Room : 10', '2022-07-14 07:00:46', '2022-07-14 07:00:46'),
(3244, '2', 49, 'attendance recorded', 1, 'Tazaka Room : 2', '2022-07-14 07:00:47', '2022-07-14 07:00:47'),
(3245, '2', 116, 'attendance recorded', 1, 'Tazaka Room : 2', '2022-07-14 07:01:26', '2022-07-14 07:01:26'),
(3246, '2', 112, 'attendance recorded', 1, 'Tazaka Room : 2', '2022-07-14 07:01:31', '2022-07-14 07:01:31'),
(3247, '2', 50, 'attendance recorded', 1, 'Tazaka Room : 2', '2022-07-14 07:01:37', '2022-07-14 07:01:37'),
(3248, '2', 57, 'attendance recorded', 1, 'Tazaka Room : 2', '2022-07-14 07:01:45', '2022-07-14 07:01:45'),
(3249, '2', 32, 'attendance recorded', 1, 'Tazaka Room : 2', '2022-07-14 07:01:53', '2022-07-14 07:01:53'),
(3250, '2', 45, 'attendance recorded', 1, 'Tazaka Room : 2', '2022-07-14 07:01:59', '2022-07-14 07:01:59'),
(3251, '2', 94, 'attendance recorded', 1, 'Tazaka Room : 2', '2022-07-14 07:02:50', '2022-07-14 07:02:50'),
(3252, '2', 58, 'attendance recorded', 1, 'Tazaka Room : 2', '2022-07-14 07:02:55', '2022-07-14 07:02:55'),
(3253, '2', 42, 'attendance recorded', 1, 'Tazaka Room : 2', '2022-07-14 07:03:08', '2022-07-14 07:03:08'),
(3254, '2', 114, 'attendance recorded', 1, 'Tazaka Room : 2', '2022-07-14 07:03:27', '2022-07-14 07:03:27'),
(3255, '2', 117, 'attendance recorded', 1, 'Tazaka Room : 2', '2022-07-14 07:03:52', '2022-07-14 07:03:52'),
(3256, '2', 88, 'attendance recorded', 1, 'Tazaka Room : 2', '2022-07-14 07:08:43', '2022-07-14 07:08:43'),
(3257, '2', 40, 'attendance recorded', 1, 'Tazaka Room : 2', '2022-07-14 07:49:06', '2022-07-14 07:49:06'),
(3258, '2', 79, 'attendance recorded', 1, 'Tazaka Room : 2', '2022-07-14 08:10:46', '2022-07-14 08:10:46'),
(3259, '10', 29, 'Access Granted', 0, 'Tazaka Room : 10', '2022-07-14 08:26:35', '2022-07-14 08:26:35'),
(3260, '6', 81, 'Access Granted', 0, 'Tazaka Room : 6', '2022-07-14 08:34:00', '2022-07-14 08:34:00'),
(3261, '10', 35, 'Access Granted', 0, 'Tazaka Room : 10', '2022-07-14 08:39:33', '2022-07-14 08:39:33'),
(3262, '10', 73, 'Access Granted', 0, 'Tazaka Room : 10', '2022-07-14 08:47:12', '2022-07-14 08:47:12'),
(3263, '10', 73, 'Access Granted', 0, 'Tazaka Room : 10', '2022-07-14 08:57:09', '2022-07-14 08:57:09'),
(3264, '4', 81, 'Access Granted', 0, 'Tazaka Room : 4', '2022-07-14 12:09:25', '2022-07-14 12:09:25'),
(3265, '10', 73, 'Access Granted', 0, 'Tazaka Room : 10', '2022-07-14 13:02:23', '2022-07-14 13:02:23'),
(3266, '4', 54, 'Access Granted', 0, 'Tazaka Room : 4', '2022-07-14 13:08:42', '2022-07-14 13:08:42'),
(3267, '10', 73, 'Access Granted', 0, 'Tazaka Room : 10', '2022-07-14 14:57:35', '2022-07-14 14:57:35'),
(3268, '10', 29, 'Access Granted', 0, 'Tazaka Room : 10', '2022-07-14 16:14:05', '2022-07-14 16:14:05'),
(3269, '10', 35, 'Access Granted', 0, 'Tazaka Room : 10', '2022-07-14 16:45:09', '2022-07-14 16:45:09'),
(3270, '10', 35, 'Access Granted', 0, 'Tazaka Room : 10', '2022-07-14 16:56:04', '2022-07-14 16:56:04'),
(3271, '10', 30, 'Access Granted', 0, 'Tazaka Room : 10', '2022-07-14 17:00:04', '2022-07-14 17:00:04'),
(3272, '2', 73, 'attendance recorded', 1, 'Tazaka Room : 2', '2022-07-14 18:56:33', '2022-07-14 18:56:33'),
(3273, '2', 35, 'attendance recorded', 1, 'Tazaka Room : 2', '2022-07-14 18:58:15', '2022-07-14 18:58:15'),
(3274, '2', 70, 'attendance recorded', 1, 'Tazaka Room : 2', '2022-07-14 19:00:13', '2022-07-14 19:00:13'),
(3275, '2', 99, 'attendance recorded', 1, 'Tazaka Room : 2', '2022-07-14 19:01:10', '2022-07-14 19:01:10'),
(3276, '10', 42, 'Access Granted', 0, 'Tazaka Room : 10', '2022-07-15 01:02:54', '2022-07-15 01:02:54'),
(3277, '10', 44, 'Access Granted', 0, 'Tazaka Room : 10', '2022-07-15 02:27:13', '2022-07-15 02:27:13'),
(3278, '10', 42, 'Access Granted', 0, 'Tazaka Room : 10', '2022-07-15 05:04:43', '2022-07-15 05:04:43'),
(3279, '2', 52, 'attendance recorded', 1, 'Tazaka Room : 2', '2022-07-15 06:39:58', '2022-07-15 06:39:58'),
(3281, '2', 30, 'attendance recorded', 1, 'Tazaka Room : 2', '2022-07-15 06:42:11', '2022-07-15 06:42:11'),
(3282, '2', 101, 'attendance recorded', 1, 'Tazaka Room : 2', '2022-07-15 06:44:04', '2022-07-15 06:44:04'),
(3283, '2', 46, 'attendance recorded', 1, 'Tazaka Room : 2', '2022-07-15 06:47:58', '2022-07-15 06:47:58'),
(3284, '2', 87, 'attendance recorded', 1, 'Tazaka Room : 2', '2022-07-15 06:52:04', '2022-07-15 06:52:04'),
(3285, '2', 39, 'attendance recorded', 1, 'Tazaka Room : 2', '2022-07-15 06:52:11', '2022-07-15 06:52:11'),
(3286, '2', 72, 'attendance recorded', 1, 'Tazaka Room : 2', '2022-07-15 06:52:18', '2022-07-15 06:52:18'),
(3287, '2', 102, 'attendance recorded', 1, 'Tazaka Room : 2', '2022-07-15 06:52:30', '2022-07-15 06:52:30'),
(3288, '2', 31, 'attendance recorded', 1, 'Tazaka Room : 2', '2022-07-15 06:52:54', '2022-07-15 06:52:54'),
(3289, '2', 31, 'attendance recorded', 1, 'Tazaka Room : 2', '2022-07-15 06:53:00', '2022-07-15 06:53:00'),
(3290, '2', 104, 'attendance recorded', 1, 'Tazaka Room : 2', '2022-07-15 06:54:54', '2022-07-15 06:54:54'),
(3292, '2', 96, 'attendance recorded', 1, 'Tazaka Room : 2', '2022-07-15 06:56:20', '2022-07-15 06:56:20'),
(3293, '2', 54, 'attendance recorded', 1, 'Tazaka Room : 2', '2022-07-15 06:56:37', '2022-07-15 06:56:37'),
(3294, '2', 80, 'attendance recorded', 1, 'Tazaka Room : 2', '2022-07-15 07:00:20', '2022-07-15 07:00:20'),
(3296, '2', 81, 'attendance recorded', 1, 'Tazaka Room : 2', '2022-07-15 07:00:33', '2022-07-15 07:00:33'),
(3297, '2', 81, 'attendance recorded', 1, 'Tazaka Room : 2', '2022-07-15 07:00:39', '2022-07-15 07:00:39'),
(3298, '2', 68, 'attendance recorded', 1, 'Tazaka Room : 2', '2022-07-15 07:01:01', '2022-07-15 07:01:01'),
(3299, '2', 114, 'attendance recorded', 1, 'Tazaka Room : 2', '2022-07-15 07:01:09', '2022-07-15 07:01:09'),
(3300, '2', 117, 'attendance recorded', 1, 'Tazaka Room : 2', '2022-07-15 07:01:15', '2022-07-15 07:01:15'),
(3301, '2', 115, 'attendance recorded', 1, 'Tazaka Room : 2', '2022-07-15 07:01:21', '2022-07-15 07:01:21'),
(3302, '2', 112, 'attendance recorded', 1, 'Tazaka Room : 2', '2022-07-15 07:01:29', '2022-07-15 07:01:29'),
(3303, '2', 116, 'attendance recorded', 1, 'Tazaka Room : 2', '2022-07-15 07:01:36', '2022-07-15 07:01:36'),
(3305, '2', 60, 'attendance recorded', 1, 'Tazaka Room : 2', '2022-07-15 07:02:10', '2022-07-15 07:02:10'),
(3306, '2', 111, 'attendance recorded', 1, 'Tazaka Room : 2', '2022-07-15 07:02:16', '2022-07-15 07:02:16'),
(3307, '2', 88, 'attendance recorded', 1, 'Tazaka Room : 2', '2022-07-15 07:02:24', '2022-07-15 07:02:24'),
(3308, '2', 58, 'attendance recorded', 1, 'Tazaka Room : 2', '2022-07-15 07:02:30', '2022-07-15 07:02:30'),
(3309, '2', 79, 'attendance recorded', 1, 'Tazaka Room : 2', '2022-07-15 07:02:43', '2022-07-15 07:02:43'),
(3310, '2', 42, 'attendance recorded', 1, 'Tazaka Room : 2', '2022-07-15 07:02:50', '2022-07-15 07:02:50'),
(3311, '2', 94, 'attendance recorded', 1, 'Tazaka Room : 2', '2022-07-15 07:04:57', '2022-07-15 07:04:57'),
(3312, '2', 38, 'attendance recorded', 1, 'Tazaka Room : 2', '2022-07-15 07:16:17', '2022-07-15 07:16:17'),
(3313, '10', 39, 'Access Granted', 0, 'Tazaka Room : 10', '2022-07-15 07:29:36', '2022-07-15 07:29:36'),
(3314, '2', 40, 'attendance recorded', 1, 'Tazaka Room : 2', '2022-07-15 07:43:48', '2022-07-15 07:43:48'),
(3315, '2', 40, 'attendance recorded', 1, 'Tazaka Room : 2', '2022-07-15 07:43:54', '2022-07-15 07:43:54'),
(3316, '6', 99, 'Access Granted', 0, 'Tazaka Room : 6', '2022-07-15 08:13:03', '2022-07-15 08:13:03'),
(3317, '6', 102, 'Access Granted', 0, 'Tazaka Room : 6', '2022-07-15 11:37:11', '2022-07-15 11:37:11'),
(3318, '10', 33, 'Access Granted', 0, 'Tazaka Room : 10', '2022-07-15 13:34:12', '2022-07-15 13:34:12'),
(3319, '10', 35, 'Access Granted', 0, 'Tazaka Room : 10', '2022-07-15 13:44:32', '2022-07-15 13:44:32'),
(3320, '10', 33, 'Access Granted', 0, 'Tazaka Room : 10', '2022-07-15 14:22:07', '2022-07-15 14:22:07'),
(3321, '11', 33, 'Access Granted', 0, 'Tazaka Room : 11', '2022-07-15 14:22:38', '2022-07-15 14:22:38'),
(3322, '10', 29, 'Access Granted', 0, 'Tazaka Room : 10', '2022-07-15 15:01:13', '2022-07-15 15:01:13'),
(3323, '10', 90, 'Access Granted', 0, 'Tazaka Room : 10', '2022-07-15 15:40:58', '2022-07-15 15:40:58'),
(3324, '2', 77, 'attendance recorded', 1, 'Tazaka Room : 2', '2022-07-15 19:00:39', '2022-07-15 19:00:39'),
(3325, '2', 35, 'attendance recorded', 1, 'Tazaka Room : 2', '2022-07-15 19:00:51', '2022-07-15 19:00:51'),
(3326, '10', 42, 'Access Granted', 0, 'Tazaka Room : 10', '2022-07-15 19:19:25', '2022-07-15 19:19:25'),
(3327, '4', 56, 'Access Granted', 0, 'Tazaka Room : 4', '2022-07-15 19:19:28', '2022-07-15 19:19:28'),
(3328, '6', 36, 'Access Granted', 0, 'Tazaka Room : 6', '2022-07-15 20:09:54', '2022-07-15 20:09:54'),
(3329, '10', 42, 'Access Granted', 0, 'Tazaka Room : 10', '2022-07-16 03:08:31', '2022-07-16 03:08:31'),
(3330, '2', 30, 'attendance recorded', 1, 'Tazaka Room : 2', '2022-07-16 06:41:59', '2022-07-16 06:41:59'),
(3331, '2', 101, 'attendance recorded', 1, 'Tazaka Room : 2', '2022-07-16 06:44:14', '2022-07-16 06:44:14'),
(3332, '2', 52, 'attendance recorded', 1, 'Tazaka Room : 2', '2022-07-16 06:44:58', '2022-07-16 06:44:58'),
(3333, '2', 75, 'attendance recorded', 1, 'Tazaka Room : 2', '2022-07-16 06:45:54', '2022-07-16 06:45:54'),
(3334, '2', 31, 'attendance recorded', 1, 'Tazaka Room : 2', '2022-07-16 06:47:13', '2022-07-16 06:47:13'),
(3335, '2', 39, 'attendance recorded', 1, 'Tazaka Room : 2', '2022-07-16 06:50:26', '2022-07-16 06:50:26'),
(3336, '2', 102, 'attendance recorded', 1, 'Tazaka Room : 2', '2022-07-16 06:52:43', '2022-07-16 06:52:43'),
(3337, '2', 80, 'attendance recorded', 1, 'Tazaka Room : 2', '2022-07-16 06:53:41', '2022-07-16 06:53:41'),
(3338, '2', 46, 'attendance recorded', 1, 'Tazaka Room : 2', '2022-07-16 06:54:38', '2022-07-16 06:54:38'),
(3339, '2', 74, 'attendance recorded', 1, 'Tazaka Room : 2', '2022-07-16 06:54:45', '2022-07-16 06:54:45'),
(3340, '2', 104, 'attendance recorded', 1, 'Tazaka Room : 2', '2022-07-16 06:55:00', '2022-07-16 06:55:00'),
(3341, '2', 38, 'attendance recorded', 1, 'Tazaka Room : 2', '2022-07-16 06:55:47', '2022-07-16 06:55:47'),
(3342, '2', 99, 'attendance recorded', 1, 'Tazaka Room : 2', '2022-07-16 06:55:55', '2022-07-16 06:55:55'),
(3343, '2', 90, 'attendance recorded', 1, 'Tazaka Room : 2', '2022-07-16 06:56:17', '2022-07-16 06:56:17'),
(3345, '2', 87, 'attendance recorded', 1, 'Tazaka Room : 2', '2022-07-16 06:56:34', '2022-07-16 06:56:34'),
(3346, '2', 71, 'attendance recorded', 1, 'Tazaka Room : 2', '2022-07-16 06:59:17', '2022-07-16 06:59:17'),
(3347, '2', 68, 'attendance recorded', 1, 'Tazaka Room : 2', '2022-07-16 07:00:15', '2022-07-16 07:00:15'),
(3348, '2', 107, 'attendance recorded', 1, 'Tazaka Room : 2', '2022-07-16 07:00:21', '2022-07-16 07:00:21'),
(3349, '2', 111, 'attendance recorded', 1, 'Tazaka Room : 2', '2022-07-16 07:00:27', '2022-07-16 07:00:27'),
(3350, '2', 115, 'attendance recorded', 1, 'Tazaka Room : 2', '2022-07-16 07:00:33', '2022-07-16 07:00:33'),
(3351, '2', 112, 'attendance recorded', 1, 'Tazaka Room : 2', '2022-07-16 07:00:39', '2022-07-16 07:00:39'),
(3352, '2', 116, 'attendance recorded', 1, 'Tazaka Room : 2', '2022-07-16 07:00:44', '2022-07-16 07:00:44'),
(3353, '2', 117, 'attendance recorded', 1, 'Tazaka Room : 2', '2022-07-16 07:00:52', '2022-07-16 07:00:52'),
(3354, '2', 69, 'attendance recorded', 1, 'Tazaka Room : 2', '2022-07-16 07:00:59', '2022-07-16 07:00:59'),
(3355, '2', 82, 'attendance recorded', 1, 'Tazaka Room : 2', '2022-07-16 07:01:06', '2022-07-16 07:01:06'),
(3356, '2', 114, 'attendance recorded', 1, 'Tazaka Room : 2', '2022-07-16 07:01:13', '2022-07-16 07:01:13'),
(3357, '2', 70, 'attendance recorded', 1, 'Tazaka Room : 2', '2022-07-16 07:01:20', '2022-07-16 07:01:20'),
(3360, '2', 81, 'attendance recorded', 1, 'Tazaka Room : 2', '2022-07-16 07:01:39', '2022-07-16 07:01:39'),
(3361, '2', 94, 'attendance recorded', 1, 'Tazaka Room : 2', '2022-07-16 07:01:47', '2022-07-16 07:01:47'),
(3362, '2', 81, 'attendance recorded', 1, 'Tazaka Room : 2', '2022-07-16 07:01:52', '2022-07-16 07:01:52'),
(3363, '2', 79, 'attendance recorded', 1, 'Tazaka Room : 2', '2022-07-16 07:02:00', '2022-07-16 07:02:00'),
(3364, '2', 58, 'attendance recorded', 1, 'Tazaka Room : 2', '2022-07-16 07:02:06', '2022-07-16 07:02:06'),
(3365, '2', 57, 'attendance recorded', 1, 'Tazaka Room : 2', '2022-07-16 07:02:11', '2022-07-16 07:02:11'),
(3366, '2', 54, 'attendance recorded', 1, 'Tazaka Room : 2', '2022-07-16 07:02:19', '2022-07-16 07:02:19'),
(3367, '2', 42, 'attendance recorded', 1, 'Tazaka Room : 2', '2022-07-16 07:02:26', '2022-07-16 07:02:26'),
(3368, '2', 88, 'attendance recorded', 1, 'Tazaka Room : 2', '2022-07-16 07:03:27', '2022-07-16 07:03:27'),
(3369, '4', 31, 'Access Granted', 0, 'Tazaka Room : 4', '2022-07-16 07:07:50', '2022-07-16 07:07:50'),
(3370, '10', 10, 'Access Granted', 0, 'Tazaka Room : 10', '2022-07-16 07:51:41', '2022-07-16 07:51:41'),
(3371, '6', 81, 'Access Granted', 0, 'Tazaka Room : 6', '2022-07-16 13:14:53', '2022-07-16 13:14:53'),
(3372, '10', 30, 'Access Granted', 0, 'Tazaka Room : 10', '2022-07-16 15:49:54', '2022-07-16 15:49:54'),
(3373, '10', 42, 'Access Granted', 0, 'Tazaka Room : 10', '2022-07-16 19:35:57', '2022-07-16 19:35:57'),
(3374, '10', 42, 'Access Granted', 0, 'Tazaka Room : 10', '2022-07-16 21:52:22', '2022-07-16 21:52:22'),
(3375, '10', 42, 'Access Granted', 0, 'Tazaka Room : 10', '2022-07-16 23:41:31', '2022-07-16 23:41:31'),
(3376, '10', 42, 'Access Granted', 0, 'Tazaka Room : 10', '2022-07-17 06:35:55', '2022-07-17 06:35:55'),
(3377, '2', 88, 'attendance recorded', 1, 'Tazaka Room : 2', '2022-07-17 07:00:26', '2022-07-17 07:00:26'),
(3378, '2', 68, 'attendance recorded', 1, 'Tazaka Room : 2', '2022-07-17 07:00:34', '2022-07-17 07:00:34'),
(3379, '2', 116, 'attendance recorded', 1, 'Tazaka Room : 2', '2022-07-17 07:00:40', '2022-07-17 07:00:40'),
(3380, '2', 115, 'attendance recorded', 1, 'Tazaka Room : 2', '2022-07-17 07:00:46', '2022-07-17 07:00:46'),
(3381, '2', 111, 'attendance recorded', 1, 'Tazaka Room : 2', '2022-07-17 07:00:52', '2022-07-17 07:00:52'),
(3382, '2', 112, 'attendance recorded', 1, 'Tazaka Room : 2', '2022-07-17 07:01:00', '2022-07-17 07:01:00'),
(3383, '2', 79, 'attendance recorded', 1, 'Tazaka Room : 2', '2022-07-17 07:01:25', '2022-07-17 07:01:25'),
(3384, '2', 94, 'attendance recorded', 1, 'Tazaka Room : 2', '2022-07-17 07:01:34', '2022-07-17 07:01:34'),
(3385, '2', 58, 'attendance recorded', 1, 'Tazaka Room : 2', '2022-07-17 07:01:42', '2022-07-17 07:01:42'),
(3386, '2', 42, 'attendance recorded', 1, 'Tazaka Room : 2', '2022-07-17 07:01:50', '2022-07-17 07:01:50'),
(3387, '2', 94, 'attendance recorded', 1, 'Tazaka Room : 2', '2022-07-18 06:30:19', '2022-07-18 06:30:19'),
(3388, '2', 55, 'attendance recorded', 1, 'Tazaka Room : 2', '2022-07-18 06:34:49', '2022-07-18 06:34:49'),
(3391, '2', 30, 'attendance recorded', 1, 'Tazaka Room : 2', '2022-07-18 06:47:11', '2022-07-18 06:47:11'),
(3392, '2', 46, 'attendance recorded', 1, 'Tazaka Room : 2', '2022-07-18 06:47:48', '2022-07-18 06:47:48'),
(3393, '2', 42, 'attendance recorded', 1, 'Tazaka Room : 2', '2022-07-18 06:48:03', '2022-07-18 06:48:03'),
(3394, '2', 71, 'attendance recorded', 1, 'Tazaka Room : 2', '2022-07-18 06:48:53', '2022-07-18 06:48:53'),
(3395, '2', 88, 'attendance recorded', 1, 'Tazaka Room : 2', '2022-07-18 06:49:24', '2022-07-18 06:49:24'),
(3396, '2', 80, 'attendance recorded', 1, 'Tazaka Room : 2', '2022-07-18 06:50:10', '2022-07-18 06:50:10'),
(3397, '2', 79, 'attendance recorded', 1, 'Tazaka Room : 2', '2022-07-18 06:50:51', '2022-07-18 06:50:51'),
(3398, '2', 31, 'attendance recorded', 1, 'Tazaka Room : 2', '2022-07-18 06:50:58', '2022-07-18 06:50:58'),
(3399, '2', 81, 'attendance recorded', 1, 'Tazaka Room : 2', '2022-07-18 06:52:04', '2022-07-18 06:52:04'),
(3400, '2', 58, 'attendance recorded', 1, 'Tazaka Room : 2', '2022-07-18 06:52:18', '2022-07-18 06:52:18'),
(3401, '2', 54, 'attendance recorded', 1, 'Tazaka Room : 2', '2022-07-18 06:53:28', '2022-07-18 06:53:28'),
(3402, '2', 64, 'attendance recorded', 1, 'Tazaka Room : 2', '2022-07-18 06:54:46', '2022-07-18 06:54:46'),
(3403, '10', 42, 'Access Granted', 0, 'Tazaka Room : 10', '2022-07-18 06:55:57', '2022-07-18 06:55:57'),
(3404, '2', 72, 'attendance recorded', 1, 'Tazaka Room : 2', '2022-07-18 07:00:10', '2022-07-18 07:00:10'),
(3405, '2', 60, 'attendance recorded', 1, 'Tazaka Room : 2', '2022-07-18 07:00:29', '2022-07-18 07:00:29'),
(3406, '2', 43, 'attendance recorded', 1, 'Tazaka Room : 2', '2022-07-18 07:00:34', '2022-07-18 07:00:34'),
(3407, '4', 54, 'Access Granted', 0, 'Tazaka Room : 4', '2022-07-18 07:01:03', '2022-07-18 07:01:03'),
(3408, '2', 68, 'attendance recorded', 1, 'Tazaka Room : 2', '2022-07-18 07:01:11', '2022-07-18 07:01:11'),
(3409, '2', 116, 'attendance recorded', 1, 'Tazaka Room : 2', '2022-07-18 07:01:45', '2022-07-18 07:01:45'),
(3410, '2', 112, 'attendance recorded', 1, 'Tazaka Room : 2', '2022-07-18 07:01:50', '2022-07-18 07:01:50'),
(3411, '2', 115, 'attendance recorded', 1, 'Tazaka Room : 2', '2022-07-18 07:01:56', '2022-07-18 07:01:56'),
(3412, '2', 111, 'attendance recorded', 1, 'Tazaka Room : 2', '2022-07-18 07:02:02', '2022-07-18 07:02:02'),
(3413, '10', 79, 'Access Granted', 0, 'Tazaka Room : 10', '2022-07-18 07:14:50', '2022-07-18 07:14:50'),
(3414, '2', 38, 'attendance recorded', 1, 'Tazaka Room : 2', '2022-07-18 07:19:43', '2022-07-18 07:19:43'),
(3415, '6', 54, 'Access Granted', 0, 'Tazaka Room : 6', '2022-07-18 07:28:34', '2022-07-18 07:28:34'),
(3416, '2', 40, 'attendance recorded', 1, 'Tazaka Room : 2', '2022-07-18 07:48:47', '2022-07-18 07:48:47'),
(3417, '10', 30, 'Access Granted', 0, 'Tazaka Room : 10', '2022-07-18 11:30:02', '2022-07-18 11:30:02'),
(3418, '2', 35, 'attendance recorded', 1, 'Tazaka Room : 2', '2022-07-18 18:54:49', '2022-07-18 18:54:49'),
(3419, '2', 73, 'attendance recorded', 1, 'Tazaka Room : 2', '2022-07-18 18:59:29', '2022-07-18 18:59:29'),
(3420, '2', 94, 'attendance recorded', 1, 'Tazaka Room : 2', '2022-07-19 06:29:17', '2022-07-19 06:29:17'),
(3423, '2', 55, 'attendance recorded', 1, 'Tazaka Room : 2', '2022-07-19 06:36:42', '2022-07-19 06:36:42'),
(3424, '2', 30, 'attendance recorded', 1, 'Tazaka Room : 2', '2022-07-19 06:43:40', '2022-07-19 06:43:40'),
(3425, '2', 46, 'attendance recorded', 1, 'Tazaka Room : 2', '2022-07-19 06:44:16', '2022-07-19 06:44:16'),
(3426, '2', 88, 'attendance recorded', 1, 'Tazaka Room : 2', '2022-07-19 06:48:10', '2022-07-19 06:48:10'),
(3427, '2', 31, 'attendance recorded', 1, 'Tazaka Room : 2', '2022-07-19 06:48:37', '2022-07-19 06:48:37'),
(3428, '2', 71, 'attendance recorded', 1, 'Tazaka Room : 2', '2022-07-19 06:53:10', '2022-07-19 06:53:10'),
(3430, '2', 58, 'attendance recorded', 1, 'Tazaka Room : 2', '2022-07-19 06:53:35', '2022-07-19 06:53:35'),
(3431, '2', 64, 'attendance recorded', 1, 'Tazaka Room : 2', '2022-07-19 06:53:52', '2022-07-19 06:53:52'),
(3432, '2', 54, 'attendance recorded', 1, 'Tazaka Room : 2', '2022-07-19 06:54:49', '2022-07-19 06:54:49'),
(3433, '2', 81, 'attendance recorded', 1, 'Tazaka Room : 2', '2022-07-19 07:01:37', '2022-07-19 07:01:37'),
(3434, '2', 81, 'attendance recorded', 1, 'Tazaka Room : 2', '2022-07-19 07:01:44', '2022-07-19 07:01:44'),
(3435, '2', 111, 'attendance recorded', 1, 'Tazaka Room : 2', '2022-07-19 07:02:16', '2022-07-19 07:02:16'),
(3436, '2', 115, 'attendance recorded', 1, 'Tazaka Room : 2', '2022-07-19 07:02:21', '2022-07-19 07:02:21'),
(3437, '2', 112, 'attendance recorded', 1, 'Tazaka Room : 2', '2022-07-19 07:02:27', '2022-07-19 07:02:27'),
(3438, '2', 116, 'attendance recorded', 1, 'Tazaka Room : 2', '2022-07-19 07:02:33', '2022-07-19 07:02:33'),
(3439, '2', 102, 'attendance recorded', 1, 'Tazaka Room : 2', '2022-07-19 07:02:43', '2022-07-19 07:02:43'),
(3441, '2', 80, 'attendance recorded', 1, 'Tazaka Room : 2', '2022-07-19 07:06:19', '2022-07-19 07:06:19'),
(3442, '2', 80, 'attendance recorded', 1, 'Tazaka Room : 2', '2022-07-19 07:06:24', '2022-07-19 07:06:24'),
(3443, '6', 56, 'Access Granted', 0, 'Tazaka Room : 6', '2022-07-19 07:22:19', '2022-07-19 07:22:19'),
(3444, '10', 79, 'Access Granted', 0, 'Tazaka Room : 10', '2022-07-19 07:26:47', '2022-07-19 07:26:47'),
(3445, '2', 40, 'attendance recorded', 1, 'Tazaka Room : 2', '2022-07-19 07:37:44', '2022-07-19 07:37:44'),
(3446, '10', 30, 'Access Granted', 0, 'Tazaka Room : 10', '2022-07-19 07:47:48', '2022-07-19 07:47:48'),
(3447, '10', 30, 'Access Granted', 0, 'Tazaka Room : 10', '2022-07-19 07:48:27', '2022-07-19 07:48:27'),
(3448, '10', 10, 'Access Granted', 0, 'Tazaka Room : 10', '2022-07-19 09:08:42', '2022-07-19 09:08:42'),
(3449, '10', 30, 'Access Granted', 0, 'Tazaka Room : 10', '2022-07-19 10:03:20', '2022-07-19 10:03:20'),
(3450, '10', 42, 'Access Granted', 0, 'Tazaka Room : 10', '2022-07-19 11:04:55', '2022-07-19 11:04:55'),
(3451, '10', 79, 'Access Granted', 0, 'Tazaka Room : 10', '2022-07-19 13:06:15', '2022-07-19 13:06:15'),
(3452, '10', 79, 'Access Granted', 0, 'Tazaka Room : 10', '2022-07-19 13:06:31', '2022-07-19 13:06:31'),
(3453, '10', 79, 'Access Granted', 0, 'Tazaka Room : 10', '2022-07-19 13:08:43', '2022-07-19 13:08:43'),
(3454, '10', 30, 'Access Granted', 0, 'Tazaka Room : 10', '2022-07-19 13:14:22', '2022-07-19 13:14:22'),
(3455, '10', 30, 'Access Granted', 0, 'Tazaka Room : 10', '2022-07-19 13:37:16', '2022-07-19 13:37:16'),
(3456, '10', 30, 'Access Granted', 0, 'Tazaka Room : 10', '2022-07-19 13:38:39', '2022-07-19 13:38:39'),
(3457, '4', 54, 'Access Granted', 0, 'Tazaka Room : 4', '2022-07-19 18:36:27', '2022-07-19 18:36:27'),
(3458, '2', 73, 'attendance recorded', 1, 'Tazaka Room : 2', '2022-07-19 18:56:42', '2022-07-19 18:56:42'),
(3459, '4', 99, 'Access Granted', 0, 'Tazaka Room : 4', '2022-07-19 19:35:06', '2022-07-19 19:35:06'),
(3460, '10', 39, 'Access Granted', 0, 'Tazaka Room : 10', '2022-07-20 02:46:46', '2022-07-20 02:46:46'),
(3461, '4', 99, 'Access Granted', 0, 'Tazaka Room : 4', '2022-07-20 03:24:02', '2022-07-20 03:24:02'),
(3462, '2', 51, 'attendance recorded', 1, 'Tazaka Room : 2', '2022-07-20 06:37:13', '2022-07-20 06:37:13'),
(3464, '2', 94, 'attendance recorded', 1, 'Tazaka Room : 2', '2022-07-20 06:37:39', '2022-07-20 06:37:39'),
(3466, '2', 30, 'attendance recorded', 1, 'Tazaka Room : 2', '2022-07-20 06:42:23', '2022-07-20 06:42:23'),
(3468, '2', 42, 'attendance recorded', 1, 'Tazaka Room : 2', '2022-07-20 06:44:07', '2022-07-20 06:44:07'),
(3469, '2', 55, 'attendance recorded', 1, 'Tazaka Room : 2', '2022-07-20 06:49:26', '2022-07-20 06:49:26'),
(3470, '2', 64, 'attendance recorded', 1, 'Tazaka Room : 2', '2022-07-20 06:50:46', '2022-07-20 06:50:46'),
(3471, '2', 31, 'attendance recorded', 1, 'Tazaka Room : 2', '2022-07-20 06:54:03', '2022-07-20 06:54:03'),
(3472, '2', 81, 'attendance recorded', 1, 'Tazaka Room : 2', '2022-07-20 06:54:20', '2022-07-20 06:54:20'),
(3473, '4', 31, 'Access Granted', 0, 'Tazaka Room : 4', '2022-07-20 06:54:27', '2022-07-20 06:54:27'),
(3474, '2', 81, 'attendance recorded', 1, 'Tazaka Room : 2', '2022-07-20 06:54:27', '2022-07-20 06:54:27'),
(3475, '2', 79, 'attendance recorded', 1, 'Tazaka Room : 2', '2022-07-20 06:54:36', '2022-07-20 06:54:36'),
(3476, '2', 58, 'attendance recorded', 1, 'Tazaka Room : 2', '2022-07-20 06:54:57', '2022-07-20 06:54:57'),
(3477, '2', 88, 'attendance recorded', 1, 'Tazaka Room : 2', '2022-07-20 06:56:23', '2022-07-20 06:56:23'),
(3478, '2', 54, 'attendance recorded', 1, 'Tazaka Room : 2', '2022-07-20 06:57:55', '2022-07-20 06:57:55'),
(3479, '2', 102, 'attendance recorded', 1, 'Tazaka Room : 2', '2022-07-20 07:01:31', '2022-07-20 07:01:31'),
(3480, '2', 112, 'attendance recorded', 1, 'Tazaka Room : 2', '2022-07-20 07:23:43', '2022-07-20 07:23:43'),
(3481, '2', 115, 'attendance recorded', 1, 'Tazaka Room : 2', '2022-07-20 07:23:50', '2022-07-20 07:23:50'),
(3482, '2', 68, 'attendance recorded', 1, 'Tazaka Room : 2', '2022-07-20 07:23:57', '2022-07-20 07:23:57'),
(3483, '2', 111, 'attendance recorded', 1, 'Tazaka Room : 2', '2022-07-20 07:24:41', '2022-07-20 07:24:41'),
(3484, '2', 40, 'attendance recorded', 1, 'Tazaka Room : 2', '2022-07-20 07:41:14', '2022-07-20 07:41:14'),
(3485, '10', 42, 'Access Granted', 0, 'Tazaka Room : 10', '2022-07-20 08:15:34', '2022-07-20 08:15:34'),
(3486, '6', 54, 'Access Granted', 0, 'Tazaka Room : 6', '2022-07-20 08:33:23', '2022-07-20 08:33:23'),
(3487, '10', 30, 'Access Granted', 0, 'Tazaka Room : 10', '2022-07-20 10:24:33', '2022-07-20 10:24:33'),
(3488, '10', 42, 'Access Granted', 0, 'Tazaka Room : 10', '2022-07-20 11:26:53', '2022-07-20 11:26:53'),
(3489, '10', 42, 'Access Granted', 0, 'Tazaka Room : 10', '2022-07-20 11:34:06', '2022-07-20 11:34:06'),
(3490, '10', 33, 'Access Granted', 0, 'Tazaka Room : 10', '2022-07-20 13:03:31', '2022-07-20 13:03:31'),
(3491, '10', 79, 'Access Granted', 0, 'Tazaka Room : 10', '2022-07-20 13:08:38', '2022-07-20 13:08:38'),
(3492, '10', 42, 'Access Granted', 0, 'Tazaka Room : 10', '2022-07-20 13:38:11', '2022-07-20 13:38:11'),
(3493, '10', 79, 'Access Granted', 0, 'Tazaka Room : 10', '2022-07-20 13:55:35', '2022-07-20 13:55:35'),
(3494, '10', 79, 'Access Granted', 0, 'Tazaka Room : 10', '2022-07-20 14:04:07', '2022-07-20 14:04:07');
INSERT INTO `history_device_logs` (`id`, `uid`, `user_id`, `keterangan`, `is_attendance`, `createdBy`, `created_at`, `updated_at`) VALUES
(3495, '10', 79, 'Access Granted', 0, 'Tazaka Room : 10', '2022-07-20 14:09:31', '2022-07-20 14:09:31'),
(3496, '11', 79, 'Access Granted', 0, 'Tazaka Room : 11', '2022-07-20 14:10:47', '2022-07-20 14:10:47'),
(3497, '5', 54, 'Access Granted', 0, 'Tazaka Room : 5', '2022-07-20 18:28:54', '2022-07-20 18:28:54'),
(3498, '10', 42, 'Access Granted', 0, 'Tazaka Room : 10', '2022-07-20 18:29:38', '2022-07-20 18:29:38'),
(3499, '4', 99, 'Access Granted', 0, 'Tazaka Room : 4', '2022-07-20 19:14:54', '2022-07-20 19:14:54'),
(3500, '10', 90, 'Access Granted', 0, 'Tazaka Room : 10', '2022-07-20 19:30:13', '2022-07-20 19:30:13'),
(3501, '11', 90, 'Access Granted', 0, 'Tazaka Room : 11', '2022-07-20 19:34:17', '2022-07-20 19:34:17'),
(3502, '11', 90, 'Access Granted', 0, 'Tazaka Room : 11', '2022-07-20 19:34:28', '2022-07-20 19:34:28'),
(3503, '10', 90, 'Access Granted', 0, 'Tazaka Room : 10', '2022-07-20 19:59:12', '2022-07-20 19:59:12'),
(3504, '10', 90, 'Access Granted', 0, 'Tazaka Room : 10', '2022-07-20 20:03:10', '2022-07-20 20:03:10'),
(3505, '11', 90, 'Access Granted', 0, 'Tazaka Room : 11', '2022-07-20 20:04:26', '2022-07-20 20:04:26'),
(3506, '10', 90, 'Access Granted', 0, 'Tazaka Room : 10', '2022-07-20 20:06:13', '2022-07-20 20:06:13'),
(3507, '11', 90, 'Access Granted', 0, 'Tazaka Room : 11', '2022-07-20 20:07:20', '2022-07-20 20:07:20'),
(3508, '10', 90, 'Access Granted', 0, 'Tazaka Room : 10', '2022-07-20 20:46:26', '2022-07-20 20:46:26'),
(3509, '11', 90, 'Access Granted', 0, 'Tazaka Room : 11', '2022-07-20 20:47:09', '2022-07-20 20:47:09'),
(3510, '10', 90, 'Access Granted', 0, 'Tazaka Room : 10', '2022-07-20 20:50:19', '2022-07-20 20:50:19'),
(3511, '11', 90, 'Access Granted', 0, 'Tazaka Room : 11', '2022-07-20 20:51:21', '2022-07-20 20:51:21'),
(3512, '10', 90, 'Access Granted', 0, 'Tazaka Room : 10', '2022-07-20 22:36:48', '2022-07-20 22:36:48'),
(3513, '11', 90, 'Access Granted', 0, 'Tazaka Room : 11', '2022-07-20 22:38:35', '2022-07-20 22:38:35'),
(3514, '10', 90, 'Access Granted', 0, 'Tazaka Room : 10', '2022-07-20 22:56:21', '2022-07-20 22:56:21'),
(3515, '10', 90, 'Access Granted', 0, 'Tazaka Room : 10', '2022-07-20 23:00:47', '2022-07-20 23:00:47'),
(3516, '10', 39, 'Access Granted', 0, 'Tazaka Room : 10', '2022-07-21 02:08:21', '2022-07-21 02:08:21'),
(3517, '4', 46, 'Access Granted', 0, 'Tazaka Room : 4', '2022-07-21 07:07:12', '2022-07-21 07:07:12'),
(3518, '10', 79, 'Access Granted', 0, 'Tazaka Room : 10', '2022-07-21 07:20:00', '2022-07-21 07:20:00'),
(3519, '10', 79, 'Access Granted', 0, 'Tazaka Room : 10', '2022-07-21 07:20:06', '2022-07-21 07:20:06'),
(3520, '6', 54, 'Access Granted', 0, 'Tazaka Room : 6', '2022-07-21 08:00:37', '2022-07-21 08:00:37'),
(3521, '10', 42, 'Access Granted', 0, 'Tazaka Room : 10', '2022-07-21 09:06:44', '2022-07-21 09:06:44'),
(3522, '10', 42, 'Access Granted', 0, 'Tazaka Room : 10', '2022-07-21 09:15:44', '2022-07-21 09:15:44'),
(3523, '10', 42, 'Access Granted', 0, 'Tazaka Room : 10', '2022-07-21 09:26:57', '2022-07-21 09:26:57'),
(3524, '10', 30, 'Access Granted', 0, 'Tazaka Room : 10', '2022-07-21 09:31:16', '2022-07-21 09:31:16'),
(3525, '10', 30, 'Access Granted', 0, 'Tazaka Room : 10', '2022-07-21 09:36:34', '2022-07-21 09:36:34'),
(3526, '10', 30, 'Access Granted', 0, 'Tazaka Room : 10', '2022-07-21 09:58:49', '2022-07-21 09:58:49'),
(3527, '10', 30, 'Access Granted', 0, 'Tazaka Room : 10', '2022-07-21 10:04:06', '2022-07-21 10:04:06'),
(3528, '10', 79, 'Access Granted', 0, 'Tazaka Room : 10', '2022-07-21 10:15:48', '2022-07-21 10:15:48'),
(3529, '10', 79, 'Access Granted', 0, 'Tazaka Room : 10', '2022-07-21 10:23:45', '2022-07-21 10:23:45'),
(3530, '10', 30, 'Access Granted', 0, 'Tazaka Room : 10', '2022-07-21 10:53:36', '2022-07-21 10:53:36'),
(3531, '10', 30, 'Access Granted', 0, 'Tazaka Room : 10', '2022-07-21 10:56:19', '2022-07-21 10:56:19'),
(3532, '10', 30, 'Access Granted', 0, 'Tazaka Room : 10', '2022-07-21 10:58:40', '2022-07-21 10:58:40'),
(3533, '10', 30, 'Access Granted', 0, 'Tazaka Room : 10', '2022-07-21 11:09:17', '2022-07-21 11:09:17'),
(3534, '6', 30, 'Access Granted', 0, 'Tazaka Room : 6', '2022-07-21 11:13:51', '2022-07-21 11:13:51'),
(3535, '10', 42, 'Access Granted', 0, 'Tazaka Room : 10', '2022-07-21 13:56:44', '2022-07-21 13:56:44'),
(3536, '10', 42, 'Access Granted', 0, 'Tazaka Room : 10', '2022-07-21 14:02:53', '2022-07-21 14:02:53'),
(3537, '10', 42, 'Access Granted', 0, 'Tazaka Room : 10', '2022-07-21 15:21:30', '2022-07-21 15:21:30'),
(3538, '10', 42, 'Access Granted', 0, 'Tazaka Room : 10', '2022-07-21 15:31:45', '2022-07-21 15:31:45'),
(3539, '10', 42, 'Access Granted', 0, 'Tazaka Room : 10', '2022-07-21 15:43:37', '2022-07-21 15:43:37'),
(3540, '10', 39, 'Access Granted', 0, 'Tazaka Room : 10', '2022-07-21 19:13:41', '2022-07-21 19:13:41'),
(3541, '11', 39, 'Access Granted', 0, 'Tazaka Room : 11', '2022-07-21 19:17:19', '2022-07-21 19:17:19'),
(3542, '10', 39, 'Access Granted', 0, 'Tazaka Room : 10', '2022-07-21 19:40:41', '2022-07-21 19:40:41'),
(3543, '11', 39, 'Access Granted', 0, 'Tazaka Room : 11', '2022-07-21 19:41:23', '2022-07-21 19:41:23'),
(3544, '11', 39, 'Access Granted', 0, 'Tazaka Room : 11', '2022-07-21 19:45:29', '2022-07-21 19:45:29'),
(3545, '10', 39, 'Access Granted', 0, 'Tazaka Room : 10', '2022-07-21 22:07:52', '2022-07-21 22:07:52'),
(3546, '11', 39, 'Access Granted', 0, 'Tazaka Room : 11', '2022-07-21 22:09:22', '2022-07-21 22:09:22'),
(3547, '10', 39, 'Access Granted', 0, 'Tazaka Room : 10', '2022-07-21 22:35:25', '2022-07-21 22:35:25'),
(3548, '11', 39, 'Access Granted', 0, 'Tazaka Room : 11', '2022-07-21 22:37:34', '2022-07-21 22:37:34'),
(3549, '10', 39, 'Access Granted', 0, 'Tazaka Room : 10', '2022-07-21 22:52:37', '2022-07-21 22:52:37'),
(3550, '11', 39, 'Access Granted', 0, 'Tazaka Room : 11', '2022-07-21 22:55:05', '2022-07-21 22:55:05'),
(3551, '10', 39, 'Access Granted', 0, 'Tazaka Room : 10', '2022-07-21 22:55:44', '2022-07-21 22:55:44'),
(3552, '11', 39, 'Access Granted', 0, 'Tazaka Room : 11', '2022-07-21 22:57:52', '2022-07-21 22:57:52'),
(3553, '10', 39, 'Access Granted', 0, 'Tazaka Room : 10', '2022-07-21 22:59:37', '2022-07-21 22:59:37'),
(3554, '11', 39, 'Access Granted', 0, 'Tazaka Room : 11', '2022-07-21 23:01:19', '2022-07-21 23:01:19'),
(3555, '10', 30, 'Access Granted', 0, 'Tazaka Room : 10', '2022-07-22 08:27:11', '2022-07-22 08:27:11'),
(3556, '10', 42, 'Access Granted', 0, 'Tazaka Room : 10', '2022-07-22 08:55:52', '2022-07-22 08:55:52'),
(3557, '10', 42, 'Access Granted', 0, 'Tazaka Room : 10', '2022-07-22 09:15:15', '2022-07-22 09:15:15'),
(3558, '4', 54, 'Access Granted', 0, 'Tazaka Room : 4', '2022-07-23 13:35:53', '2022-07-23 13:35:53'),
(3559, '4', 54, 'Access Granted', 0, 'Tazaka Room : 4', '2022-07-23 13:36:22', '2022-07-23 13:36:22'),
(3560, '10', 30, 'Access Granted', 0, 'Tazaka Room : 10', '2022-07-23 15:08:44', '2022-07-23 15:08:44'),
(3561, '10', 33, 'Access Granted', 0, 'Tazaka Room : 10', '2022-07-23 16:06:09', '2022-07-23 16:06:09'),
(3562, '10', 33, 'Access Granted', 0, 'Tazaka Room : 10', '2022-07-23 16:07:28', '2022-07-23 16:07:28'),
(3563, '10', 30, 'Access Granted', 0, 'Tazaka Room : 10', '2022-07-23 16:26:56', '2022-07-23 16:26:56'),
(3564, '10', 30, 'Access Granted', 0, 'Tazaka Room : 10', '2022-07-23 16:27:12', '2022-07-23 16:27:12'),
(3565, '10', 30, 'Access Granted', 0, 'Tazaka Room : 10', '2022-07-23 16:35:15', '2022-07-23 16:35:15'),
(3566, '10', 30, 'Access Granted', 0, 'Tazaka Room : 10', '2022-07-23 16:40:53', '2022-07-23 16:40:53'),
(3567, '10', 30, 'Access Granted', 0, 'Tazaka Room : 10', '2022-07-23 17:04:53', '2022-07-23 17:04:53'),
(3568, '10', 30, 'Access Granted', 0, 'Tazaka Room : 10', '2022-07-23 17:12:15', '2022-07-23 17:12:15'),
(3569, '10', 39, 'Access Granted', 0, 'Tazaka Room : 10', '2022-07-23 19:22:14', '2022-07-23 19:22:14'),
(3570, '11', 39, 'Access Granted', 0, 'Tazaka Room : 11', '2022-07-23 19:23:28', '2022-07-23 19:23:28'),
(3571, '6', 99, 'Access Granted', 0, 'Tazaka Room : 6', '2022-07-23 20:06:35', '2022-07-23 20:06:35'),
(3572, '1', 6, 'attendance recorded', 1, 'Tazaka Room : 1', '2022-07-23 23:35:22', '2022-07-23 23:35:22'),
(3573, '1', 6, 'attendance recorded', 1, 'Tazaka Room : 1', '2022-07-23 23:36:24', '2022-07-23 23:36:24'),
(3574, '1', 6, 'attendance recorded', 1, 'Tazaka Room : 1', '2022-07-23 23:39:45', '2022-07-23 23:39:45'),
(3575, '1', 6, 'attendance recorded', 1, 'Tazaka Room : 1', '2022-07-23 23:45:57', '2022-07-23 23:45:57'),
(3576, '1', 6, 'attendance recorded', 1, 'Tazaka Room : 1', '2022-07-23 23:47:06', '2022-07-23 23:47:06'),
(3577, '1', 6, 'attendance recorded', 1, 'Tazaka Room : 1', '2022-07-24 00:29:33', '2022-07-24 00:29:33'),
(3578, '1', 6, 'attendance recorded', 1, 'Tazaka Room : 1', '2022-07-24 00:30:14', '2022-07-24 00:30:14'),
(3579, '1', 6, 'attendance recorded', 1, 'Tazaka Room : 1', '2022-07-24 00:35:24', '2022-07-24 00:35:24'),
(3580, '1', 6, 'attendance recorded', 1, 'Tazaka Room : 1', '2022-07-24 00:41:30', '2022-07-24 00:41:30'),
(3581, '1', 6, 'attendance recorded', 1, 'Tazaka Room : 1', '2022-07-24 00:41:35', '2022-07-24 00:41:35'),
(3582, '1', 6, 'attendance recorded', 1, 'Tazaka Room : 1', '2022-07-24 00:44:55', '2022-07-24 00:44:55'),
(3583, '1', 6, 'attendance recorded', 1, 'Tazaka Room : 1', '2022-07-24 00:44:57', '2022-07-24 00:44:57'),
(3584, '1', 6, 'attendance recorded', 1, 'Tazaka Room : 1', '2022-07-24 00:44:58', '2022-07-24 00:44:58'),
(3585, '1', 6, 'attendance recorded', 1, 'Tazaka Room : 1', '2022-07-24 00:49:29', '2022-07-24 00:49:29'),
(3586, '1', 6, 'attendance recorded', 1, 'Tazaka Room : 1', '2022-07-24 00:56:00', '2022-07-24 00:56:00'),
(3587, '1', 6, 'attendance recorded', 1, 'Tazaka Room : 1', '2022-07-24 00:56:25', '2022-07-24 00:56:25'),
(3588, '1', 6, 'attendance recorded', 1, 'Tazaka Room : 1', '2022-07-24 00:56:27', '2022-07-24 00:56:27'),
(3589, '1', 6, 'attendance recorded', 1, 'Tazaka Room : 1', '2022-07-24 00:57:02', '2022-07-24 00:57:02'),
(3590, '1', 6, 'attendance recorded', 1, 'Tazaka Room : 1', '2022-07-24 00:58:55', '2022-07-24 00:58:55'),
(3591, '1', 6, 'attendance recorded', 1, 'Tazaka Room : 1', '2022-07-24 01:02:04', '2022-07-24 01:02:04'),
(3592, '1', 6, 'attendance recorded', 1, 'Tazaka Room : 1', '2022-07-24 01:03:16', '2022-07-24 01:03:16'),
(3593, '1', 6, 'attendance recorded', 1, 'Tazaka Room : 1', '2022-07-24 01:03:20', '2022-07-24 01:03:20'),
(3594, '1', 6, 'attendance recorded', 1, 'Tazaka Room : 1', '2022-07-24 01:06:35', '2022-07-24 01:06:35'),
(3595, '1', 6, 'attendance recorded', 1, 'Tazaka Room : 1', '2022-07-24 01:06:36', '2022-07-24 01:06:36'),
(3596, '1', 6, 'attendance recorded', 1, 'Tazaka Room : 1', '2022-07-24 01:06:38', '2022-07-24 01:06:38'),
(3597, '1', 6, 'attendance recorded', 1, 'Tazaka Room : 1', '2022-07-24 01:06:39', '2022-07-24 01:06:39'),
(3598, '1', 6, 'attendance recorded', 1, 'Tazaka Room : 1', '2022-07-24 01:07:03', '2022-07-24 01:07:03'),
(3599, '1', 6, 'attendance recorded', 1, 'Tazaka Room : 1', '2022-07-24 01:07:05', '2022-07-24 01:07:05'),
(3600, '1', 6, 'attendance recorded', 1, 'Tazaka Room : 1', '2022-07-24 01:07:06', '2022-07-24 01:07:06'),
(3601, '1', 6, 'attendance recorded', 1, 'Tazaka Room : 1', '2022-07-24 01:07:07', '2022-07-24 01:07:07'),
(3602, '1', 6, 'attendance recorded', 1, 'Tazaka Room : 1', '2022-07-24 01:07:07', '2022-07-24 01:07:07'),
(3603, '1', 6, 'attendance recorded', 1, 'Tazaka Room : 1', '2022-07-24 01:07:07', '2022-07-24 01:07:07'),
(3604, '1', 6, 'attendance recorded', 1, 'Tazaka Room : 1', '2022-07-24 01:07:08', '2022-07-24 01:07:08'),
(3605, '1', 6, 'attendance recorded', 1, 'Tazaka Room : 1', '2022-07-24 01:07:08', '2022-07-24 01:07:08'),
(3606, '1', 6, 'attendance recorded', 1, 'Tazaka Room : 1', '2022-07-24 01:22:09', '2022-07-24 01:22:09'),
(3607, '1', 6, 'attendance recorded', 1, 'Tazaka Room : 1', '2022-07-24 01:23:06', '2022-07-24 01:23:06'),
(3608, '1', 6, 'attendance recorded', 1, 'Tazaka Room : 1', '2022-07-24 01:23:16', '2022-07-24 01:23:16'),
(3609, '1', 6, 'attendance recorded', 1, 'Tazaka Room : 1', '2022-07-24 01:23:17', '2022-07-24 01:23:17'),
(3610, '1', 6, 'attendance recorded', 1, 'Tazaka Room : 1', '2022-07-24 01:23:18', '2022-07-24 01:23:18'),
(3611, '1', 6, 'attendance recorded', 1, 'Tazaka Room : 1', '2022-07-24 01:23:18', '2022-07-24 01:23:18'),
(3612, '1', 6, 'attendance recorded', 1, 'Tazaka Room : 1', '2022-07-24 01:23:18', '2022-07-24 01:23:18'),
(3613, '1', 6, 'attendance recorded', 1, 'Tazaka Room : 1', '2022-07-24 01:23:18', '2022-07-24 01:23:18'),
(3614, '1', 6, 'attendance recorded', 1, 'Tazaka Room : 1', '2022-07-24 01:23:19', '2022-07-24 01:23:19'),
(3615, '1', 6, 'attendance recorded', 1, 'Tazaka Room : 1', '2022-07-24 01:23:19', '2022-07-24 01:23:19'),
(3616, '1', 6, 'attendance recorded', 1, 'Tazaka Room : 1', '2022-07-24 01:23:38', '2022-07-24 01:23:38'),
(3617, '1', 6, 'attendance recorded', 1, 'Tazaka Room : 1', '2022-07-24 01:25:19', '2022-07-24 01:25:19'),
(3618, '1', 6, 'attendance recorded', 1, 'Tazaka Room : 1', '2022-07-24 01:25:24', '2022-07-24 01:25:24'),
(3619, '1', 6, 'attendance recorded', 1, 'Tazaka Room : 1', '2022-07-24 01:25:54', '2022-07-24 01:25:54'),
(3620, '1', 6, 'attendance recorded', 1, 'Tazaka Room : 1', '2022-07-24 01:25:56', '2022-07-24 01:25:56'),
(3621, '1', 6, 'attendance recorded', 1, 'Tazaka Room : 1', '2022-07-24 01:25:57', '2022-07-24 01:25:57'),
(3622, '1', 6, 'attendance recorded', 1, 'Tazaka Room : 1', '2022-07-24 01:33:55', '2022-07-24 01:33:55'),
(3623, '1', 6, 'attendance recorded', 1, 'Tazaka Room : 1', '2022-07-24 01:33:57', '2022-07-24 01:33:57'),
(3624, '1', 6, 'attendance recorded', 1, 'Tazaka Room : 1', '2022-07-24 01:34:36', '2022-07-24 01:34:36'),
(3625, '1', 6, 'attendance recorded', 1, 'Tazaka Room : 1', '2022-07-24 01:34:38', '2022-07-24 01:34:38'),
(3626, '1', 6, 'attendance recorded', 1, 'Tazaka Room : 1', '2022-07-24 01:34:40', '2022-07-24 01:34:40'),
(3627, '1', 6, 'attendance recorded', 1, 'Tazaka Room : 1', '2022-07-24 01:36:41', '2022-07-24 01:36:41'),
(3628, '1', 6, 'attendance recorded', 1, 'Tazaka Room : 1', '2022-07-24 01:36:42', '2022-07-24 01:36:42'),
(3629, '1', 6, 'attendance recorded', 1, 'Tazaka Room : 1', '2022-07-24 01:37:47', '2022-07-24 01:37:47'),
(3630, '1', 6, 'attendance recorded', 1, 'Tazaka Room : 1', '2022-07-24 01:37:49', '2022-07-24 01:37:49'),
(3631, '1', 6, 'attendance recorded', 1, 'Tazaka Room : 1', '2022-07-24 01:37:50', '2022-07-24 01:37:50'),
(3632, '1', 6, 'attendance recorded', 1, 'Tazaka Room : 1', '2022-07-24 01:43:33', '2022-07-24 01:43:33'),
(3633, '1', 6, 'attendance recorded', 1, 'Tazaka Room : 1', '2022-07-24 01:43:34', '2022-07-24 01:43:34'),
(3634, '1', 6, 'attendance recorded', 1, 'Tazaka Room : 1', '2022-07-24 01:43:37', '2022-07-24 01:43:37'),
(3635, '1', 6, 'attendance recorded', 1, 'Tazaka Room : 1', '2022-07-24 01:43:38', '2022-07-24 01:43:38'),
(3636, '1', 6, 'attendance recorded', 1, 'Tazaka Room : 1', '2022-07-24 01:43:38', '2022-07-24 01:43:38'),
(3637, '1', 6, 'attendance recorded', 1, 'Tazaka Room : 1', '2022-07-24 01:43:39', '2022-07-24 01:43:39'),
(3638, '1', 6, 'attendance recorded', 1, 'Tazaka Room : 1', '2022-07-24 02:07:29', '2022-07-24 02:07:29'),
(3639, '1', 6, 'attendance recorded', 1, 'Tazaka Room : 1', '2022-07-24 02:07:30', '2022-07-24 02:07:30'),
(3640, '1', 6, 'attendance recorded', 1, 'Tazaka Room : 1', '2022-07-24 02:07:32', '2022-07-24 02:07:32'),
(3641, '1', 6, 'attendance recorded', 1, 'Tazaka Room : 1', '2022-07-24 02:07:51', '2022-07-24 02:07:51'),
(3642, '1', 6, 'attendance recorded', 1, 'Tazaka Room : 1', '2022-07-24 02:07:53', '2022-07-24 02:07:53'),
(3643, '1', 6, 'attendance recorded', 1, 'Tazaka Room : 1', '2022-07-24 02:07:54', '2022-07-24 02:07:54'),
(3644, '1', 6, 'attendance recorded', 1, 'Tazaka Room : 1', '2022-07-24 02:07:54', '2022-07-24 02:07:54'),
(3645, '1', 6, 'attendance recorded', 1, 'Tazaka Room : 1', '2022-07-24 02:07:55', '2022-07-24 02:07:55'),
(3646, '1', 6, 'attendance recorded', 1, 'Tazaka Room : 1', '2022-07-24 02:10:40', '2022-07-24 02:10:40'),
(3647, '1', 6, 'attendance recorded', 1, 'Tazaka Room : 1', '2022-07-24 02:10:41', '2022-07-24 02:10:41'),
(3648, '1', 6, 'attendance recorded', 1, 'Tazaka Room : 1', '2022-07-24 02:11:14', '2022-07-24 02:11:14'),
(3649, '1', 6, 'attendance recorded', 1, 'Tazaka Room : 1', '2022-07-24 02:11:15', '2022-07-24 02:11:15'),
(3650, '1', 6, 'attendance recorded', 1, 'Tazaka Room : 1', '2022-07-24 02:11:16', '2022-07-24 02:11:16'),
(3651, '1', 6, 'attendance recorded', 1, 'Tazaka Room : 1', '2022-07-24 02:16:51', '2022-07-24 02:16:51'),
(3652, '1', 6, 'attendance recorded', 1, 'Tazaka Room : 1', '2022-07-24 02:16:52', '2022-07-24 02:16:52'),
(3653, '1', 6, 'attendance recorded', 1, 'Tazaka Room : 1', '2022-07-24 02:18:59', '2022-07-24 02:18:59'),
(3654, '1', 6, 'attendance recorded', 1, 'Tazaka Room : 1', '2022-07-24 02:19:16', '2022-07-24 02:19:16'),
(3655, '1', 6, 'attendance recorded', 1, 'Tazaka Room : 1', '2022-07-24 02:19:17', '2022-07-24 02:19:17'),
(3656, '1', 6, 'attendance recorded', 1, 'Tazaka Room : 1', '2022-07-24 02:19:17', '2022-07-24 02:19:17'),
(3657, '1', 6, 'attendance recorded', 1, 'Tazaka Room : 1', '2022-07-24 02:20:12', '2022-07-24 02:20:12'),
(3658, '1', 6, 'attendance recorded', 1, 'Tazaka Room : 1', '2022-07-24 02:20:18', '2022-07-24 02:20:18'),
(3659, '1', 6, 'attendance recorded', 1, 'Tazaka Room : 1', '2022-07-24 02:20:19', '2022-07-24 02:20:19'),
(3660, '1', 6, 'attendance recorded', 1, 'Tazaka Room : 1', '2022-07-24 02:20:19', '2022-07-24 02:20:19'),
(3661, '1', 6, 'attendance recorded', 1, 'Tazaka Room : 1', '2022-07-24 02:20:20', '2022-07-24 02:20:20'),
(3662, '1', 6, 'attendance recorded', 1, 'Tazaka Room : 1', '2022-07-24 02:20:39', '2022-07-24 02:20:39'),
(3663, '1', 6, 'attendance recorded', 1, 'Tazaka Room : 1', '2022-07-24 02:22:40', '2022-07-24 02:22:40'),
(3664, '1', 6, 'attendance recorded', 1, 'Tazaka Room : 1', '2022-07-24 02:22:53', '2022-07-24 02:22:53'),
(3665, '1', 6, 'attendance recorded', 1, 'Tazaka Room : 1', '2022-07-24 02:22:54', '2022-07-24 02:22:54'),
(3666, '1', 6, 'attendance recorded', 1, 'Tazaka Room : 1', '2022-07-24 02:22:55', '2022-07-24 02:22:55'),
(3667, '1', 6, 'attendance recorded', 1, 'Tazaka Room : 1', '2022-07-24 02:25:44', '2022-07-24 02:25:44'),
(3668, '1', 6, 'attendance recorded', 1, 'Tazaka Room : 1', '2022-07-24 02:25:52', '2022-07-24 02:25:52'),
(3669, '1', 6, 'attendance recorded', 1, 'Tazaka Room : 1', '2022-07-24 02:34:35', '2022-07-24 02:34:35'),
(3670, '1', 6, 'attendance recorded', 1, 'Tazaka Room : 1', '2022-07-24 02:34:54', '2022-07-24 02:34:54'),
(3671, '1', 6, 'attendance recorded', 1, 'Tazaka Room : 1', '2022-07-24 02:35:08', '2022-07-24 02:35:08'),
(3672, '1', 6, 'attendance recorded', 1, 'Tazaka Room : 1', '2022-07-24 02:35:09', '2022-07-24 02:35:09'),
(3673, '1', 6, 'attendance recorded', 1, 'Tazaka Room : 1', '2022-07-24 02:35:10', '2022-07-24 02:35:10'),
(3674, '1', 6, 'attendance recorded', 1, 'Tazaka Room : 1', '2022-07-24 02:38:54', '2022-07-24 02:38:54'),
(3675, '1', 6, 'attendance recorded', 1, 'Tazaka Room : 1', '2022-07-24 02:54:25', '2022-07-24 02:54:25'),
(3676, '1', 6, 'attendance recorded', 1, 'Tazaka Room : 1', '2022-07-24 02:56:26', '2022-07-24 02:56:26'),
(3677, '1', 6, 'attendance recorded', 1, 'Tazaka Room : 1', '2022-07-24 03:01:11', '2022-07-24 03:01:11'),
(3678, '1', 6, 'attendance recorded', 1, 'Tazaka Room : 1', '2022-07-24 03:02:05', '2022-07-24 03:02:05'),
(3679, '1', 6, 'attendance recorded', 1, 'Tazaka Room : 1', '2022-07-24 03:36:33', '2022-07-24 03:36:33'),
(3680, '1', 6, 'attendance recorded', 1, 'Tazaka Room : 1', '2022-07-24 03:57:17', '2022-07-24 03:57:17'),
(3681, '1', 6, 'attendance recorded', 1, 'Tazaka Room : 1', '2022-07-24 03:59:24', '2022-07-24 03:59:24'),
(3682, '1', 6, 'attendance recorded', 1, 'Tazaka Room : 1', '2022-07-24 03:59:33', '2022-07-24 03:59:33'),
(3683, '1', 6, 'attendance recorded', 1, 'Tazaka Room : 1', '2022-07-24 03:59:34', '2022-07-24 03:59:34'),
(3684, '1', 6, 'attendance recorded', 1, 'Tazaka Room : 1', '2022-07-24 03:59:34', '2022-07-24 03:59:34'),
(3685, '1', 6, 'attendance recorded', 1, 'Tazaka Room : 1', '2022-07-24 04:01:50', '2022-07-24 04:01:50'),
(3686, '1', 6, 'attendance recorded', 1, 'Tazaka Room : 1', '2022-07-24 04:09:07', '2022-07-24 04:09:07'),
(3687, '1', 6, 'attendance recorded', 1, 'Tazaka Room : 1', '2022-07-24 04:09:49', '2022-07-24 04:09:49'),
(3688, '1', 6, 'attendance recorded', 1, 'Tazaka Room : 1', '2022-07-24 04:12:25', '2022-07-24 04:12:25'),
(3689, '1', 6, 'attendance recorded', 1, 'Tazaka Room : 1', '2022-07-24 04:15:17', '2022-07-24 04:15:17'),
(3690, '1', 6, 'attendance recorded', 1, 'Tazaka Room : 1', '2022-07-24 04:15:17', '2022-07-24 04:15:17'),
(3691, '1', 6, 'attendance recorded', 1, 'Tazaka Room : 1', '2022-07-24 04:15:47', '2022-07-24 04:15:47'),
(3692, '1', 6, 'attendance recorded', 1, 'Tazaka Room : 1', '2022-07-24 04:16:13', '2022-07-24 04:16:13'),
(3693, '1', 6, 'attendance recorded', 1, 'Tazaka Room : 1', '2022-07-24 04:16:14', '2022-07-24 04:16:14'),
(3694, '1', 6, 'attendance recorded', 1, 'Tazaka Room : 1', '2022-07-24 04:16:15', '2022-07-24 04:16:15'),
(3695, '1', 6, 'attendance recorded', 1, 'Tazaka Room : 1', '2022-07-24 04:16:15', '2022-07-24 04:16:15'),
(3696, '1', 6, 'attendance recorded', 1, 'Tazaka Room : 1', '2022-07-24 04:17:21', '2022-07-24 04:17:21'),
(3697, '1', 6, 'attendance recorded', 1, 'Tazaka Room : 1', '2022-07-24 04:17:29', '2022-07-24 04:17:29'),
(3698, '1', 6, 'attendance recorded', 1, 'Tazaka Room : 1', '2022-07-24 04:20:05', '2022-07-24 04:20:05'),
(3699, '1', 6, 'attendance recorded', 1, 'Tazaka Room : 1', '2022-07-24 04:21:39', '2022-07-24 04:21:39'),
(3700, '1', 6, 'attendance recorded', 1, 'Tazaka Room : 1', '2022-07-24 04:21:59', '2022-07-24 04:21:59'),
(3701, '1', 6, 'attendance recorded', 1, 'Tazaka Room : 1', '2022-07-24 04:33:10', '2022-07-24 04:33:10'),
(3702, '1', 6, 'attendance recorded', 1, 'Tazaka Room : 1', '2022-07-24 04:33:59', '2022-07-24 04:33:59'),
(3703, '1', 6, 'attendance recorded', 1, 'Tazaka Room : 1', '2022-07-24 04:34:00', '2022-07-24 04:34:00'),
(3704, '1', 6, 'attendance recorded', 1, 'Tazaka Room : 1', '2022-07-24 04:34:01', '2022-07-24 04:34:01'),
(3705, '1', 6, 'attendance recorded', 1, 'Tazaka Room : 1', '2022-07-24 04:34:01', '2022-07-24 04:34:01'),
(3706, '1', 6, 'attendance recorded', 1, 'Tazaka Room : 1', '2022-07-24 04:34:01', '2022-07-24 04:34:01'),
(3707, '1', 6, 'attendance recorded', 1, 'Tazaka Room : 1', '2022-07-24 04:34:02', '2022-07-24 04:34:02'),
(3708, '1', 6, 'attendance recorded', 1, 'Tazaka Room : 1', '2022-07-24 04:36:14', '2022-07-24 04:36:14'),
(3709, '1', 6, 'attendance recorded', 1, 'Tazaka Room : 1', '2022-07-24 04:36:15', '2022-07-24 04:36:15'),
(3710, '1', 6, 'attendance recorded', 1, 'Tazaka Room : 1', '2022-07-24 04:40:27', '2022-07-24 04:40:27'),
(3711, '1', 6, 'attendance recorded', 1, 'Tazaka Room : 1', '2022-07-24 04:41:05', '2022-07-24 04:41:05'),
(3712, '1', 6, 'attendance recorded', 1, 'Tazaka Room : 1', '2022-07-24 04:41:22', '2022-07-24 04:41:22'),
(3713, '1', 6, 'attendance recorded', 1, 'Tazaka Room : 1', '2022-07-24 04:43:07', '2022-07-24 04:43:07'),
(3714, '1', 6, 'attendance recorded', 1, 'Tazaka Room : 1', '2022-07-24 04:43:13', '2022-07-24 04:43:13'),
(3715, '1', 6, 'attendance recorded', 1, 'Tazaka Room : 1', '2022-07-24 04:43:14', '2022-07-24 04:43:14'),
(3716, '1', 6, 'attendance recorded', 1, 'Tazaka Room : 1', '2022-07-24 04:43:33', '2022-07-24 04:43:33'),
(3717, '1', 6, 'attendance recorded', 1, 'Tazaka Room : 1', '2022-07-24 04:43:39', '2022-07-24 04:43:39'),
(3718, '1', 6, 'attendance recorded', 1, 'Tazaka Room : 1', '2022-07-24 04:44:02', '2022-07-24 04:44:02'),
(3719, '1', 6, 'attendance recorded', 1, 'Tazaka Room : 1', '2022-07-24 04:44:11', '2022-07-24 04:44:11'),
(3720, '1', 6, 'attendance recorded', 1, 'Tazaka Room : 1', '2022-07-24 04:44:13', '2022-07-24 04:44:13'),
(3721, '1', 6, 'attendance recorded', 1, 'Tazaka Room : 1', '2022-07-24 04:44:37', '2022-07-24 04:44:37'),
(3722, '2', 117, 'Access Granted', 0, 'Tazaka Room : 2', '2022-08-10 08:44:03', '2022-08-10 08:44:03'),
(3723, '2', 117, 'Access Granted', 0, 'Tazaka Room : 2', '2022-08-10 08:45:23', '2022-08-10 08:45:23'),
(3724, '2', 117, 'Access Granted', 0, 'Tazaka Room : 2', '2022-08-10 08:45:24', '2022-08-10 08:45:24'),
(3725, '2', 117, 'Access Granted', 0, 'Tazaka Room : 2', '2022-08-10 08:45:25', '2022-08-10 08:45:25'),
(3726, '2', 117, 'Access Granted', 0, 'Tazaka Room : 2', '2022-08-10 08:48:35', '2022-08-10 08:48:35'),
(3727, '2', 117, 'Access Granted', 0, 'Tazaka Room : 2', '2022-08-10 08:48:37', '2022-08-10 08:48:37'),
(3728, '2', 117, 'Access Granted', 0, 'Tazaka Room : 2', '2022-08-10 08:49:03', '2022-08-10 08:49:03'),
(3729, '2', 117, 'Access Granted', 0, 'Tazaka Room : 2', '2022-08-10 08:51:46', '2022-08-10 08:51:46'),
(3730, '2', 117, 'Access Granted', 0, 'Tazaka Room : 2', '2022-08-10 08:55:55', '2022-08-10 08:55:55'),
(3731, '2', 117, 'Access Granted', 0, 'Tazaka Room : 2', '2022-08-10 08:56:50', '2022-08-10 08:56:50'),
(3732, '2', 117, 'Access Granted', 0, 'Tazaka Room : 2', '2022-08-10 08:58:39', '2022-08-10 08:58:39'),
(3733, '2', 117, 'Access Granted', 0, 'Tazaka Room : 2', '2022-08-10 08:59:08', '2022-08-10 08:59:08'),
(3734, '2', 117, 'Access Granted', 0, 'Tazaka Room : 2', '2022-08-10 08:59:09', '2022-08-10 08:59:09'),
(3735, '2', 117, 'Access Granted', 0, 'Tazaka Room : 2', '2022-08-10 09:00:03', '2022-08-10 09:00:03'),
(3736, '2', 117, 'Access Granted', 0, 'Tazaka Room : 2', '2022-08-10 09:00:04', '2022-08-10 09:00:04'),
(3737, '2', 117, 'Access Granted', 0, 'Tazaka Room : 2', '2022-08-10 09:00:52', '2022-08-10 09:00:52'),
(3738, '2', 117, 'Access Granted', 0, 'Tazaka Room : 2', '2022-08-10 09:02:29', '2022-08-10 09:02:29'),
(3739, '2', 117, 'Access Granted', 0, 'Tazaka Room : 2', '2022-08-10 09:04:17', '2022-08-10 09:04:17'),
(3740, '2', 117, 'Access Granted', 0, 'Tazaka Room : 2', '2022-08-10 09:04:40', '2022-08-10 09:04:40'),
(3741, '2', 117, 'Access Granted', 0, 'Tazaka Room : 2', '2022-08-10 09:05:09', '2022-08-10 09:05:09'),
(3742, '2', 117, 'Access Granted', 0, 'Tazaka Room : 2', '2022-08-10 09:05:35', '2022-08-10 09:05:35'),
(3743, '2', 117, 'Access Granted', 0, 'Tazaka Room : 2', '2022-08-10 09:05:42', '2022-08-10 09:05:42'),
(3744, '2', 117, 'Access Granted', 0, 'Tazaka Room : 2', '2022-08-10 09:08:55', '2022-08-10 09:08:55'),
(3745, '2', 117, 'Access Granted', 0, 'Tazaka Room : 2', '2022-08-10 09:09:02', '2022-08-10 09:09:02'),
(3746, '2', 117, 'Access Granted', 0, 'Tazaka Room : 2', '2022-08-11 03:43:49', '2022-08-11 03:43:49'),
(3747, '2', 117, 'Access Granted', 0, 'Tazaka Room : 2', '2022-08-11 03:44:19', '2022-08-11 03:44:19'),
(3748, '2', 117, 'Access Granted', 0, 'Tazaka Room : 2', '2022-08-11 03:44:20', '2022-08-11 03:44:20'),
(3749, '2', 117, 'Access Granted', 0, 'Tazaka Room : 2', '2022-08-11 03:46:12', '2022-08-11 03:46:12'),
(3750, '2', 117, 'Access Granted', 0, 'Tazaka Room : 2', '2022-08-11 03:48:37', '2022-08-11 03:48:37'),
(3751, '2', 117, 'Access Granted', 0, 'Tazaka Room : 2', '2022-08-11 03:48:49', '2022-08-11 03:48:49'),
(3752, '2', 117, 'Access Granted', 0, 'Tazaka Room : 2', '2022-08-11 03:49:10', '2022-08-11 03:49:10'),
(3753, '2', 117, 'Access Granted', 0, 'Tazaka Room : 2', '2022-08-11 04:02:35', '2022-08-11 04:02:35'),
(3754, '2', 117, 'Access Granted', 0, 'Tazaka Room : 2', '2022-08-11 04:02:36', '2022-08-11 04:02:36'),
(3755, '2', 117, 'Access Granted', 0, 'Tazaka Room : 2', '2022-08-11 04:02:49', '2022-08-11 04:02:49'),
(3756, '2', 117, 'Access Granted', 0, 'Tazaka Room : 2', '2022-08-11 04:04:14', '2022-08-11 04:04:14'),
(3757, '1', 117, 'Access Granted', 0, 'Tazaka Room : 1', '2022-08-11 04:04:57', '2022-08-11 04:04:57'),
(3758, '1', 117, 'attendance recorded', 1, 'Tazaka Room : 1', '2022-08-11 04:07:33', '2022-08-11 04:07:33'),
(3759, '1', 117, 'Access Granted', 0, 'Tazaka Room : 1', '2022-08-11 04:07:45', '2022-08-11 04:07:45'),
(3760, '2', 117, 'Access Granted', 0, 'Tazaka Room : 2', '2022-08-11 04:08:45', '2022-08-11 04:08:45'),
(3761, '1', 117, 'attendance recorded', 1, 'Tazaka Room : 1', '2022-08-11 04:09:28', '2022-08-11 04:09:28'),
(3762, '1', 117, 'attendance recorded', 1, 'Tazaka Room : 1', '2022-08-11 04:10:12', '2022-08-11 04:10:12'),
(3763, '1', 116, 'attendance recorded', 1, 'Tazaka Room : 1', '2022-08-11 09:12:30', '2022-08-11 09:12:30'),
(3764, '1', 116, 'Access Granted', 0, 'Tazaka Room : 1', '2022-08-11 09:13:27', '2022-08-11 09:13:27'),
(3765, '2', 116, 'Access Granted', 0, 'Tazaka Room : 2', '2022-08-11 09:13:40', '2022-08-11 09:13:40'),
(3766, '1', 116, 'Access Granted', 0, 'Tazaka Room : 1', '2022-08-11 09:15:46', '2022-08-11 09:15:46'),
(3767, '1', 107, 'attendance recorded', 1, 'Tazaka Room : 1', '2022-08-11 11:25:17', '2022-08-11 11:25:17'),
(3768, '1', 107, 'Access Granted', 0, 'Tazaka Room : 1', '2022-08-11 11:25:24', '2022-08-11 11:25:24'),
(3769, '2', 107, 'Access Granted', 0, 'Tazaka Room : 2', '2022-08-11 11:25:29', '2022-08-11 11:25:29'),
(3770, '1', 107, 'Access Granted', 0, 'Tazaka Room : 1', '2022-08-11 11:28:06', '2022-08-11 11:28:06');

-- --------------------------------------------------------

--
-- Table structure for table `leave_and_absences`
--

CREATE TABLE `leave_and_absences` (
  `id` bigint(20) UNSIGNED NOT NULL,
  `category` enum('payroll deductions','salary increase') COLLATE utf8mb4_unicode_ci NOT NULL COMMENT 'payroll deductions(pemotongan),salary increase(penambahan)',
  `remark` varchar(125) COLLATE utf8mb4_unicode_ci NOT NULL COMMENT 'keterangan',
  `value_1A` int(11) NOT NULL DEFAULT '0',
  `value_1B` int(11) NOT NULL DEFAULT '0',
  `value_1C` int(11) NOT NULL DEFAULT '0',
  `value_1D` int(11) NOT NULL DEFAULT '0',
  `value_1E` int(11) NOT NULL DEFAULT '0',
  `value_1F` int(11) NOT NULL DEFAULT '0',
  `value_2A` int(11) NOT NULL DEFAULT '0',
  `value_2B` int(11) NOT NULL DEFAULT '0',
  `value_2C` int(11) NOT NULL DEFAULT '0',
  `value_2D` int(11) NOT NULL DEFAULT '0',
  `value_2E` int(11) NOT NULL DEFAULT '0',
  `value_2F` int(11) NOT NULL DEFAULT '0',
  `value_3A` int(11) NOT NULL DEFAULT '0',
  `value_3B` int(11) NOT NULL DEFAULT '0',
  `value_3C` int(11) NOT NULL DEFAULT '0',
  `value_3D` int(11) NOT NULL DEFAULT '0',
  `value_3E` int(11) NOT NULL DEFAULT '0',
  `value_3F` int(11) NOT NULL DEFAULT '0',
  `value_4A` int(11) NOT NULL DEFAULT '0',
  `value_4B` int(11) NOT NULL DEFAULT '0',
  `value_4C` int(11) NOT NULL DEFAULT '0',
  `value_4D` int(11) NOT NULL DEFAULT '0',
  `value_4E` int(11) NOT NULL DEFAULT '0',
  `value_4F` int(11) NOT NULL DEFAULT '0',
  `createdBy` varchar(125) COLLATE utf8mb4_unicode_ci DEFAULT NULL,
  `updatedBy` varchar(125) COLLATE utf8mb4_unicode_ci DEFAULT NULL,
  `created_at` timestamp NULL DEFAULT NULL,
  `updated_at` timestamp NULL DEFAULT NULL
) ENGINE=InnoDB DEFAULT CHARSET=utf8mb4 COLLATE=utf8mb4_unicode_ci;

--
-- Dumping data for table `leave_and_absences`
--

INSERT INTO `leave_and_absences` (`id`, `category`, `remark`, `value_1A`, `value_1B`, `value_1C`, `value_1D`, `value_1E`, `value_1F`, `value_2A`, `value_2B`, `value_2C`, `value_2D`, `value_2E`, `value_2F`, `value_3A`, `value_3B`, `value_3C`, `value_3D`, `value_3E`, `value_3F`, `value_4A`, `value_4B`, `value_4C`, `value_4D`, `value_4E`, `value_4F`, `createdBy`, `updatedBy`, `created_at`, `updated_at`) VALUES
(2, 'salary increase', 'Premi Kehadiran', 100000, 60000, 0, 0, 0, 0, 0, 0, 0, 0, 0, 0, 0, 0, 0, 0, 0, 0, 0, 0, 0, 0, 0, 0, 'CSP', 'Admin', '2022-07-23 17:07:27', '2023-04-16 09:02:05'),
(4, 'payroll deductions', 'Telat', 100000, 80000, 70000, 0, 0, 0, 0, 0, 0, 0, 0, 0, 0, 0, 0, 0, 0, 0, 0, 0, 0, 0, 0, 0, 'Admin', 'Admin', '2023-04-16 09:11:12', '2023-04-16 09:12:55');

-- --------------------------------------------------------

--
-- Table structure for table `mbanks`
--

CREATE TABLE `mbanks` (
  `id` bigint(20) UNSIGNED NOT NULL,
  `nama_bank` varchar(125) COLLATE utf8mb4_unicode_ci NOT NULL,
  `kode_bank` int(11) NOT NULL,
  `created_at` timestamp NULL DEFAULT NULL,
  `updated_at` timestamp NULL DEFAULT NULL
) ENGINE=InnoDB DEFAULT CHARSET=utf8mb4 COLLATE=utf8mb4_unicode_ci;

--
-- Dumping data for table `mbanks`
--

INSERT INTO `mbanks` (`id`, `nama_bank`, `kode_bank`, `created_at`, `updated_at`) VALUES
(1, 'BANK BRI', 2, NULL, NULL),
(2, 'BANK EKSPOR INDONESIA', 3, NULL, NULL),
(3, 'BANK MANDIRI', 8, NULL, NULL),
(4, 'BANK BNI', 9, NULL, NULL),
(5, 'BANK BNI SYARIAH', 427, NULL, NULL),
(6, 'BANK DANAMON', 11, NULL, NULL),
(7, 'PERMATA BANK', 13, NULL, NULL),
(8, 'BANK BCA', 14, NULL, NULL),
(9, 'BANK BII', 16, NULL, NULL),
(10, 'BANK PANIN', 19, NULL, NULL),
(11, 'BANK ARTA NIAGA KENCANA', 20, NULL, NULL),
(12, 'BANK NIAGA', 22, NULL, NULL),
(13, 'BANK BUANA IND', 23, NULL, NULL),
(14, 'BANK LIPPO', 26, NULL, NULL),
(15, 'BANK NISP', 28, NULL, NULL),
(16, 'AMERICAN EXPRESS BANK LTD', 30, NULL, NULL),
(17, 'CITIBANK N.A.', 31, NULL, NULL),
(18, 'JP. MORGAN CHASE BANK, N.A.', 32, NULL, NULL),
(19, 'BANK OF AMERICA, N.A', 33, NULL, NULL),
(20, 'ING INDONESIA BANK', 34, NULL, NULL),
(21, 'BANK MULTICOR TBK.', 36, NULL, NULL),
(22, 'BANK ARTHA GRAHA', 37, NULL, NULL),
(23, 'BANK CREDIT AGRICOLE INDOSUEZ', 39, NULL, NULL),
(24, 'THE BANGKOK BANK COMP. LTD', 40, NULL, NULL),
(25, 'THE HONGKONG & SHANGHAI B.C.', 41, NULL, NULL),
(26, 'THE BANK OF TOKYO MITSUBISHI UFJ LTD', 42, NULL, NULL),
(27, 'BANK SUMITOMO MITSUI INDONESIA', 45, NULL, NULL),
(28, 'BANK DBS INDONESIA', 46, NULL, NULL),
(29, 'BANK RESONA PERDANIA', 47, NULL, NULL),
(30, 'BANK MIZUHO INDONESIA', 48, NULL, NULL),
(31, 'STANDARD CHARTERED BANK', 50, NULL, NULL),
(32, 'BANK ABN AMRO', 52, NULL, NULL),
(33, 'BANK KEPPEL TATLEE BUANA', 53, NULL, NULL),
(34, 'BANK CAPITAL INDONESIA, TBK.', 54, NULL, NULL),
(35, 'BANK BNP PARIBAS INDONESIA', 57, NULL, NULL),
(36, 'BANK UOB INDONESIA', 58, NULL, NULL),
(37, 'KOREA EXCHANGE BANK DANAMON', 59, NULL, NULL),
(38, 'RABOBANK INTERNASIONAL INDONESIA', 60, NULL, NULL),
(39, 'ANZ PANIN BANK', 61, NULL, NULL),
(40, 'DEUTSCHE BANK AG.', 67, NULL, NULL),
(41, 'BANK WOORI INDONESIA', 68, NULL, NULL),
(42, 'BANK OF CHINA LIMITED', 69, NULL, NULL),
(43, 'BANK BUMI ARTA', 76, NULL, NULL),
(44, 'BANK EKONOMI', 87, NULL, NULL),
(45, 'BANK ANTARDAERAH', 88, NULL, NULL),
(46, 'BANK HAGA', 89, NULL, NULL),
(47, 'BANK IFI', 93, NULL, NULL),
(48, 'BANK CENTURY, TBK.', 95, NULL, NULL),
(49, 'BANK MAYAPADA', 97, NULL, NULL),
(50, 'BANK JABAR', 110, NULL, NULL),
(51, 'BANK DKI', 111, NULL, NULL),
(52, 'BPD DIY', 112, NULL, NULL),
(53, 'BANK JATENG', 113, NULL, NULL),
(54, 'BANK JATIM', 114, NULL, NULL),
(55, 'BPD JAMBI', 115, NULL, NULL),
(56, 'BPD ACEH', 116, NULL, NULL),
(57, 'BANK SUMUT', 117, NULL, NULL),
(58, 'BANK NAGARI', 118, NULL, NULL),
(59, 'BANK RIAU', 119, NULL, NULL),
(60, 'BANK SUMSEL', 120, NULL, NULL),
(61, 'BANK LAMPUNG', 121, NULL, NULL),
(62, 'BPD KALSEL', 122, NULL, NULL),
(63, 'BPD KALIMANTAN BARAT', 123, NULL, NULL),
(64, 'BPD KALTIM', 124, NULL, NULL),
(65, 'BPD KALTENG', 125, NULL, NULL),
(66, 'BPD SULSEL', 126, NULL, NULL),
(67, 'BANK SULUT', 127, NULL, NULL),
(68, 'BPD NTB', 128, NULL, NULL),
(69, 'BPD BALI', 129, NULL, NULL),
(70, 'BANK NTT', 130, NULL, NULL),
(71, 'BANK MALUKU', 131, NULL, NULL),
(72, 'BPD PAPUA', 132, NULL, NULL),
(73, 'BANK BENGKULU', 133, NULL, NULL),
(74, 'BPD SULAWESI TENGAH', 134, NULL, NULL),
(75, 'BANK SULTRA', 135, NULL, NULL),
(76, 'BANK NUSANTARA PARAHYANGAN', 145, NULL, NULL),
(77, 'BANK SWADESI', 146, NULL, NULL),
(78, 'BANK MUAMALAT', 147, NULL, NULL),
(79, 'BANK MESTIKA', 151, NULL, NULL),
(80, 'BANK METRO EXPRESS', 152, NULL, NULL),
(81, 'BANK SHINTA INDONESIA', 153, NULL, NULL),
(82, 'BANK MASPION', 157, NULL, NULL),
(83, 'BANK HAGAKITA', 159, NULL, NULL),
(84, 'BANK GANESHA', 161, NULL, NULL),
(85, 'BANK WINDU KENTJANA', 162, NULL, NULL),
(86, 'HALIM INDONESIA BANK', 164, NULL, NULL),
(87, 'BANK HARMONI INTERNATIONAL', 166, NULL, NULL),
(88, 'BANK KESAWAN', 167, NULL, NULL),
(89, 'BANK TABUNGAN NEGARA (PERSERO)', 200, NULL, NULL),
(90, 'BANK HIMPUNAN SAUDARA 1906, TBK .', 212, NULL, NULL),
(91, 'BANK TABUNGAN PENSIUNAN NASIONAL', 213, NULL, NULL),
(92, 'BANK SWAGUNA', 405, NULL, NULL),
(93, 'BANK JASA ARTA', 422, NULL, NULL),
(94, 'BANK MEGA', 426, NULL, NULL),
(95, 'BANK JASA JAKARTA', 427, NULL, NULL),
(96, 'BANK BUKOPIN', 441, NULL, NULL),
(97, 'BANK SYARIAH MANDIRI', 451, NULL, NULL),
(98, 'BANK BISNIS INTERNASIONAL', 459, NULL, NULL),
(99, 'BANK SRI PARTHA', 466, NULL, NULL),
(100, 'BANK JASA JAKARTA', 472, NULL, NULL),
(101, 'BANK BINTANG MANUNGGAL', 484, NULL, NULL),
(102, 'BANK BUMIPUTERA', 485, NULL, NULL),
(103, 'BANK YUDHA BHAKTI', 490, NULL, NULL),
(104, 'BANK MITRANIAGA', 491, NULL, NULL),
(105, 'BANK AGRO NIAGA', 494, NULL, NULL),
(106, 'BANK INDOMONEX', 498, NULL, NULL),
(107, 'BANK ROYAL INDONESIA', 501, NULL, NULL),
(108, 'BANK ALFINDO', 503, NULL, NULL),
(109, 'BANK SYARIAH MEGA', 506, NULL, NULL),
(110, 'BANK INA PERDANA', 513, NULL, NULL),
(111, 'BANK HARFA', 517, NULL, NULL),
(112, 'PRIMA MASTER BANK', 520, NULL, NULL),
(113, 'BANK PERSYARIKATAN INDONESIA', 521, NULL, NULL),
(114, 'BANK AKITA', 525, NULL, NULL),
(115, 'LIMAN INTERNATIONAL BANK', 526, NULL, NULL),
(116, 'ANGLOMAS INTERNASIONAL BANK', 531, NULL, NULL),
(117, 'BANK DIPO INTERNATIONAL', 523, NULL, NULL),
(118, 'BANK KESEJAHTERAAN EKONOMI', 535, NULL, NULL),
(119, 'BANK UIB', 536, NULL, NULL),
(120, 'BANK ARTOS IND', 542, NULL, NULL),
(121, 'BANK PURBA DANARTA', 547, NULL, NULL),
(122, 'BANK MULTI ARTA SENTOSA', 548, NULL, NULL),
(123, 'BANK MAYORA', 553, NULL, NULL),
(124, 'BANK INDEX SELINDO', 555, NULL, NULL),
(125, 'BANK VICTORIA INTERNATIONAL', 566, NULL, NULL),
(126, 'BANK EKSEKUTIF', 558, NULL, NULL),
(127, 'CENTRATAMA NASIONAL BANK', 559, NULL, NULL),
(128, 'BANK FAMA INTERNASIONAL', 562, NULL, NULL),
(129, 'BANK SINAR HARAPAN BALI', 564, NULL, NULL),
(130, 'BANK HARDA', 567, NULL, NULL),
(131, 'BANK FINCONESIA', 945, NULL, NULL),
(132, 'BANK MERINCORP', 946, NULL, NULL),
(133, 'BANK MAYBANK INDOCORP', 947, NULL, NULL),
(134, 'BANK OCBC  INDONESIA', 948, NULL, NULL),
(135, 'BANK CHINA TRUST INDONESIA', 949, NULL, NULL),
(136, 'BANK COMMONWEALTH', 950, NULL, NULL),
(137, 'BANK BJB SYARIAH', 425, NULL, NULL),
(138, 'BPR KS (KARYAJATNIKA SEDAYA)', 688, NULL, NULL),
(139, 'INDOSAT DOMPETKU', 789, NULL, NULL),
(140, 'TELKOMSEL TCASH', 911, NULL, NULL),
(141, 'LINKAJA', 911, NULL, NULL);

-- --------------------------------------------------------

--
-- Table structure for table `mdepartements`
--

CREATE TABLE `mdepartements` (
  `id` bigint(20) UNSIGNED NOT NULL,
  `nama` varchar(125) COLLATE utf8mb4_unicode_ci NOT NULL,
  `createdBy` varchar(125) COLLATE utf8mb4_unicode_ci DEFAULT NULL,
  `updatedBy` varchar(125) COLLATE utf8mb4_unicode_ci DEFAULT NULL,
  `created_at` timestamp NULL DEFAULT NULL,
  `updated_at` timestamp NULL DEFAULT NULL
) ENGINE=InnoDB DEFAULT CHARSET=utf8mb4 COLLATE=utf8mb4_unicode_ci;

--
-- Dumping data for table `mdepartements`
--

INSERT INTO `mdepartements` (`id`, `nama`, `createdBy`, `updatedBy`, `created_at`, `updated_at`) VALUES
(1, 'Office', 'admin', 'admin', '2022-01-29 16:03:57', '2022-01-29 16:03:57'),
(2, 'Produksi', 'admin', 'admin', '2022-01-29 16:03:57', '2022-01-29 16:03:57'),
(3, 'Departemen Baru', 'admin', 'admin', '2022-01-29 16:03:57', '2022-01-29 16:03:57'),
(7, 'Maintenance', 'bestar2022', 'bestar2022', '2022-05-21 13:12:18', '2022-05-21 13:12:18');

-- --------------------------------------------------------

--
-- Table structure for table `memployees`
--

CREATE TABLE `memployees` (
  `id` bigint(20) UNSIGNED NOT NULL,
  `nip` varchar(125) COLLATE utf8mb4_unicode_ci NOT NULL COMMENT 'Nomor Induk Pegawai',
  `rfid_number` varchar(125) COLLATE utf8mb4_unicode_ci NOT NULL,
  `fingerprint` varchar(125) COLLATE utf8mb4_unicode_ci DEFAULT NULL,
  `attendance_type` enum('1','2') COLLATE utf8mb4_unicode_ci NOT NULL,
  `user_DoorTime` int(11) NOT NULL DEFAULT '5',
  `nama` varchar(125) COLLATE utf8mb4_unicode_ci NOT NULL,
  `job_title` varchar(125) COLLATE utf8mb4_unicode_ci NOT NULL,
  `alamat` varchar(125) COLLATE utf8mb4_unicode_ci DEFAULT NULL,
  `noHandphone` varchar(125) COLLATE utf8mb4_unicode_ci DEFAULT NULL,
  `email` varchar(125) COLLATE utf8mb4_unicode_ci DEFAULT NULL,
  `profile_photo_path` varchar(128) COLLATE utf8mb4_unicode_ci DEFAULT 'default.jpg',
  `departement_id` bigint(20) UNSIGNED NOT NULL,
  `subdepartement_id` bigint(20) UNSIGNED NOT NULL,
  `golongan_id` bigint(20) UNSIGNED NOT NULL,
  `shiftcode_id` bigint(20) UNSIGNED NOT NULL,
  `payment_mode` enum('weekly','monthly') COLLATE utf8mb4_unicode_ci NOT NULL,
  `basic_salary` int(11) NOT NULL,
  `transfer_type` enum('1','2') COLLATE utf8mb4_unicode_ci NOT NULL COMMENT 'Kalo 1 maka tanpa bank kalo 2 pake bank',
  `bank_name` varchar(125) COLLATE utf8mb4_unicode_ci DEFAULT NULL COMMENT 'nama pemilik rekening',
  `bank_account` varchar(125) COLLATE utf8mb4_unicode_ci DEFAULT NULL COMMENT 'nama Bank',
  `credited_accont` varchar(125) COLLATE utf8mb4_unicode_ci DEFAULT NULL COMMENT 'nomer rekening',
  `pph_type` enum('pemerintah','perusahaan') COLLATE utf8mb4_unicode_ci DEFAULT NULL,
  `pph_pemerintahan` varchar(125) COLLATE utf8mb4_unicode_ci DEFAULT NULL COMMENT 'pajak pemerintah',
  `pph_perusahaan` varchar(125) COLLATE utf8mb4_unicode_ci DEFAULT NULL COMMENT 'pajak perusahaan',
  `intmonitoring` tinyint(4) DEFAULT '0',
  `createdBy` varchar(125) COLLATE utf8mb4_unicode_ci DEFAULT NULL,
  `updatedBy` varchar(125) COLLATE utf8mb4_unicode_ci DEFAULT NULL,
  `created_at` timestamp NULL DEFAULT NULL,
  `updated_at` timestamp NULL DEFAULT NULL
) ENGINE=InnoDB DEFAULT CHARSET=utf8mb4 COLLATE=utf8mb4_unicode_ci;

--
-- Dumping data for table `memployees`
--

INSERT INTO `memployees` (`id`, `nip`, `rfid_number`, `fingerprint`, `attendance_type`, `user_DoorTime`, `nama`, `job_title`, `alamat`, `noHandphone`, `email`, `profile_photo_path`, `departement_id`, `subdepartement_id`, `golongan_id`, `shiftcode_id`, `payment_mode`, `basic_salary`, `transfer_type`, `bank_name`, `bank_account`, `credited_accont`, `pph_type`, `pph_pemerintahan`, `pph_perusahaan`, `intmonitoring`, `createdBy`, `updatedBy`, `created_at`, `updated_at`) VALUES
(4, '1407929', '4B21A', NULL, '1', 5, 'Tyto M', 'Staf', 'Testing', NULL, NULL, 'default.jpg', 1, 2, 1, 4, 'weekly', 3000000, '2', NULL, NULL, NULL, NULL, NULL, NULL, 1, 'CSP', 'CSP', '2022-01-10 15:23:24', '2022-08-09 07:17:38'),
(6, '007', '73E52115', NULL, '1', 5, 'Hadiyanto', 'ND', 'BSD', '081111111', 'hadiyanto@csp.co.id', 'default.jpg', 1, 2, 1, 3, 'monthly', 0, '2', NULL, NULL, NULL, NULL, NULL, NULL, 0, 'hadiyantoxia', 'hadiyantoxia', '2022-01-11 11:48:01', '2022-01-11 11:48:01'),
(7, '61dd2fdfe08e3', '83861e15', NULL, '2', 5, 'Darto', 'Teknisi', '', '089668310952', '', 'default.jpg', 2, 1, 1, 3, 'monthly', 0, '2', NULL, NULL, NULL, NULL, NULL, NULL, 0, 'bestar2022', 'bestar2022', '2022-01-11 14:21:03', '2022-05-20 14:26:42'),
(10, '61dd30393dab8', 'F364C15', NULL, '2', 5, 'Saedi', 'Teknisi', 'csp', '081222', 'saedi@csp.com', 'default.jpg', 2, 1, 1, 3, 'monthly', 0, '2', NULL, NULL, NULL, NULL, NULL, NULL, 0, 'hadiyantoxia', 'hadiyantoxia', '2022-01-11 14:22:33', '2022-01-11 15:49:13'),
(11, '61dd30393nhk12', '338ac014', NULL, '2', 5, 'Djony Usman', 'ND', 'csp, ciseeng', '081122', 'djony@yahoo.com', 'default.jpg', 1, 1, 1, 3, 'monthly', 0, '2', NULL, NULL, NULL, NULL, NULL, NULL, 0, 'hadiyantoxia', 'hadiyantoxia', '2022-01-14 16:20:44', '2022-01-14 16:20:44'),
(28, '459', 'E3A61D15', NULL, '2', 5, 'Angeliana Savira Naibaho', 'Admin', 'Kp. Rawa Parigi Mekar RT 001 RW 004 Kecamatan Ciseeng Kabupaten Bogor', '085883800483', 'angelianasvr026@gmail.com', 'default.jpg', 1, 2, 1, 3, 'weekly', 0, '1', 'Angeliana Savira Naibaho', '8', '7005361214', NULL, NULL, NULL, 0, 'bestar2022', 'bestar2022', '2022-05-21 14:54:59', '2022-05-21 14:54:59'),
(29, '52', '28A39E5F', NULL, '2', 5, 'Suhendri', 'Leader', 'Kp. Iwul RT 02 RW 03 Desa Bojong Sempu Kecamatan Parung Kabupaten Bogor', '085718586409', 'suhendricendol@gmail.com', 'default.jpg', 2, 22, 1, 4, 'weekly', 0, '1', 'Suhendri', '8', '0954358506', NULL, NULL, NULL, 0, 'bestar2022', 'bestar2022', '2022-05-23 15:49:13', '2022-07-07 15:59:12'),
(30, '402', 'C3A2A15', NULL, '2', 5, 'Deni Alamsyah', 'Workshop', NULL, '0895372051451', 'deniialamsyah03@gmail.com', 'default.jpg', 7, 23, 1, 3, 'weekly', 100000, '1', NULL, NULL, NULL, NULL, NULL, NULL, 1, 'bestar2022', 'bestar2022', '2022-05-23 15:54:38', '2023-04-16 00:52:42'),
(31, '35', '13DCB914', NULL, '2', 5, 'Hendra Kurniawan', 'Gudang', 'Kp. Baru RT 02 RW 02 Desa Parigi Mekar Kecamatan Ciseeng Kabupaten Bogor', '083875245356', 'hendracsp1234@gmail.com', 'default.jpg', 2, 14, 1, 3, 'weekly', 0, '1', 'Hendra Kurniawan', '8', '0954358255', NULL, NULL, NULL, 0, 'bestar2022', 'bestar2022', '2022-05-23 16:01:18', '2022-05-23 16:01:18'),
(32, '367', '28A9515F', NULL, '2', 5, 'Nanda Herlanda', 'Leader', 'Kp. Cibogo RT 02 RW 05 Desa Cibentang Kecamatan Ciseeng Kabupaten Bogor', '089517446428', 'nandaherlanda10@gmail.com', 'default.jpg', 2, 22, 1, 3, 'weekly', 0, '1', 'Nanda Herlanda', '8', '0954357950', NULL, NULL, NULL, 0, 'bestar2022', 'bestar2022', '2022-05-23 16:05:15', '2022-05-28 09:50:18'),
(33, '01', '3AE0763C', NULL, '2', 5, 'Agus Kurniawan', '-', 'Taman Cimanggu Jalan Johar 3 RT 2 RW 4 Kota Bogor', '081283499080', 'kagus7547@gmail.com', 'default.jpg', 1, 2, 1, 3, 'weekly', 0, '1', 'Agus Kurniawan', '8', '0954357046', NULL, NULL, NULL, 0, 'bestar2022', 'bestar2022', '2022-05-23 16:09:41', '2022-06-03 15:31:04'),
(34, '196', '65414615', NULL, '2', 5, 'Niken Larasati', 'Admin', 'Bojong Sempu ', '0895414805667', 'nikenlarasti@gmail.com', 'default.jpg', 1, 2, 1, 3, 'weekly', 0, '1', 'Niken Larasati', '8', '0954357071', NULL, NULL, NULL, 0, 'bestar2022', 'bestar2022', '2022-05-23 16:17:35', '2022-05-23 16:17:35'),
(35, '18', '9BE58152', NULL, '2', 5, 'Ogi', 'Leader', 'Jalan Dahlia Ujung RT 03 RW 04 Kecamatan Tanah Sereal Kota Bogor', '0895396537886', 'oghiiputra12@gmail.com', 'default.jpg', 2, 22, 1, 4, 'weekly', 0, '1', 'Ogi', '8', '0954357887', NULL, NULL, NULL, 0, 'bestar2022', 'bestar2022', '2022-05-23 16:21:41', '2022-07-07 16:02:12'),
(36, '33', '18C4605F', NULL, '2', 5, 'Tino Budi Wibowo', 'Packing', 'Kp. Perigi RT 4 RW 4 Desa Parigi Mekar Kecamatan Ciseeng Kabupaten Bogor', '085717131713', 'tinobudiwibowo06@gmail.com', 'default.jpg', 2, 15, 1, 3, 'weekly', 0, '1', 'Tino Budi Wibowo', '8', '0954357925', NULL, NULL, NULL, 0, 'bestar2022', 'bestar2022', '2022-05-23 16:24:36', '2022-05-28 14:06:37'),
(37, '05', '2816855F', NULL, '2', 5, 'Nana Supriatna', 'Packing', 'Kp. Cigorowong RT 001 RW 001 Desa Tlajung Udik Kecamatan Gunung Putri Kabupaten Bogor', '082119077255', 'nanasupriatnaaaaa18@gmail.com', 'default.jpg', 2, 15, 1, 3, 'monthly', 0, '1', 'Nana Supriatna', '8', '5810180970', NULL, NULL, NULL, 0, 'bestar2022', 'bestar2022', '2022-05-23 16:28:27', '2022-05-28 14:05:07'),
(38, '04', '4A26A3C', NULL, '2', 5, 'Rohmat Hidayat', 'Gudang', 'Duren Mekar RT 1 RW 06 Bojong Sari Depok', '083811673047', 'Rohmathidayat751@gmail.com', 'default.jpg', 2, 14, 1, 3, 'weekly', 0, '1', 'Rohmat Hidayat', '8', '7005266505', NULL, NULL, NULL, 0, 'bestar2022', 'bestar2022', '2022-05-23 16:34:39', '2022-05-28 15:34:34'),
(39, '395', '25BDD2C', NULL, '2', 5, 'Mad Tobi\'i', 'Leader', 'Kp. Gardu Desa Putat Nutug RT 003 RW 006 Kecamatan Ciseeng Kabupaten Bogor', '08551281276', 'igayvansabro24@gmail.com', 'default.jpg', 2, 22, 1, 3, 'weekly', 500000, '1', 'Mad Tobi\'i', '8', '0954357721', NULL, NULL, NULL, 0, 'bestar2022', 'bestar2022', '2022-05-23 16:50:04', '2022-06-03 13:50:28'),
(40, '490', 'A5242B2E', NULL, '2', 5, 'Nazla Syafaa Mega Kamila Paty', 'Admin', 'Kp. Kemuning 2 RT 2 RW 4 Kedung Waringin Bojong Gede', '089513561302', 'nazlasayafa00@gmail.com', 'default.jpg', 1, 2, 1, 3, 'weekly', 300000, '1', 'Nazla Syafaa Mega Kamila Paty', '8', '7005747295', NULL, NULL, NULL, 0, 'bestar2022', 'bestar2022', '2022-05-27 09:10:50', '2022-05-27 09:10:50'),
(41, '461', '95F9702E', NULL, '2', 5, 'Darto', 'Produksi', 'Kemuning Permai Blok C17/24 RT 004 RW 007 Desa Jeungjing Kecamatan Cisoka Kabupaten Tangerang', '089668310952', 'sudartodarto1571@gmail.com', 'default.jpg', 2, 22, 1, 3, 'monthly', 500000, '1', 'Darto', '1', '082801037428538', NULL, NULL, NULL, 0, 'bestar2022', 'bestar2022', '2022-05-27 09:21:41', '2022-05-27 09:28:26'),
(42, '294', '958ED02E', NULL, '2', 5, 'Mahwan', 'Mekanik', 'Benda Kaum RT 003 RW 004 Desa Kedungwaringin Kecamatan Tanah Sereal Kota Bogor', '0895372051689', 'wcabe31@gmail.com', 'default.jpg', 7, 20, 1, 3, 'weekly', 0, '1', 'Mahwan', '8', '0954360365', NULL, NULL, NULL, 0, 'bestar2022', 'bestar2022', '2022-05-27 09:27:30', '2022-05-27 09:27:30'),
(43, '24', 'A566D2E', NULL, '2', 5, 'Nasrulah ', 'Mekanik', 'Kp. Baru RT 02 RW 02 Desa Parigi Mekar Kecamatan Ciseeng Kabupaten Bogor', '088292156267', 'candriani804@gmail.com', 'default.jpg', 7, 18, 1, 3, 'weekly', 0, '1', 'Narulah', '8', '0954357895', NULL, NULL, NULL, 0, 'bestar2022', 'bestar2022', '2022-05-27 09:36:29', '2022-05-27 09:36:29'),
(44, '318', '9519B12E', NULL, '2', 5, 'M. Rahadi Ramlan', 'Mekanik', 'Kp. Kemang RT 1 RW 2 Kecamatan Kemang Kabupaten Bogor', '089611422391', 'rahadiramlan272@gmail.com', 'default.jpg', 7, 18, 1, 3, 'weekly', 0, '1', 'M. Rahadi Ramlan', '8', '0954368552', NULL, NULL, NULL, 0, 'bestar2022', 'bestar2022', '2022-05-27 09:46:31', '2022-06-03 15:29:10'),
(45, '295', '956E1D2E', NULL, '2', 5, 'Erwiansyah', 'Mekanik Mesin', 'Kp. Kemang Kiara RT 3 RW 4 Desa Kemang Kecamatan Kemang Kabupaten Bogor', '085773421303', 'awingjr0896@gmail.com', 'default.jpg', 2, 22, 2, 3, 'weekly', 0, '1', 'Erwiansyah', '8', '0954357305', NULL, NULL, NULL, 0, 'bestar2022', 'bestar2022', '2022-05-27 09:54:16', '2022-05-27 09:54:16'),
(46, '372', '95EAEA2E', NULL, '2', 5, 'Miftahusalamun Mahmud', 'Material', 'Kp. Sawah Bojong RT 1 RW 06 Kecamatan Kemang Kabupaten Bogor', '085692121114', 'mitasalam36@gmail.com', 'default.jpg', 2, 14, 1, 3, 'weekly', 0, '1', 'Miftahusalamun Mahmud', '8', '0954360276', NULL, NULL, NULL, 0, 'bestar2022', 'bestar2022', '2022-05-27 10:01:28', '2022-05-27 10:01:28'),
(48, '16', '95E9642E', NULL, '2', 5, 'Muhamad Guntur', 'Packing', 'Kp. Rawa Perigi Mekar RT 01 RW 04 Kecamatan Ciseeng Kabupaten Bogor', '085775003156', 'mguntur@gmail.com', 'default.jpg', 2, 15, 1, 3, 'weekly', 0, '1', 'Muhamad Guntur', '8', '0954357852', NULL, NULL, NULL, 0, 'bestar2022', 'bestar2022', '2022-05-27 10:15:31', '2022-05-27 10:15:31'),
(49, '34', '9569152E', NULL, '2', 5, 'Pebri Setiadi', 'Packing', 'Desa Perigi Mekar RT 01 RW 03 Kecamatn Ciseeng Kabupaten Bogor', '081315494887', 'zhafebry66@gmail.com', 'default.jpg', 2, 15, 1, 3, 'weekly', 0, '1', 'Pebri Setiadi', '8', '0954357534', NULL, NULL, NULL, 0, 'bestar2022', 'bestar2022', '2022-05-27 10:20:57', '2022-05-27 10:20:57'),
(50, '347', '898F3E37', NULL, '2', 5, 'Rizky', 'Packing', 'Kp. Cimeong Kaler RT 01 RW 02 Desa Cibeteung Muara Kecamatan Ciseeng Kabupaten Bogor', '087709372834', 'rizky@gmail.com', 'default.jpg', 2, 15, 1, 3, 'weekly', 0, '1', 'Rizky', '8', '0954368480', NULL, NULL, NULL, 0, 'bestar2022', 'bestar2022', '2022-05-27 10:26:54', '2022-07-04 07:51:47'),
(51, '186', '95F5C22E', NULL, '2', 5, 'Arif', 'Operator', 'Kp. Keramat RT 03 RW 04 Desa Pabuaran Kecamatan Kemang Kabupaten Bogor', '089627271342', 'bocindtuul@gmail.com', 'default.jpg', 2, 25, 1, 3, 'weekly', 0, '1', 'Arif', '8', '0954368536', NULL, NULL, NULL, 0, 'bestar2022', 'bestar2022', '2022-05-27 10:35:10', '2022-05-27 10:35:10'),
(52, '264', '324AE138', NULL, '2', 5, 'Ardiyansyah', 'Operator', 'Kp. Tapos RT 004 RW 006 Desa Cibinong Kecamatan Gunung Sindur Kabupaten Bogor', '081514092470', NULL, 'default.jpg', 2, 25, 1, 3, 'weekly', 0, '1', 'Ardiyansyah', '8', '7005552206', NULL, NULL, NULL, 0, 'bestar2022', 'bestar2022', '2022-05-27 12:58:52', '2022-05-28 10:27:47'),
(54, '284', 'A595EB2E', NULL, '2', 5, 'Dani Nurmandani', 'Gudang', 'Dusun Paledang RT 1 RW 1 Desa Paledang Kecamatan Padaherang Kabupaten Pangandaran', '082321005239', 'daninurmandani@gmail.com', 'default.jpg', 2, 14, 1, 3, 'weekly', 0, '1', 'Dani Nurmandani', '8', '0954357984', NULL, NULL, NULL, 0, 'bestar2022', 'bestar2022', '2022-05-27 13:02:07', '2022-05-28 13:53:21'),
(55, '335', '2253E438', NULL, '2', 5, 'Saepudin', 'Operator', 'Kp. Cibangkong Desa Cibeteung Muara Kecamatan Ciseeng Kabupaten Bogor', '083811473239', 'egoysaputra32@gmail.com', 'default.jpg', 2, 25, 1, 3, 'weekly', 0, '1', 'Saepudin', '8', '0954401142', NULL, NULL, NULL, 0, 'bestar2022', 'bestar2022', '2022-05-27 13:03:09', '2022-05-28 13:56:15'),
(56, '337', '95126A2E', NULL, '2', 5, 'Hade Wibowo', 'Gudang', 'Kp. Iwul RT 01 RW 03 Desa Bojong Sempu Kecamatan Parung Kabupaten Bogor', '0871259517', 'hadiewibowo@gmail.com', 'default.jpg', 2, 14, 1, 3, 'weekly', 0, '1', 'Hade Wibowo', '8', '0954360390', NULL, NULL, NULL, 0, 'bestar2022', 'bestar2022', '2022-05-27 13:04:09', '2022-05-28 14:19:36'),
(57, '386', '3AABD03C', NULL, '2', 5, 'Yudira', 'Leader', 'Kp. Setu RT 05 RW 01 Desa Parigi Mekar Kecamatan Ciseeng Kabupaten Bogor', '089613341438', 'diraoppo89@gmail.com', 'default.jpg', 2, 22, 1, 3, 'weekly', 0, '1', 'Yudira', '8', '0954357496', NULL, NULL, NULL, 0, 'bestar2022', 'bestar2022', '2022-05-27 13:07:48', '2022-07-04 07:54:27'),
(58, '396', '158B812C', NULL, '2', 5, 'Zaenal Abidin', 'Packing', 'Kp. Dusun Kosteng RT 2 RW 3 Desa Sukatani Kecamatan Cilamaya Wetang Kabupaten Karawang', '083876544350', 'zenal5703@gmail.com', 'default.jpg', 2, 15, 1, 3, 'weekly', 0, '1', 'Zaenal Abidin', '8', '0954377110', NULL, NULL, NULL, 0, 'bestar2022', 'bestar2022', '2022-05-27 13:08:51', '2022-05-28 09:44:48'),
(60, '405', '89127837', NULL, '2', 5, 'Nurjaya', 'Utility', 'Kp. Tengah RT 001 RW 006 Desa Putat Nutug Kecamatan Ciseeng Kabupaten Bogor', '081514116422', 'np307412@gmail.com', 'default.jpg', 7, 17, 1, 3, 'weekly', 0, '1', 'Nurjaya', '8', '0954361931', NULL, NULL, NULL, 0, 'bestar2022', 'bestar2022', '2022-05-27 13:13:08', '2022-05-28 16:33:09'),
(61, '409', '25B43C2C', NULL, '2', 5, 'Andiya', 'Packing', 'Kp. Gardu RT 03 RW 06 Desa Putat Nutug Kecamatan Ciseeng Kabupaten Bogor', '085711663370', 'andiyaprtmaa@gmail.com', 'default.jpg', 2, 15, 1, 3, 'weekly', 0, '1', 'Andiya', '8', '7005570174', NULL, NULL, NULL, 0, 'bestar2022', 'bestar2022', '2022-05-27 13:14:31', '2022-05-28 10:06:56'),
(62, '414', '4A27AA37', NULL, '2', 5, 'M. Irpan (2)', 'Packing', NULL, NULL, NULL, 'default.jpg', 2, 15, 1, 4, 'weekly', 0, '2', NULL, NULL, NULL, NULL, NULL, NULL, 0, 'bestar2022', 'bestar2022', '2022-05-27 13:15:51', '2022-06-30 15:00:40'),
(63, '435', '99147037', NULL, '2', 5, 'Rohim Hasanudin', 'Packing', 'Kp. Cimeong RT 2 RW 2 Desa Cibeteung Muara Kecamatan Ciseeng Kabupaten Bogor', '088293735822', 'rohimhasanudin@gmail.com', 'default.jpg', 2, 15, 1, 3, 'weekly', 0, '1', 'Rohim Hasanudin', '8', '0954369567', NULL, NULL, NULL, 0, 'bestar2022', 'bestar2022', '2022-05-27 13:17:01', '2022-05-28 14:23:02'),
(64, '452', '893EA337', NULL, '2', 5, 'Cecep Mulyadi', 'Operator', 'Kp. Nambo Desa Jampang ', '088291513955', 'otoyp910@gmail.com', 'default.jpg', 2, 25, 1, 3, 'weekly', 0, '1', 'Cecep Mulyadi', '8', '0954368609', NULL, NULL, NULL, 0, 'bestar2022', 'bestar2022', '2022-05-27 13:19:18', '2022-05-28 15:22:49'),
(65, '458', '3A7BFC3C', NULL, '2', 5, 'Ibrohim', 'Leader', 'Kp. Cibogo Perigi RT 4 RW 4 Desa Ciseeng Kecamatan Ciseeng Kabupaten Bogor', '082112921729', 'baimbonjovi1933@gmail.com', 'default.jpg', 2, 22, 1, 3, 'weekly', 0, '1', 'Ibrohim', '8', '7005576989', NULL, NULL, NULL, 0, 'bestar2022', 'bestar2022', '2022-05-27 13:20:25', '2022-05-28 15:26:07'),
(68, '473', '3AB8713C', NULL, '2', 5, 'Febrian P Pratama ', 'Operator', 'Gang Assa\'adah RT 12 RW 04 Desa Bojong Indah Kecamatan Ciseeng Kabupaten Bogor', '089656207899', 'iyanpandu@gmail.com', 'default.jpg', 2, 25, 1, 3, 'weekly', 0, '1', 'Febrian P Pratama', '8', '7005702054', NULL, NULL, NULL, 0, 'bestar2022', 'bestar2022', '2022-05-27 13:24:31', '2022-05-28 14:53:48'),
(69, '492', '25D3A62C', NULL, '2', 5, 'Sarmilah', 'Operator', 'Kp. Gunung RT 3 RW 5 Desa Cihowe Kecamatan Ciseeng Kabupaten Bogor', '083811848757', 'sarmilahmila14@gmail.com', 'default.jpg', 2, 25, 1, 3, 'weekly', 0, '1', 'Sarmilah', '8', '7005735441', NULL, NULL, NULL, 0, 'bestar2022', 'bestar2022', '2022-05-27 13:25:47', '2022-07-15 15:06:01'),
(70, '493', '25AB82C', NULL, '2', 5, 'Siska Amelia', 'Operator', 'Jalan Ciseeng Gunung Kapur RT 3 RW 5 Desa Cihowe Kecamatan Ciseeng Kabupaten Bogor', '08551253569', NULL, 'default.jpg', 2, 25, 1, 3, 'weekly', 0, '1', 'Siska Amelia', '8', '7005735955', NULL, NULL, NULL, 0, 'bestar2022', 'bestar2022', '2022-05-27 13:26:35', '2022-07-15 15:05:51'),
(71, '355', '3A2FDC3C', NULL, '2', 5, 'Samsi', 'Cleaning Service', 'Kp. Babakan RT 5 RW 2 Desa Babakan Kecamatan Ciseeng Kabupaten Bogor', '0895404580080', NULL, 'default.jpg', 2, 26, 1, 3, 'weekly', 0, '1', 'Samsi', '8', '0954357429', NULL, NULL, NULL, 0, 'bestar2022', 'bestar2022', '2022-05-27 13:29:24', '2022-06-04 15:51:07'),
(72, '398', '3A295F3C', NULL, '2', 5, 'M. Rohman', 'Cleaning Service', 'Jl. H. Awaludin II NO. 20 RT 011 RW 017 Desa Kebon Melati Kecamatan Tanah Abang Jakarta Pusat', '083893769725', 'rohmanmuhammad9376@gmail.com', 'default.jpg', 2, 26, 1, 3, 'weekly', 0, '1', 'Muhammad Rohman', '8', '0954357607', NULL, NULL, NULL, 0, 'bestar2022', 'bestar2022', '2022-05-27 13:30:59', '2022-05-28 09:25:15'),
(73, '46', '15CDD42C', NULL, '2', 5, 'Saprudin', 'Leader', 'Kp. Cibogo RT 01 RW 05 Desa Cibentang Kecamatan Ciseeng Kabupaten Bogor', '089665721874', 'saffrudin25@gmail.com', 'default.jpg', 2, 22, 1, 4, 'weekly', 0, '1', 'Saprudin', '8', '0954358093', NULL, NULL, NULL, 0, 'bestar2022', 'bestar2022', '2022-05-27 13:34:52', '2022-07-07 15:59:35'),
(74, '32', '3AA25E3C', NULL, '2', 5, 'Indra Lesmana', 'Utility', 'Kp. Sawah Murti RT 5 RW 2 Desa Bojong Sempu Kecamatan Parung Kabupaten Bogor', '089687245382', 'indrabhendotz29@gmail.com', 'default.jpg', 2, 21, 1, 3, 'weekly', 0, '1', 'Indra Lesmana', '8', '0954357861', NULL, NULL, NULL, 0, 'bestar2022', 'bestar2022', '2022-05-27 13:38:13', '2022-06-03 15:04:10'),
(75, '206', '4A5EA53C', NULL, '2', 5, 'Muhamad Sukma', 'Operator', 'Kp. Parakan Salah RT 003 RW 001 Desa Parakan Jaya Kecamatan Kemang Kabupaten Bogor', '0895385068948', 'msukma921@gmail.com', 'default.jpg', 2, 25, 1, 3, 'weekly', 0, '1', 'Muhamad Sukma', '8', '0954357976', NULL, NULL, NULL, 0, 'bestar2022', 'bestar2022', '2022-05-27 13:40:11', '2022-06-03 15:10:26'),
(76, '12', '3A85203C', NULL, '2', 5, 'Burhanudin', 'Packing', 'Kp. Cihowe RT 03 RW 04 Desa Cihowe Kecamatan Ciseeng Kabupaten Bogor', '085772952341', NULL, 'default.jpg', 2, 15, 1, 4, 'weekly', 0, '1', 'Burhanudin', '8', '0954357291', NULL, NULL, NULL, 0, 'bestar2022', 'bestar2022', '2022-05-27 13:42:20', '2022-07-07 15:54:13'),
(77, '29', '25AB122C', NULL, '2', 5, 'Wahyudin', 'Packing', 'Kp. Baru RT 2 RW 2 Desa Parigi Mekar Kecamatan Ciseeng Kabupaten Bogor', '081380556069', 'wp569465@gmail.com', 'default.jpg', 2, 15, 1, 4, 'weekly', 0, '1', 'Wahyudin', '8', '0954357313', NULL, NULL, NULL, 0, 'bestar2022', 'bestar2022', '2022-05-27 13:44:40', '2022-07-07 15:54:31'),
(78, '394', 'ABB0B052', NULL, '2', 5, 'Sandi Hermawan', 'Gudang', 'Kp. Kemang RT 5 RW Desa Kemang Kecamatan Kemang Kabupaten Bogor', '0895320636465', 'sandihermawan852@gmail.com', 'default.jpg', 2, 14, 1, 3, 'weekly', 0, '1', 'Sandi Hermawan', '8', '0954360349', NULL, NULL, NULL, 0, 'bestar2022', 'bestar2022', '2022-05-28 09:36:27', '2022-05-28 09:36:27'),
(79, '25', 'AB40A352', NULL, '2', 5, 'Suryadi Abdulloh', 'Leader', 'Kp. Setu Alhusna RT 05 RW 01 Desa Parigi Mekar Kecamatan Ciseeng Kabupaten Bogor', '085899074088', 'yadifals770@gmail.com', 'default.jpg', 2, 22, 1, 3, 'weekly', 0, '1', 'Suryadi Abdulloh', '8', '0954357208', NULL, NULL, NULL, 0, 'bestar2022', 'bestar2022', '2022-05-28 09:56:51', '2022-05-28 09:56:51'),
(80, '31', '135E2315', NULL, '2', 5, 'Agus Supriatna', 'Gudang', 'Kp. Setu Alhusna RT 003 RW 001 Desa Parigi Mekar Kecamatan Ciseeng Kabupaten Bogor', '0895622348188', 'agussupriatna492@gmail.com', 'default.jpg', 2, 14, 1, 3, 'weekly', 0, '1', 'Agus Supriatna', '8', '0954357712', NULL, NULL, NULL, 0, 'bestar2022', 'bestar2022', '2022-05-28 10:38:34', '2022-05-28 10:38:34'),
(81, '37', 'C3761915', NULL, '2', 5, 'Yogi Pratama', 'Gudang', 'Kp. Iwul RW 2 RW 3 Desa Bojong Sempu Kecamatan Parung Kabupaten Bogor', '083873115670', 'yogip68051@gmail.com', 'default.jpg', 2, 14, 1, 3, 'weekly', 0, '1', 'Yogi Pratama ', '8', '7005307082', NULL, NULL, NULL, 0, 'bestar2022', 'bestar2022', '2022-05-28 10:41:28', '2022-05-28 10:41:28'),
(82, '495', '12E48E38', NULL, '1', 5, 'Siska Indriawati', 'Operator', 'Kp. Gunung Kapur RT 03 RW 05 Desa Cihowe Kecamatan Ciseeng Kabupaten Bogor', '085882790869', 'siskaindria30@gmail.com', 'default.jpg', 2, 25, 1, 3, 'weekly', 0, '1', 'Siska Indriawati', '8', '7005756766', NULL, NULL, NULL, 0, 'bestar2022', 'bestar2022', '2022-05-28 14:21:23', '2022-07-15 15:05:40'),
(83, '440', '22B51238', NULL, '2', 5, 'Erik Eko Saputro', 'Packing', 'Dusun Donorejo RT 3 RW 6 Desa Tapan Kecamatan Kedungwaru Kabupaten Tulungagung ', '085834337625', 'erikeko181@gmail.com', 'default.jpg', 2, 15, 1, 3, 'weekly', 0, '1', 'Erik Eko Saputro', '8', '0954368498', NULL, NULL, NULL, 0, 'bestar2022', 'bestar2022', '2022-05-28 15:50:51', '2022-05-30 16:31:24'),
(84, '446', '12E8C738', NULL, '2', 5, 'Gatot Dwi Wahyudi', 'Security', NULL, NULL, NULL, 'default.jpg', 2, 13, 1, 3, 'weekly', 0, '1', 'Gatot Dwi Wahyudi', '8', '8720805333', NULL, NULL, NULL, 0, 'bestar2022', 'bestar2022', '2022-05-28 15:52:31', '2022-05-28 15:52:31'),
(85, '448', '952F482E', NULL, '2', 5, 'Muktiawan Pribadi', 'Security', NULL, NULL, NULL, 'default.jpg', 2, 13, 1, 3, 'weekly', 0, '1', 'Muktiawan Pribadi', '8', '0954359235', NULL, NULL, NULL, 0, 'bestar2022', 'bestar2022', '2022-05-28 15:54:02', '2022-05-28 15:54:02'),
(86, '457', '22AA6838', NULL, '2', 5, 'Rahmat Aldiansyah', 'Operator', NULL, NULL, NULL, 'default.jpg', 2, 25, 1, 3, 'weekly', 0, '1', 'Rahmat Aldiansyah', '8', '8720764581', NULL, NULL, NULL, 0, 'bestar2022', 'bestar2022', '2022-05-28 15:55:27', '2022-05-28 15:55:27'),
(87, '469', '2278D138', NULL, '2', 5, 'Indriansyah', 'Operator', 'Kp. Iwul RT 01 RW 03 Desa Bojong Sempu Kecamatan Parung Kabupaten Bogor', '081283900184', 'indriansyah1809@gmail.com', 'default.jpg', 2, 25, 1, 3, 'weekly', 0, '1', 'Indriansyah', '8', '7005664926', NULL, NULL, NULL, 0, 'bestar2022', 'bestar2022', '2022-05-28 15:56:56', '2022-06-03 15:13:31'),
(88, '475', '95F3192E', NULL, '2', 5, 'Darul Komar', 'Utility', 'Kp. Putat Nutug RT 003/002 Desa Putat Nutug Kecamatan Ciseeng Kabupaten Bogor', '089639299522', NULL, 'default.jpg', 7, 17, 1, 3, 'weekly', 0, '1', 'Darul Komar', '8', '7005704804', NULL, NULL, NULL, 0, 'bestar2022', 'bestar2022', '2022-05-28 15:58:16', '2022-06-03 14:40:07'),
(89, '482', '95E7C2E', NULL, '2', 5, 'Muhammad Rafli', 'Operator', NULL, NULL, NULL, 'default.jpg', 2, 25, 1, 3, 'weekly', 0, '1', 'Muhammad Rafli', '8', '7005729548', NULL, NULL, NULL, 0, 'bestar2022', 'bestar2022', '2022-05-28 16:01:44', '2022-05-28 16:01:44'),
(90, '02', '73CE915', NULL, '2', 5, 'Nandar Suhendar', 'Mekanik ', 'Kp. Cijujung Tengah RT 001 RW 004 Desa Cijujung Kecamatan Sukaraja Kabupaten Bogor', '085710283989', 'ndaynandarsuhendar@gmail.com', 'default.jpg', 7, 20, 1, 3, 'weekly', 0, '1', 'Nandar Suhendar', '8', '0954368501', NULL, NULL, NULL, 0, 'bestar2022', 'bestar2022', '2022-05-28 16:06:33', '2022-06-04 13:11:38'),
(91, '64', '959202E', NULL, '2', 5, 'Muhammad Pujiansyah', 'Packing', 'Kp. Rawa Perigi Mekar RT 01 RW 04 Desa Parigi Mekar Kecamatan Ciseeng Kabupaten Bogor', '081413241335', 'muhammadpujiansyah@gmail.com', 'default.jpg', 2, 15, 1, 3, 'weekly', 0, '1', 'Muhammad Pujiansyah', '8', '8720815339', NULL, NULL, NULL, 0, 'bestar2022', 'bestar2022', '2022-05-28 16:11:35', '2022-07-15 15:05:29'),
(93, '160', 'A522642E', NULL, '2', 5, 'Asep Suhendar', 'Operator', 'Kp. Cibeteung Muara RT 03 RW 04 Desa  Cibeteung Muara Kecamatan Ciseeng Kabupaten Bogor', '083876158653', 'asepsuhendar@gmail.com', 'default.jpg', 2, 25, 1, 3, 'weekly', 0, '1', 'Asep Suhendar', '8', '0954412225', NULL, NULL, NULL, 1, 'CSP', 'CSP', '2022-05-28 16:14:41', '2022-08-13 07:25:31'),
(94, '177', '85FDC72E', NULL, '2', 5, 'Faturohman', 'Operator', 'Jalan Parigi mekar Desa Parigi Mekar Kecamatan Ciseeng Kabupaten Bogor', '08577859956', NULL, 'default.jpg', 2, 25, 1, 3, 'weekly', 0, '1', 'Faturohman', '8', '0954357551', NULL, NULL, NULL, 0, 'bestar2022', 'bestar2022', '2022-05-28 16:16:19', '2022-06-03 15:33:40'),
(95, '219', '9598342E', NULL, '2', 5, 'Ahya Ansori', 'Packing', 'Kp. Setu RT 02 RW 01 Desa Parigi Mekar Kecamatan Ciseeng Kabupaten Bogor', '089636909895', NULL, 'default.jpg', 2, 15, 1, 4, 'weekly', 0, '1', 'Ahya Ansori', '8', '0954366568', NULL, NULL, NULL, 0, 'bestar2022', 'bestar2022', '2022-05-28 16:18:07', '2022-07-07 15:54:49'),
(96, '230', 'A51E242E', NULL, '2', 5, 'Anggi', 'Gudang', 'Kp. Gunung Cabe Rt 03 Rw 04 Desa Cipinang Kecamatan Rumpin Kabupaten Bogor', '085894895643', NULL, 'default.jpg', 2, 14, 1, 3, 'weekly', 0, '1', 'Anggi', '8', '0954357968', NULL, NULL, NULL, 0, 'bestar2022', 'bestar2022', '2022-05-28 16:19:12', '2022-06-04 13:25:32'),
(97, '266', 'A518A12E', NULL, '2', 5, 'Fikri', 'Mekanik', 'Kp. Iwul RT 01 RW 03 Desa Bojong Sempu Kecamatan Parung Kabupaten Bogor', '085717376378', 'inemelani@gmail.com', 'default.jpg', 7, 18, 1, 3, 'weekly', 0, '1', 'Fikri', '8', '0954359561', NULL, NULL, NULL, 0, 'bestar2022', 'bestar2022', '2022-05-28 16:21:06', '2022-06-03 14:41:29'),
(98, '269', '958ED82E', NULL, '2', 5, 'Asep', 'Security', NULL, NULL, NULL, 'default.jpg', 2, 13, 1, 3, 'weekly', 0, '1', 'Asep', '8', '0954366941', NULL, NULL, NULL, 0, 'bestar2022', 'bestar2022', '2022-05-28 16:22:16', '2022-05-28 16:22:16'),
(99, '296', '18A3205F', NULL, '2', 5, 'Yogi Sujono', 'Packing', 'Kp. Kemang RT 2 RW 2 Desa Kemang Kecamatan Kemang Kabupaten Bogor', '08984701531', 'yogithomank@gmail.com', 'default.jpg', 2, 15, 1, 3, 'weekly', 0, '1', 'Yogi Sujono', NULL, '0954373653', NULL, NULL, NULL, 0, 'bestar2022', 'bestar2022', '2022-05-28 16:28:40', '2022-07-15 15:05:06'),
(100, '304', '9522582E', NULL, '2', 5, 'Muhamad Afrizal Nurohman', 'Operator', NULL, NULL, NULL, 'default.jpg', 2, 25, 1, 3, 'weekly', 0, '1', 'Muhamad Afrizal Nurohman', '8', '0954412276', NULL, NULL, NULL, 0, 'bestar2022', 'bestar2022', '2022-05-28 16:30:24', '2022-05-28 16:30:24'),
(101, '397', '89CFF737', NULL, '2', 5, 'Wardi', 'Operator', NULL, NULL, NULL, 'default.jpg', 2, 22, 1, 3, 'weekly', 0, '1', 'Wardi', '8', '8720799538', NULL, NULL, NULL, 0, 'bestar2022', 'bestar2022', '2022-05-28 16:39:44', '2022-06-03 15:10:56'),
(102, '399', '53BF1715', NULL, '2', 5, 'Wandiy Sopiyan', 'Gudang', 'Kp. Setu RT 5 RW 1 Desa Parigi Mekar Kecamatan Ciseeng Kabupaten Bogor', '081511442449', NULL, 'default.jpg', 2, 14, 1, 3, 'weekly', 0, '1', 'Wandiy Sopiyan', '8', '0954359472', NULL, NULL, NULL, 0, 'bestar2022', 'bestar2022', '2022-05-28 16:41:02', '2022-06-03 14:33:38'),
(104, '187', 'A59CC92E', NULL, '2', 5, 'Irpan 1', 'Operator', 'Kp. Curug RT 2 RW  7 Desa Putat Nutug Kecamatan Ciseeng Kabupaten Bogor', '089635027679', 'irpanpratama297@gmail.com', 'default.jpg', 2, 25, 1, 3, 'weekly', 0, '1', 'Irpan', '8', '0954412250', NULL, NULL, NULL, 0, 'bestar2022', 'bestar2022', '2022-06-03 14:56:10', '2022-06-03 14:56:10'),
(105, '412', '32238338', NULL, '2', 5, 'Saedi', 'Kepala Mekanik', 'Jalan Pasar Ciseeng', '087888275382', NULL, 'default.jpg', 7, 20, 1, 3, 'monthly', 0, '1', NULL, NULL, NULL, NULL, NULL, NULL, 0, 'bestar2022', 'bestar2022', '2022-06-03 15:52:28', '2022-06-03 15:52:28'),
(106, '497', '959D482E', NULL, '2', 5, 'Dede Nurmiladi', 'PPIC', 'Jalan Menteng Asri', '081511319387', NULL, 'default.jpg', 1, 2, 1, 3, 'monthly', 0, '1', NULL, NULL, NULL, NULL, NULL, NULL, 0, 'bestar2022', 'bestar2022', '2022-06-03 15:59:11', '2022-06-03 15:59:11'),
(107, '498', '79AA5A37', NULL, '2', 5, 'Dhitio Groho', 'Operator', NULL, NULL, NULL, 'default.jpg', 2, 25, 1, 3, 'weekly', 0, '2', 'Nadia Triyandi', '8', '7005797390', NULL, NULL, NULL, 1, 'CSP', 'CSP', '2022-06-27 08:21:09', '2022-08-11 11:25:01'),
(111, '499', '89D8FF37', NULL, '2', 5, 'Nadia Triyandi', 'Operator', 'Kp. Iwul RT 02 RW 04 Desa Bojong Sempu Kecamatan Parung Kabupaten Bogor', '089657232763', 'nadiaatriyandi@gmail.dom', 'default.jpg', 2, 25, 1, 3, 'weekly', 0, '1', 'Nadia Triyandi', '8', NULL, NULL, NULL, NULL, 0, 'bestar2022', 'bestar2022', '2022-06-27 09:13:03', '2022-06-27 09:13:03'),
(112, '500', '8922F837', NULL, '2', 5, 'Mahdalena', 'Operator', 'Kp. Perigi Cibogo RT 5 RW 4 Desa Parigi mekar Kecamatan Ciseeng Kabupaten Bogor', '085719044249', 'mahda82@gmail.com', 'default.jpg', 2, 25, 1, 3, 'weekly', 0, '1', 'Mahdalena', '8', '7005798680', NULL, NULL, NULL, 0, 'bestar2022', 'bestar2022', '2022-06-27 09:19:12', '2022-06-27 09:19:12'),
(114, '501', '4A48FF3C', NULL, '2', 5, 'Dinda Lestari', 'Operator', 'Kp. Iwul RT 03 RW 03 Desa Bojong Sempu Kecamatan Parung Kabupaten Bogor', '081298500988', 'dindalestary300101@gmail.com', 'default.jpg', 2, 25, 1, 3, 'weekly', 0, '1', 'Dinda Lestari', '8', '7005798175', NULL, NULL, NULL, 0, 'bestar2022', 'bestar2022', '2022-06-27 09:25:27', '2022-06-27 09:28:00'),
(115, '502', '891A9137', NULL, '2', 5, 'Selvia', 'Operator', 'Kp. Setu Al-Falah RT 01 RW 03 Desa Parigi Mekar Kecamatan Ciseeng Kabupaten Bogor', '08981704246', 'selviampi45@gmail.com', 'default.jpg', 2, 25, 1, 3, 'weekly', 0, '1', 'Selvia', '8', '7005795362', NULL, NULL, NULL, 0, 'bestar2022', 'bestar2022', '2022-06-27 09:31:35', '2022-06-27 09:35:12'),
(116, '503', '89F26F37', NULL, '2', 5, 'Mayang Sari', 'Operator', 'Kp. Jati Parung RT 01 RW 05 Blok B No. 28 Kecamatan Parung Kabupaten Bogor', '08881575967', NULL, 'default.jpg', 2, 25, 1, 3, 'weekly', 0, '1', 'Mayang Sari', '8', '7005795532', NULL, NULL, NULL, 1, 'CSP', 'CSP', '2022-06-27 09:41:25', '2022-08-11 09:12:41'),
(117, '504', '158E572C', NULL, '2', 5, 'Zakiyah Nurbaiti', 'Operator', 'Kp. Gunung Kapur RT 14 RW 05 Desa Bojong Indah Kecamatan Parung Kabupaten Bogor', '085691498741', 'Zakiyahnurbaiti7@gmail.com', 'default.jpg', 2, 25, 1, 3, 'weekly', 0, '1', 'Zakiyah Nurbaiti', '8', '7005797543', NULL, NULL, NULL, 1, 'CSP', 'CSP', '2022-06-27 09:45:02', '2022-08-09 07:18:18'),
(122, '666', '666', NULL, '1', 5, 'ALI DAVIT', 'IT', NULL, '0851521658', 'alidavit@email.com', '202304160715_FB_IMG_1657092880846.jpg', 1, 1, 1, 3, 'weekly', 120000, '2', NULL, NULL, NULL, NULL, NULL, NULL, 1, NULL, NULL, '2023-04-16 00:15:03', '2023-04-16 00:15:03');

-- --------------------------------------------------------

--
-- Table structure for table `migrations`
--

CREATE TABLE `migrations` (
  `id` int(10) UNSIGNED NOT NULL,
  `migration` varchar(125) COLLATE utf8mb4_unicode_ci NOT NULL,
  `batch` int(11) NOT NULL
) ENGINE=InnoDB DEFAULT CHARSET=utf8mb4 COLLATE=utf8mb4_unicode_ci;

--
-- Dumping data for table `migrations`
--

INSERT INTO `migrations` (`id`, `migration`, `batch`) VALUES
(1, '2014_10_12_000000_create_users_table', 1),
(2, '2014_10_12_100000_create_password_resets_table', 1),
(3, '2014_10_12_200000_add_two_factor_columns_to_users_table', 1),
(4, '2019_08_19_000000_create_failed_jobs_table', 1),
(5, '2019_12_14_000001_create_personal_access_tokens_table', 1),
(6, '2021_10_10_045011_create_sessions_table', 1),
(7, '2021_10_12_134123_create_mdepartements_table', 1),
(8, '2021_10_12_134551_create_msubdepartements_table', 1),
(9, '2021_10_12_134804_create_working_times_table', 1),
(10, '2021_10_12_134950_create_golongans_table', 1),
(11, '2021_10_12_135110_create_memployees_table', 1),
(12, '2021_10_14_184202_create_mbanks_table', 1),
(13, '2021_10_24_213954_create_permission_tables', 1),
(14, '2021_10_24_223620_create_data_locations_table', 1),
(15, '2021_10_24_223701_create_attendance_devices_table', 1),
(16, '2021_10_26_090939_create_mprisets_table', 1),
(17, '2021_10_26_091131_create_doorlock_devices_table', 1),
(18, '2021_10_26_093052_doorlock_devices_memployees', 1),
(19, '2021_10_26_204825_create_collect_attendances_table', 1),
(20, '2021_10_26_225839_create_overtimes_table', 1),
(21, '2021_10_28_175006_create_leave_and_absences_table', 1),
(22, '2021_10_29_164145_create_history_device_logs_table', 1),
(23, '2021_10_30_161159_create_payroll_weeklies_table', 1),
(24, '2021_10_30_162623_create_payroll_monthlies_table', 1),
(25, '2021_11_17_183136_doorlock_devices_mpriset', 1),
(26, '2021_12_17_144551_create_doorlock_reports_table', 1),
(27, '2021_12_18_145936_create_notifications_table', 1),
(28, '2022_01_23_211852_create_schadules_table', 1),
(29, '2022_01_23_213939_create_schadules_meemployes_table', 1),
(30, '2022_01_23_214152_create_schadules_doorlock_table', 1);

-- --------------------------------------------------------

--
-- Table structure for table `mlevels`
--

CREATE TABLE `mlevels` (
  `id` int(10) UNSIGNED NOT NULL,
  `level` varchar(64) DEFAULT NULL,
  `createdBy` varchar(128) DEFAULT NULL,
  `created_at` timestamp NULL DEFAULT CURRENT_TIMESTAMP,
  `updatedBy` varchar(128) DEFAULT NULL,
  `updated_at` timestamp NULL DEFAULT CURRENT_TIMESTAMP ON UPDATE CURRENT_TIMESTAMP
) ENGINE=InnoDB DEFAULT CHARSET=latin1;

--
-- Dumping data for table `mlevels`
--

INSERT INTO `mlevels` (`id`, `level`, `createdBy`, `created_at`, `updatedBy`, `updated_at`) VALUES
(1, 'ADMINISTRATOR', NULL, '2023-04-15 17:01:39', NULL, '2023-04-15 17:01:39');

-- --------------------------------------------------------

--
-- Table structure for table `model_has_permissions`
--

CREATE TABLE `model_has_permissions` (
  `permission_id` bigint(20) UNSIGNED NOT NULL,
  `model_type` varchar(125) COLLATE utf8mb4_unicode_ci NOT NULL,
  `model_id` bigint(20) UNSIGNED NOT NULL
) ENGINE=InnoDB DEFAULT CHARSET=utf8mb4 COLLATE=utf8mb4_unicode_ci;

-- --------------------------------------------------------

--
-- Table structure for table `model_has_roles`
--

CREATE TABLE `model_has_roles` (
  `role_id` bigint(20) UNSIGNED NOT NULL,
  `model_type` varchar(125) COLLATE utf8mb4_unicode_ci NOT NULL,
  `model_id` bigint(20) UNSIGNED NOT NULL
) ENGINE=InnoDB DEFAULT CHARSET=utf8mb4 COLLATE=utf8mb4_unicode_ci;

--
-- Dumping data for table `model_has_roles`
--

INSERT INTO `model_has_roles` (`role_id`, `model_type`, `model_id`) VALUES
(1, 'App\\Models\\User', 1),
(2, 'App\\Models\\User', 2),
(1, 'App\\Models\\User', 3),
(3, 'App\\Models\\User', 4),
(1, 'App\\Models\\User', 5),
(1, 'App\\Models\\User', 6);

-- --------------------------------------------------------

--
-- Table structure for table `mprisets`
--

CREATE TABLE `mprisets` (
  `id` bigint(20) UNSIGNED NOT NULL,
  `name` varchar(125) COLLATE utf8mb4_unicode_ci NOT NULL,
  `createdBy` varchar(125) COLLATE utf8mb4_unicode_ci DEFAULT NULL,
  `updatedBy` varchar(125) COLLATE utf8mb4_unicode_ci DEFAULT NULL,
  `created_at` timestamp NULL DEFAULT NULL,
  `updated_at` timestamp NULL DEFAULT NULL
) ENGINE=InnoDB DEFAULT CHARSET=utf8mb4 COLLATE=utf8mb4_unicode_ci;

--
-- Dumping data for table `mprisets`
--

INSERT INTO `mprisets` (`id`, `name`, `createdBy`, `updatedBy`, `created_at`, `updated_at`) VALUES
(1, 'Masuk Produksi', 'Admin', 'Admin', '2021-12-26 14:43:12', '2021-12-26 14:43:12'),
(2, 'Maintenance Mesin', 'Admin', 'Admin', '2021-12-26 14:43:21', '2021-12-26 14:43:21'),
(3, 'Loading Barang', 'Admin', 'Admin', '2021-12-26 14:43:33', '2021-12-26 14:43:33'),
(4, 'Inventory tools', 'Admin', 'Admin', '2021-12-26 14:43:47', '2021-12-26 14:43:47'),
(5, 'Mengambil barang gudang 3', 'Admin', 'Admin', '2021-12-26 15:09:47', '2021-12-26 15:09:47'),
(6, 'Stock opname', 'Admin', 'Admin', '2021-12-26 15:09:58', '2021-12-26 15:09:58'),
(7, 'Maintenance Chiller', 'Admin', 'Admin', '2021-12-26 15:55:55', '2021-12-26 15:55:55'),
(8, 'Mengambil Bor', 'Admin', 'Admin', '2021-12-26 16:03:26', '2021-12-26 16:03:26'),
(9, 'Trouble Mold', 'bestar2022', 'bestar2022', '2022-05-27 13:23:27', '2022-05-27 13:23:27');

-- --------------------------------------------------------

--
-- Table structure for table `msubdepartements`
--

CREATE TABLE `msubdepartements` (
  `id` bigint(20) UNSIGNED NOT NULL,
  `nama` varchar(125) COLLATE utf8mb4_unicode_ci NOT NULL,
  `departement_id` bigint(20) UNSIGNED NOT NULL,
  `createdBy` varchar(125) COLLATE utf8mb4_unicode_ci DEFAULT NULL,
  `updatedBy` varchar(125) COLLATE utf8mb4_unicode_ci DEFAULT NULL,
  `created_at` timestamp NULL DEFAULT NULL,
  `updated_at` timestamp NULL DEFAULT NULL
) ENGINE=InnoDB DEFAULT CHARSET=utf8mb4 COLLATE=utf8mb4_unicode_ci;

--
-- Dumping data for table `msubdepartements`
--

INSERT INTO `msubdepartements` (`id`, `nama`, `departement_id`, `createdBy`, `updatedBy`, `created_at`, `updated_at`) VALUES
(1, 'subTesting', 1, 'Admin', 'Admin', '2021-12-24 14:26:04', '2021-12-24 14:26:04'),
(2, 'GA', 1, 'Admin', 'Admin', '2022-01-10 14:51:17', '2022-01-10 14:51:17'),
(13, 'Lemari', 2, 'bestar2022', 'bestar2022', '2022-05-20 15:27:35', '2022-05-20 15:27:35'),
(14, 'Material', 2, 'bestar2022', 'bestar2022', '2022-05-21 13:10:29', '2022-05-21 13:10:29'),
(15, 'Packing', 2, 'bestar2022', 'bestar2022', '2022-05-21 13:11:25', '2022-05-21 13:11:25'),
(16, 'Loading', 2, 'bestar2022', 'bestar2022', '2022-05-21 13:11:44', '2022-05-21 13:11:44'),
(17, 'Utility', 7, 'bestar2022', 'bestar2022', '2022-05-21 13:12:30', '2022-05-21 13:12:30'),
(18, 'Mold', 7, 'bestar2022', 'bestar2022', '2022-05-21 13:12:39', '2022-05-21 13:12:39'),
(19, 'Mesin', 7, 'bestar2022', 'bestar2022', '2022-05-21 13:12:48', '2022-05-21 13:12:48'),
(20, 'Mekanik', 7, 'bestar2022', 'bestar2022', '2022-05-21 13:12:56', '2022-05-21 13:12:56'),
(21, 'Workshop', 2, 'bestar2022', 'bestar2022', '2022-05-21 13:13:17', '2022-05-21 13:13:17'),
(22, 'Mekanik Mesin', 2, 'bestar2022', 'bestar2022', '2022-05-21 14:12:43', '2022-05-21 14:12:43'),
(23, 'Workshop', 7, 'bestar2022', 'bestar2022', '2022-05-21 14:16:33', '2022-05-21 14:16:33'),
(25, 'Operator', 2, 'bestar2022', 'bestar2022', '2022-05-27 10:32:51', '2022-05-27 10:32:51'),
(26, 'Cleaning Service', 2, 'bestar2022', 'bestar2022', '2022-05-28 09:22:23', '2022-05-28 09:22:23');

-- --------------------------------------------------------

--
-- Table structure for table `notifications`
--

CREATE TABLE `notifications` (
  `id` char(36) COLLATE utf8mb4_unicode_ci NOT NULL,
  `type` varchar(125) COLLATE utf8mb4_unicode_ci NOT NULL,
  `notifiable_type` varchar(125) COLLATE utf8mb4_unicode_ci NOT NULL,
  `notifiable_id` bigint(20) UNSIGNED NOT NULL,
  `data` text COLLATE utf8mb4_unicode_ci NOT NULL,
  `read_at` timestamp NULL DEFAULT NULL,
  `created_at` timestamp NULL DEFAULT NULL,
  `updated_at` timestamp NULL DEFAULT NULL
) ENGINE=InnoDB DEFAULT CHARSET=utf8mb4 COLLATE=utf8mb4_unicode_ci;

--
-- Dumping data for table `notifications`
--

INSERT INTO `notifications` (`id`, `type`, `notifiable_type`, `notifiable_id`, `data`, `read_at`, `created_at`, `updated_at`) VALUES
('18d9d2bd-1000-4a73-b696-00a87f25f1a5', 'App\\Notifications\\SystemNotification', 'App\\Models\\User', 4, '{\"user\":\"System ATD\",\"message\":\"RFID : 93142915, Berhasil Di tambahkan\",\"is_system\":false}', NULL, '2022-01-11 14:21:39', '2022-01-11 14:21:39'),
('196288b5-84c4-402a-9083-78368992e41b', 'App\\Notifications\\SystemNotification', 'App\\Models\\User', 1, '{\"user\":\"System ATD\",\"message\":\"RFID : 93142915, Berhasil Di tambahkan\",\"is_system\":false}', '2022-01-29 16:25:24', '2022-01-11 14:21:38', '2022-01-29 16:25:24'),
('1ccbab2f-4130-4db8-b954-230ef9d1faef', 'App\\Notifications\\SystemNotification', 'App\\Models\\User', 4, '{\"user\":\"System ATD\",\"message\":\"RFID : F364C15, Berhasil Di tambahkan\",\"is_system\":false}', NULL, '2022-01-11 14:22:33', '2022-01-11 14:22:33'),
('1deeb1b7-1752-4cef-b401-d2c8f7977e4c', 'App\\Notifications\\SystemNotification', 'App\\Models\\User', 2, '{\"user\":\"System ATD\",\"message\":\"RFID : F3261915, Berhasil Di tambahkan\",\"is_system\":false}', NULL, '2022-01-11 14:21:04', '2022-01-11 14:21:04'),
('30e97cfc-da4e-4da5-9b58-006da6a67909', 'App\\Notifications\\SystemNotification', 'App\\Models\\User', 2, '{\"user\":\"System ATD\",\"message\":\"RFID : 93142915, Berhasil Di tambahkan\",\"is_system\":false}', NULL, '2022-01-11 14:21:38', '2022-01-11 14:21:38'),
('3240dac2-0c1b-4fcd-b1d5-dfd8baa5b03b', 'App\\Notifications\\SystemNotification', 'App\\Models\\User', 2, '{\"user\":\"System ATD\",\"message\":\"RFID : 23641015, Berhasil Di tambahkan\",\"is_system\":false}', NULL, '2022-01-10 15:57:11', '2022-01-10 15:57:11'),
('34180f9d-3767-462a-93cc-71b1430130c4', 'App\\Notifications\\SystemNotification', 'App\\Models\\User', 4, '{\"user\":\"System ATD\",\"message\":\"RFID : A33B815, Berhasil Di tambahkan\",\"is_system\":false}', NULL, '2022-01-11 14:22:09', '2022-01-11 14:22:09'),
('363927ff-cd50-484a-8846-9d65a7540352', 'App\\Notifications\\SystemNotification', 'App\\Models\\User', 4, '{\"user\":\"System ATD\",\"message\":\"RFID : 23641015, Berhasil Di tambahkan\",\"is_system\":false}', NULL, '2022-01-10 15:57:11', '2022-01-10 15:57:11'),
('4ccfe531-6745-4834-9a28-d89023b281a8', 'App\\Notifications\\SystemNotification', 'App\\Models\\User', 1, '{\"user\":\"System ATD\",\"message\":\"RFID : 23641015, Berhasil Di tambahkan\",\"is_system\":false}', '2022-01-29 16:25:30', '2022-01-10 15:57:11', '2022-01-29 16:25:30'),
('6175f2fc-6f9d-4015-a58f-e65f3b69fcc8', 'App\\Notifications\\SystemNotification', 'App\\Models\\User', 1, '{\"user\":\"System ATD\",\"message\":\"RFID : F3261915, Berhasil Di tambahkan\",\"is_system\":false}', '2022-01-29 16:25:26', '2022-01-11 14:21:04', '2022-01-29 16:25:26'),
('62d5b3db-d47c-44aa-b168-8d3fc1d6d210', 'App\\Notifications\\SystemNotification', 'App\\Models\\User', 3, '{\"user\":\"System ATD\",\"message\":\"RFID : F364C15, Berhasil Di tambahkan\",\"is_system\":false}', '2022-06-30 15:31:59', '2022-01-11 14:22:33', '2022-06-30 15:31:59'),
('6cc2becc-f9a9-4559-bd1c-dd5c77df6494', 'App\\Notifications\\SystemNotification', 'App\\Models\\User', 3, '{\"user\":\"System ATD\",\"message\":\"RFID : F3261915, Berhasil Di tambahkan\",\"is_system\":false}', NULL, '2022-01-11 14:21:04', '2022-01-11 14:21:04'),
('7a60967f-e1a1-434e-9db3-14ef42812971', 'App\\Notifications\\SystemNotification', 'App\\Models\\User', 4, '{\"user\":\"System ATD\",\"message\":\"RFID : F3261915, Berhasil Di tambahkan\",\"is_system\":false}', NULL, '2022-01-11 14:21:04', '2022-01-11 14:21:04'),
('7d00517c-e962-41ff-b554-eadcd78265ab', 'App\\Notifications\\SystemNotification', 'App\\Models\\User', 2, '{\"user\":\"System ATD\",\"message\":\"RFID : A33B815, Berhasil Di tambahkan\",\"is_system\":false}', NULL, '2022-01-11 14:22:08', '2022-01-11 14:22:08'),
('7e9bc69c-7562-4720-a026-1fdb5191b056', 'App\\Notifications\\SystemNotification', 'App\\Models\\User', 1, '{\"user\":\"System ATD\",\"message\":\"RFID : A33B815, Berhasil Di tambahkan\",\"is_system\":false}', '2022-01-29 16:25:19', '2022-01-11 14:22:08', '2022-01-29 16:25:19'),
('966a4015-bfcd-43b3-bc70-ff98d49631ad', 'App\\Notifications\\SystemNotification', 'App\\Models\\User', 3, '{\"user\":\"System ATD\",\"message\":\"RFID : 93142915, Berhasil Di tambahkan\",\"is_system\":false}', '2022-06-30 15:31:57', '2022-01-11 14:21:39', '2022-06-30 15:31:57'),
('abd083d3-babc-4259-9464-aee7b0375ad6', 'App\\Notifications\\SystemNotification', 'App\\Models\\User', 1, '{\"user\":\"System ATD\",\"message\":\"RFID : F364C15, Berhasil Di tambahkan\",\"is_system\":false}', '2022-01-29 16:25:18', '2022-01-11 14:22:33', '2022-01-29 16:25:18'),
('af090c62-9ec3-4253-b489-8257ba6cb7f6', 'App\\Notifications\\SystemNotification', 'App\\Models\\User', 3, '{\"user\":\"System ATD\",\"message\":\"RFID : A33B815, Berhasil Di tambahkan\",\"is_system\":false}', '2022-05-27 10:30:52', '2022-01-11 14:22:09', '2022-05-27 10:30:52'),
('bbaa7350-78f9-449a-b210-fede0dc57476', 'App\\Notifications\\SystemNotification', 'App\\Models\\User', 2, '{\"user\":\"System ATD\",\"message\":\"RFID : F364C15, Berhasil Di tambahkan\",\"is_system\":false}', NULL, '2022-01-11 14:22:33', '2022-01-11 14:22:33'),
('eec4ee76-d481-480e-a554-5bc283187489', 'App\\Notifications\\SystemNotification', 'App\\Models\\User', 3, '{\"user\":\"System ATD\",\"message\":\"RFID : 23641015, Berhasil Di tambahkan\",\"is_system\":false}', NULL, '2022-01-10 15:57:11', '2022-01-10 15:57:11');

-- --------------------------------------------------------

--
-- Table structure for table `out_monitoring`
--

CREATE TABLE `out_monitoring` (
  `id` bigint(20) UNSIGNED NOT NULL,
  `uid_room` varchar(64) NOT NULL,
  `memploye_id` bigint(20) UNSIGNED NOT NULL,
  `tmstart` timestamp NULL DEFAULT NULL,
  `tmend` timestamp NULL DEFAULT NULL,
  `created_at` timestamp NULL DEFAULT CURRENT_TIMESTAMP,
  `updated_at` timestamp NULL DEFAULT CURRENT_TIMESTAMP ON UPDATE CURRENT_TIMESTAMP
) ENGINE=InnoDB DEFAULT CHARSET=latin1;

--
-- Dumping data for table `out_monitoring`
--

INSERT INTO `out_monitoring` (`id`, `uid_room`, `memploye_id`, `tmstart`, `tmend`, `created_at`, `updated_at`) VALUES
(1, '2', 117, '2022-08-11 04:04:14', '2022-08-11 04:04:57', '2022-08-11 14:41:49', '2022-08-11 14:41:49'),
(2, '2', 117, '2022-08-11 04:08:45', '2022-08-11 04:10:12', '2022-08-11 14:41:49', '2022-08-11 14:41:49'),
(3, '2', 116, '2022-08-11 09:13:40', '2022-08-11 09:15:46', '2022-08-11 14:41:49', '2022-08-11 14:41:49'),
(4, '2', 107, '2022-08-11 11:25:29', '2022-08-11 11:28:06', '2022-08-11 14:41:49', '2022-08-11 14:41:49'),
(5, '2', 116, '2022-08-13 08:30:00', '2022-08-13 08:45:00', '2022-08-13 10:25:18', '2022-08-13 10:25:19'),
(6, '2', 116, '2022-08-15 05:00:00', '2022-08-15 05:35:28', '2022-08-15 05:10:31', '2022-08-15 05:35:32');

-- --------------------------------------------------------

--
-- Table structure for table `overtimes`
--

CREATE TABLE `overtimes` (
  `id` bigint(20) UNSIGNED NOT NULL,
  `created_at` timestamp NULL DEFAULT NULL,
  `updated_at` timestamp NULL DEFAULT NULL
) ENGINE=InnoDB DEFAULT CHARSET=utf8mb4 COLLATE=utf8mb4_unicode_ci;

-- --------------------------------------------------------

--
-- Table structure for table `password_resets`
--

CREATE TABLE `password_resets` (
  `email` varchar(125) COLLATE utf8mb4_unicode_ci NOT NULL,
  `token` varchar(125) COLLATE utf8mb4_unicode_ci NOT NULL,
  `created_at` timestamp NULL DEFAULT NULL
) ENGINE=InnoDB DEFAULT CHARSET=utf8mb4 COLLATE=utf8mb4_unicode_ci;

-- --------------------------------------------------------

--
-- Table structure for table `payroll_monthlies`
--

CREATE TABLE `payroll_monthlies` (
  `id` bigint(20) UNSIGNED NOT NULL,
  `Transaction_id` varchar(125) COLLATE utf8mb4_unicode_ci NOT NULL,
  `user_id` bigint(20) UNSIGNED NOT NULL,
  `salary_deductions` varchar(125) COLLATE utf8mb4_unicode_ci DEFAULT NULL,
  `salary_increase` varchar(125) COLLATE utf8mb4_unicode_ci DEFAULT NULL,
  `overtime` varchar(125) COLLATE utf8mb4_unicode_ci DEFAULT NULL,
  `salary_payment` int(11) NOT NULL,
  `basic_payment` int(11) NOT NULL,
  `total_payment` int(11) NOT NULL,
  `Approve` tinyint(1) NOT NULL DEFAULT '0',
  `month` varchar(125) COLLATE utf8mb4_unicode_ci DEFAULT NULL,
  `created_at` timestamp NULL DEFAULT NULL,
  `updated_at` timestamp NULL DEFAULT NULL
) ENGINE=InnoDB DEFAULT CHARSET=utf8mb4 COLLATE=utf8mb4_unicode_ci;

--
-- Dumping data for table `payroll_monthlies`
--

INSERT INTO `payroll_monthlies` (`id`, `Transaction_id`, `user_id`, `salary_deductions`, `salary_increase`, `overtime`, `salary_payment`, `basic_payment`, `total_payment`, `Approve`, `month`, `created_at`, `updated_at`) VALUES
(1, '27052022020000', 6, NULL, NULL, '0', 0, 0, 0, 0, NULL, '2022-05-27 10:35:01', '2022-05-27 10:35:01'),
(2, '27052022020001', 7, NULL, NULL, '0', 0, 0, 0, 0, NULL, '2022-05-27 10:35:01', '2022-05-27 10:35:01'),
(3, '27052022020002', 10, NULL, NULL, '0', 0, 0, 0, 0, NULL, '2022-05-27 10:35:01', '2022-05-27 10:35:01'),
(4, '27052022020003', 11, NULL, NULL, '0', 0, 0, 0, 0, NULL, '2022-05-27 10:35:01', '2022-05-27 10:35:01'),
(5, '27052022020004', 37, NULL, NULL, '0', 0, 0, 0, 0, NULL, '2022-05-27 10:35:02', '2022-05-27 10:35:02'),
(6, '27052022020005', 41, NULL, NULL, '0', 0, 0, 0, 0, NULL, '2022-05-27 10:35:02', '2022-05-27 10:35:02'),
(7, '07032023020006', 6, NULL, NULL, '0', 0, 0, 0, 0, NULL, '2023-03-07 14:29:04', '2023-03-07 14:29:04'),
(8, '07032023020007', 7, NULL, NULL, '0', 0, 0, 0, 0, NULL, '2023-03-07 14:29:04', '2023-03-07 14:29:04'),
(9, '07032023020008', 10, NULL, NULL, '0', 0, 0, 0, 0, NULL, '2023-03-07 14:29:04', '2023-03-07 14:29:04'),
(10, '07032023020009', 11, NULL, NULL, '0', 0, 0, 0, 0, NULL, '2023-03-07 14:29:04', '2023-03-07 14:29:04'),
(11, '07032023020010', 37, NULL, NULL, '0', 0, 0, 0, 0, NULL, '2023-03-07 14:29:04', '2023-03-07 14:29:04'),
(12, '07032023020011', 41, NULL, NULL, '0', 500000, 41667, 41667, 0, NULL, '2023-03-07 14:29:04', '2023-03-07 14:29:04'),
(13, '07032023020012', 105, NULL, NULL, '0', 0, 0, 0, 0, NULL, '2023-03-07 14:29:04', '2023-03-07 14:29:04'),
(14, '07032023020013', 106, NULL, NULL, '0', 0, 0, 0, 0, NULL, '2023-03-07 14:29:04', '2023-03-07 14:29:04');

-- --------------------------------------------------------

--
-- Table structure for table `payroll_weeklies`
--

CREATE TABLE `payroll_weeklies` (
  `id` bigint(20) UNSIGNED NOT NULL,
  `Transaction_id` varchar(125) COLLATE utf8mb4_unicode_ci NOT NULL,
  `user_id` bigint(20) UNSIGNED NOT NULL,
  `salary_deductions` varchar(125) COLLATE utf8mb4_unicode_ci DEFAULT NULL,
  `salary_increase` varchar(125) COLLATE utf8mb4_unicode_ci DEFAULT NULL,
  `overtime` varchar(125) COLLATE utf8mb4_unicode_ci DEFAULT NULL,
  `salary_payment` int(11) NOT NULL,
  `basic_payment` int(11) NOT NULL,
  `total_payment` int(11) NOT NULL,
  `Approve` tinyint(1) NOT NULL DEFAULT '0',
  `weeklies` varchar(125) COLLATE utf8mb4_unicode_ci DEFAULT NULL,
  `created_at` timestamp NULL DEFAULT NULL,
  `updated_at` timestamp NULL DEFAULT NULL
) ENGINE=InnoDB DEFAULT CHARSET=utf8mb4 COLLATE=utf8mb4_unicode_ci;

--
-- Dumping data for table `payroll_weeklies`
--

INSERT INTO `payroll_weeklies` (`id`, `Transaction_id`, `user_id`, `salary_deductions`, `salary_increase`, `overtime`, `salary_payment`, `basic_payment`, `total_payment`, `Approve`, `weeklies`, `created_at`, `updated_at`) VALUES
(4, '10012022010000', 4, '0', '0', '86705.202312139', 750000, 0, 86705, 0, NULL, '2022-01-10 15:23:32', '2022-01-10 15:28:25'),
(5, '27052022010001', 4, NULL, NULL, '0', 750000, 0, 0, 0, NULL, '2022-05-27 13:11:00', '2022-05-27 13:11:00'),
(7, '27052022010003', 28, NULL, NULL, '0', 0, 0, 0, 0, NULL, '2022-05-27 13:11:00', '2022-05-27 13:11:00'),
(8, '27052022010004', 29, NULL, NULL, '0', 0, 0, 0, 0, NULL, '2022-05-27 13:11:00', '2022-05-27 13:11:00'),
(9, '27052022010005', 30, NULL, NULL, '0', 0, 0, 0, 0, NULL, '2022-05-27 13:11:00', '2022-05-27 13:11:00'),
(10, '27052022010006', 31, NULL, NULL, '0', 0, 0, 0, 0, NULL, '2022-05-27 13:11:00', '2022-05-27 13:11:00'),
(11, '27052022010007', 32, NULL, NULL, '0', 0, 0, 0, 0, NULL, '2022-05-27 13:11:00', '2022-05-27 13:11:00'),
(12, '27052022010008', 33, NULL, NULL, '0', 0, 0, 0, 0, NULL, '2022-05-27 13:11:01', '2022-05-27 13:11:01'),
(13, '27052022010009', 34, NULL, NULL, '0', 0, 0, 0, 0, NULL, '2022-05-27 13:11:01', '2022-05-27 13:11:01'),
(14, '27052022010010', 35, NULL, NULL, '0', 0, 0, 0, 0, NULL, '2022-05-27 13:11:01', '2022-05-27 13:11:01'),
(15, '27052022010011', 36, NULL, NULL, '0', 0, 0, 0, 0, NULL, '2022-05-27 13:11:01', '2022-05-27 13:11:01'),
(16, '27052022010012', 38, NULL, NULL, '0', 0, 0, 0, 0, NULL, '2022-05-27 13:11:01', '2022-05-27 13:11:01'),
(17, '27052022010013', 39, NULL, NULL, '0', 0, 0, 0, 0, NULL, '2022-05-27 13:11:01', '2022-05-27 13:11:01'),
(18, '27052022010014', 40, NULL, NULL, '0', 0, 0, 0, 0, NULL, '2022-05-27 13:11:01', '2022-05-27 13:11:01'),
(19, '27052022010015', 42, NULL, NULL, '0', 0, 0, 0, 0, NULL, '2022-05-27 13:11:01', '2022-05-27 13:11:01'),
(20, '27052022010016', 43, NULL, NULL, '0', 0, 0, 0, 0, NULL, '2022-05-27 13:11:01', '2022-05-27 13:11:01'),
(21, '27052022010017', 44, NULL, NULL, '0', 0, 0, 0, 0, NULL, '2022-05-27 13:11:01', '2022-05-27 13:11:01'),
(22, '27052022010018', 45, NULL, NULL, '0', 0, 0, 0, 0, NULL, '2022-05-27 13:11:01', '2022-05-27 13:11:01'),
(23, '27052022010019', 46, NULL, NULL, '0', 0, 0, 0, 0, NULL, '2022-05-27 13:11:01', '2022-05-27 13:11:01'),
(25, '27052022010021', 48, NULL, NULL, '0', 0, 0, 0, 0, NULL, '2022-05-27 13:11:02', '2022-05-27 13:11:02'),
(26, '27052022010022', 49, NULL, NULL, '0', 0, 0, 0, 0, NULL, '2022-05-27 13:11:02', '2022-05-27 13:11:02'),
(27, '27052022010023', 50, NULL, NULL, '0', 0, 0, 0, 0, NULL, '2022-05-27 13:11:02', '2022-05-27 13:11:02'),
(28, '27052022010024', 51, NULL, NULL, '0', 0, 0, 0, 0, NULL, '2022-05-27 13:11:02', '2022-05-27 13:11:02'),
(29, '27052022010025', 52, NULL, NULL, '0', 0, 0, 0, 0, NULL, '2022-05-27 13:11:02', '2022-05-27 13:11:02'),
(31, '27052022010027', 54, NULL, NULL, '0', 0, 0, 0, 0, NULL, '2022-05-27 13:11:02', '2022-05-27 13:11:02'),
(32, '27052022010028', 55, NULL, NULL, '0', 0, 0, 0, 0, NULL, '2022-05-27 13:11:02', '2022-05-27 13:11:02'),
(33, '27052022010029', 56, NULL, NULL, '0', 0, 0, 0, 0, NULL, '2022-05-27 13:11:02', '2022-05-27 13:11:02'),
(34, '27052022010030', 57, NULL, NULL, '0', 0, 0, 0, 0, NULL, '2022-05-27 13:11:03', '2022-05-27 13:11:03'),
(35, '27052022010031', 58, NULL, NULL, '0', 0, 0, 0, 0, NULL, '2022-05-27 13:11:03', '2022-05-27 13:11:03'),
(36, '27052022010032', 4, NULL, NULL, '0', 750000, 0, 0, 0, NULL, '2022-05-27 13:11:03', '2022-05-27 13:11:03'),
(38, '27052022010034', 28, NULL, NULL, '0', 0, 0, 0, 0, NULL, '2022-05-27 13:11:03', '2022-05-27 13:11:03'),
(39, '27052022010035', 29, NULL, NULL, '0', 0, 0, 0, 0, NULL, '2022-05-27 13:11:04', '2022-05-27 13:11:04'),
(40, '27052022010036', 30, NULL, NULL, '0', 0, 0, 0, 0, NULL, '2022-05-27 13:11:04', '2022-05-27 13:11:04'),
(41, '27052022010037', 31, NULL, NULL, '0', 0, 0, 0, 0, NULL, '2022-05-27 13:11:04', '2022-05-27 13:11:04'),
(42, '27052022010038', 32, NULL, NULL, '0', 0, 0, 0, 0, NULL, '2022-05-27 13:11:04', '2022-05-27 13:11:04'),
(43, '27052022010039', 33, NULL, NULL, '0', 0, 0, 0, 0, NULL, '2022-05-27 13:11:04', '2022-05-27 13:11:04'),
(44, '27052022010040', 34, NULL, NULL, '0', 0, 0, 0, 0, NULL, '2022-05-27 13:11:04', '2022-05-27 13:11:04'),
(45, '27052022010041', 35, NULL, NULL, '0', 0, 0, 0, 0, NULL, '2022-05-27 13:11:04', '2022-05-27 13:11:04'),
(46, '27052022010042', 36, NULL, NULL, '0', 0, 0, 0, 0, NULL, '2022-05-27 13:11:04', '2022-05-27 13:11:04'),
(47, '27052022010043', 38, NULL, NULL, '0', 0, 0, 0, 0, NULL, '2022-05-27 13:11:04', '2022-05-27 13:11:04'),
(48, '27052022010044', 39, NULL, NULL, '0', 0, 0, 0, 0, NULL, '2022-05-27 13:11:04', '2022-05-27 13:11:04'),
(49, '27052022010045', 40, NULL, NULL, '0', 0, 0, 0, 0, NULL, '2022-05-27 13:11:05', '2022-05-27 13:11:05'),
(50, '27052022010046', 42, NULL, NULL, '0', 0, 0, 0, 0, NULL, '2022-05-27 13:11:05', '2022-05-27 13:11:05'),
(51, '27052022010047', 43, NULL, NULL, '0', 0, 0, 0, 0, NULL, '2022-05-27 13:11:05', '2022-05-27 13:11:05'),
(52, '27052022010048', 44, NULL, NULL, '0', 0, 0, 0, 0, NULL, '2022-05-27 13:11:05', '2022-05-27 13:11:05'),
(53, '27052022010049', 45, NULL, NULL, '0', 0, 0, 0, 0, NULL, '2022-05-27 13:11:05', '2022-05-27 13:11:05'),
(54, '27052022010050', 46, NULL, NULL, '0', 0, 0, 0, 0, NULL, '2022-05-27 13:11:05', '2022-05-27 13:11:05'),
(56, '27052022010052', 48, NULL, NULL, '0', 0, 0, 0, 0, NULL, '2022-05-27 13:11:05', '2022-05-27 13:11:05'),
(57, '27052022010053', 49, NULL, NULL, '0', 0, 0, 0, 0, NULL, '2022-05-27 13:11:05', '2022-05-27 13:11:05'),
(58, '27052022010054', 50, NULL, NULL, '0', 0, 0, 0, 0, NULL, '2022-05-27 13:11:06', '2022-05-27 13:11:06'),
(59, '27052022010055', 51, NULL, NULL, '0', 0, 0, 0, 0, NULL, '2022-05-27 13:11:06', '2022-05-27 13:11:06'),
(60, '27052022010056', 52, NULL, NULL, '0', 0, 0, 0, 0, NULL, '2022-05-27 13:11:06', '2022-05-27 13:11:06'),
(62, '27052022010058', 54, NULL, NULL, '0', 0, 0, 0, 0, NULL, '2022-05-27 13:11:06', '2022-05-27 13:11:06'),
(63, '27052022010059', 55, NULL, NULL, '0', 0, 0, 0, 0, NULL, '2022-05-27 13:11:06', '2022-05-27 13:11:06'),
(64, '27052022010060', 56, NULL, NULL, '0', 0, 0, 0, 0, NULL, '2022-05-27 13:11:06', '2022-05-27 13:11:06'),
(65, '27052022010061', 57, NULL, NULL, '0', 0, 0, 0, 0, NULL, '2022-05-27 13:11:06', '2022-05-27 13:11:06'),
(66, '27052022010062', 58, NULL, NULL, '0', 0, 0, 0, 0, NULL, '2022-05-27 13:11:06', '2022-05-27 13:11:06'),
(67, '27052022010063', 4, NULL, NULL, '0', 750000, 0, 0, 0, NULL, '2022-05-27 14:50:10', '2022-05-27 14:50:10'),
(69, '27052022010065', 28, NULL, NULL, '0', 0, 0, 0, 0, NULL, '2022-05-27 14:50:11', '2022-05-27 14:50:11'),
(70, '27052022010066', 29, NULL, NULL, '0', 0, 0, 0, 0, NULL, '2022-05-27 14:50:11', '2022-05-27 14:50:11'),
(71, '27052022010067', 30, NULL, NULL, '0', 0, 0, 0, 0, NULL, '2022-05-27 14:50:11', '2022-05-27 14:50:11'),
(72, '27052022010068', 31, NULL, NULL, '0', 0, 0, 0, 0, NULL, '2022-05-27 14:50:11', '2022-05-27 14:50:11'),
(73, '27052022010069', 32, NULL, NULL, '0', 0, 0, 0, 0, NULL, '2022-05-27 14:50:11', '2022-05-27 14:50:11'),
(74, '27052022010070', 33, NULL, NULL, '0', 0, 0, 0, 0, NULL, '2022-05-27 14:50:11', '2022-05-27 14:50:11'),
(75, '27052022010071', 34, NULL, NULL, '0', 0, 0, 0, 0, NULL, '2022-05-27 14:50:11', '2022-05-27 14:50:11'),
(76, '27052022010072', 35, NULL, NULL, '0', 0, 0, 0, 0, NULL, '2022-05-27 14:50:11', '2022-05-27 14:50:11'),
(77, '27052022010073', 36, NULL, NULL, '0', 0, 0, 0, 0, NULL, '2022-05-27 14:50:11', '2022-05-27 14:50:11'),
(78, '27052022010074', 38, NULL, NULL, '0', 0, 0, 0, 0, NULL, '2022-05-27 14:50:12', '2022-05-27 14:50:12'),
(79, '27052022010075', 39, NULL, NULL, '0', 0, 0, 0, 0, NULL, '2022-05-27 14:50:12', '2022-05-27 14:50:12'),
(80, '27052022010076', 40, NULL, NULL, '0', 0, 0, 0, 0, NULL, '2022-05-27 14:50:12', '2022-05-27 14:50:12'),
(81, '27052022010077', 42, NULL, NULL, '0', 0, 0, 0, 0, NULL, '2022-05-27 14:50:12', '2022-05-27 14:50:12'),
(82, '27052022010078', 43, NULL, NULL, '0', 0, 0, 0, 0, NULL, '2022-05-27 14:50:12', '2022-05-27 14:50:12'),
(83, '27052022010079', 44, NULL, NULL, '0', 0, 0, 0, 0, NULL, '2022-05-27 14:50:12', '2022-05-27 14:50:12'),
(84, '27052022010080', 45, NULL, NULL, '0', 0, 0, 0, 0, NULL, '2022-05-27 14:50:12', '2022-05-27 14:50:12'),
(85, '27052022010081', 46, NULL, NULL, '0', 0, 0, 0, 0, NULL, '2022-05-27 14:50:12', '2022-05-27 14:50:12'),
(87, '27052022010083', 48, NULL, NULL, '0', 0, 0, 0, 0, NULL, '2022-05-27 14:50:13', '2022-05-27 14:50:13'),
(88, '27052022010084', 49, NULL, NULL, '0', 0, 0, 0, 0, NULL, '2022-05-27 14:50:13', '2022-05-27 14:50:13'),
(89, '27052022010085', 50, NULL, NULL, '0', 0, 0, 0, 0, NULL, '2022-05-27 14:50:13', '2022-05-27 14:50:13'),
(90, '27052022010086', 51, NULL, NULL, '0', 0, 0, 0, 0, NULL, '2022-05-27 14:50:13', '2022-05-27 14:50:13'),
(91, '27052022010087', 52, NULL, NULL, '0', 0, 0, 0, 0, NULL, '2022-05-27 14:50:13', '2022-05-27 14:50:13'),
(93, '27052022010089', 54, NULL, NULL, '0', 0, 0, 0, 0, NULL, '2022-05-27 14:50:13', '2022-05-27 14:50:13'),
(94, '27052022010090', 55, NULL, NULL, '0', 0, 0, 0, 0, NULL, '2022-05-27 14:50:13', '2022-05-27 14:50:13'),
(95, '27052022010091', 56, NULL, NULL, '0', 0, 0, 0, 0, NULL, '2022-05-27 14:50:13', '2022-05-27 14:50:13'),
(96, '27052022010092', 57, NULL, NULL, '0', 0, 0, 0, 0, NULL, '2022-05-27 14:50:14', '2022-05-27 14:50:14'),
(97, '27052022010093', 58, NULL, NULL, '0', 0, 0, 0, 0, NULL, '2022-05-27 14:50:14', '2022-05-27 14:50:14'),
(99, '27052022010095', 60, NULL, NULL, '0', 0, 0, 0, 0, NULL, '2022-05-27 14:50:14', '2022-05-27 14:50:14'),
(100, '27052022010096', 61, NULL, NULL, '0', 0, 0, 0, 0, NULL, '2022-05-27 14:50:14', '2022-05-27 14:50:14'),
(101, '27052022010097', 62, NULL, NULL, '0', 0, 0, 0, 0, NULL, '2022-05-27 14:50:14', '2022-05-27 14:50:14'),
(102, '27052022010098', 63, NULL, NULL, '0', 0, 0, 0, 0, NULL, '2022-05-27 14:50:14', '2022-05-27 14:50:14'),
(103, '27052022010099', 64, NULL, NULL, '0', 0, 0, 0, 0, NULL, '2022-05-27 14:50:14', '2022-05-27 14:50:14'),
(104, '27052022010100', 65, NULL, NULL, '0', 0, 0, 0, 0, NULL, '2022-05-27 14:50:14', '2022-05-27 14:50:14'),
(107, '27052022010103', 68, NULL, NULL, '0', 0, 0, 0, 0, NULL, '2022-05-27 14:50:15', '2022-05-27 14:50:15'),
(108, '27052022010104', 69, NULL, NULL, '0', 0, 0, 0, 0, NULL, '2022-05-27 14:50:15', '2022-05-27 14:50:15'),
(109, '27052022010105', 70, NULL, NULL, '0', 0, 0, 0, 0, NULL, '2022-05-27 14:50:15', '2022-05-27 14:50:15'),
(110, '27052022010106', 71, NULL, NULL, '0', 0, 0, 0, 0, NULL, '2022-05-27 14:50:15', '2022-05-27 14:50:15'),
(111, '27052022010107', 72, NULL, NULL, '0', 0, 0, 0, 0, NULL, '2022-05-27 14:50:15', '2022-05-27 14:50:15'),
(112, '27052022010108', 73, NULL, NULL, '0', 0, 0, 0, 0, NULL, '2022-05-27 14:50:15', '2022-05-27 14:50:15'),
(113, '27052022010109', 74, NULL, NULL, '0', 0, 0, 0, 0, NULL, '2022-05-27 14:50:15', '2022-05-27 14:50:15'),
(114, '27052022010110', 75, NULL, NULL, '0', 0, 0, 0, 0, NULL, '2022-05-27 14:50:15', '2022-05-27 14:50:15'),
(115, '27052022010111', 76, NULL, NULL, '0', 0, 0, 0, 0, NULL, '2022-05-27 14:50:15', '2022-05-27 14:50:15'),
(116, '27052022010112', 77, NULL, NULL, '0', 0, 0, 0, 0, NULL, '2022-05-27 14:50:15', '2022-05-27 14:50:15'),
(855, '24072022010109', 4, NULL, NULL, '0', 750000, 0, 0, 0, NULL, '2022-07-23 17:09:43', '2022-07-23 17:09:43'),
(856, '24072022010110', 28, NULL, NULL, '0', 0, 0, 0, 0, NULL, '2022-07-23 17:09:43', '2022-07-23 17:09:43'),
(857, '24072022010111', 29, NULL, NULL, '0', 0, 0, 0, 0, NULL, '2022-07-23 17:09:43', '2022-07-23 17:09:43'),
(858, '24072022010112', 30, NULL, NULL, '0', 0, 0, 0, 0, NULL, '2022-07-23 17:09:43', '2022-07-23 17:09:43'),
(859, '24072022010113', 31, NULL, NULL, '0', 0, 0, 0, 0, NULL, '2022-07-23 17:09:43', '2022-07-23 17:09:43'),
(860, '24072022010114', 32, NULL, NULL, '0', 0, 0, 0, 0, NULL, '2022-07-23 17:09:43', '2022-07-23 17:09:43'),
(861, '24072022010115', 33, NULL, NULL, '0', 0, 0, 0, 0, NULL, '2022-07-23 17:09:43', '2022-07-23 17:09:43'),
(862, '24072022010116', 34, NULL, NULL, '0', 0, 0, 0, 0, NULL, '2022-07-23 17:09:43', '2022-07-23 17:09:43'),
(863, '24072022010117', 35, NULL, NULL, '0', 0, 0, 0, 0, NULL, '2022-07-23 17:09:43', '2022-07-23 17:09:43'),
(864, '24072022010118', 36, NULL, NULL, '0', 0, 0, 0, 0, NULL, '2022-07-23 17:09:43', '2022-07-23 17:09:43'),
(865, '24072022010119', 38, NULL, NULL, '0', 0, 0, 0, 0, NULL, '2022-07-23 17:09:43', '2022-07-23 17:09:43'),
(866, '24072022010120', 39, NULL, NULL, '0', 0, 0, 0, 0, NULL, '2022-07-23 17:09:43', '2022-07-23 17:09:43'),
(867, '24072022010121', 40, NULL, NULL, '0', 0, 0, 0, 0, NULL, '2022-07-23 17:09:43', '2022-07-23 17:09:43'),
(868, '24072022010122', 42, NULL, NULL, '0', 0, 0, 0, 0, NULL, '2022-07-23 17:09:43', '2022-07-23 17:09:43'),
(869, '24072022010123', 43, NULL, NULL, '0', 0, 0, 0, 0, NULL, '2022-07-23 17:09:43', '2022-07-23 17:09:43'),
(870, '24072022010124', 44, NULL, NULL, '0', 0, 0, 0, 0, NULL, '2022-07-23 17:09:43', '2022-07-23 17:09:43'),
(871, '24072022010125', 45, NULL, NULL, '0', 0, 0, 0, 0, NULL, '2022-07-23 17:09:43', '2022-07-23 17:09:43'),
(872, '24072022010126', 46, NULL, NULL, '0', 0, 0, 0, 0, NULL, '2022-07-23 17:09:43', '2022-07-23 17:09:43'),
(874, '24072022010128', 48, NULL, NULL, '0', 0, 0, 0, 0, NULL, '2022-07-23 17:09:43', '2022-07-23 17:09:43'),
(875, '24072022010129', 49, NULL, NULL, '0', 0, 0, 0, 0, NULL, '2022-07-23 17:09:43', '2022-07-23 17:09:43'),
(876, '24072022010130', 50, NULL, NULL, '0', 0, 0, 0, 0, NULL, '2022-07-23 17:09:43', '2022-07-23 17:09:43'),
(877, '24072022010131', 51, NULL, NULL, '0', 0, 0, 0, 0, NULL, '2022-07-23 17:09:43', '2022-07-23 17:09:43'),
(878, '24072022010132', 52, NULL, NULL, '0', 0, 0, 0, 0, NULL, '2022-07-23 17:09:43', '2022-07-23 17:09:43'),
(880, '24072022010134', 54, NULL, NULL, '0', 0, 0, 0, 0, NULL, '2022-07-23 17:09:43', '2022-07-23 17:09:43'),
(881, '24072022010135', 55, NULL, NULL, '0', 0, 0, 0, 0, NULL, '2022-07-23 17:09:43', '2022-07-23 17:09:43'),
(882, '24072022010136', 56, NULL, NULL, '0', 0, 0, 0, 0, NULL, '2022-07-23 17:09:43', '2022-07-23 17:09:43'),
(883, '24072022010137', 57, NULL, NULL, '0', 0, 0, 0, 0, NULL, '2022-07-23 17:09:43', '2022-07-23 17:09:43'),
(884, '24072022010138', 58, NULL, NULL, '0', 0, 0, 0, 0, NULL, '2022-07-23 17:09:43', '2022-07-23 17:09:43'),
(885, '24072022010139', 60, NULL, NULL, '0', 0, 0, 0, 0, NULL, '2022-07-23 17:09:43', '2022-07-23 17:09:43'),
(886, '24072022010140', 61, NULL, NULL, '0', 0, 0, 0, 0, NULL, '2022-07-23 17:09:43', '2022-07-23 17:09:43'),
(887, '24072022010141', 62, NULL, NULL, '0', 0, 0, 0, 0, NULL, '2022-07-23 17:09:43', '2022-07-23 17:09:43'),
(888, '24072022010142', 63, NULL, NULL, '0', 0, 0, 0, 0, NULL, '2022-07-23 17:09:43', '2022-07-23 17:09:43'),
(889, '24072022010143', 64, NULL, NULL, '0', 0, 0, 0, 0, NULL, '2022-07-23 17:09:43', '2022-07-23 17:09:43'),
(890, '24072022010144', 65, NULL, NULL, '0', 0, 0, 0, 0, NULL, '2022-07-23 17:09:43', '2022-07-23 17:09:43'),
(893, '24072022010147', 68, NULL, NULL, '0', 0, 0, 0, 0, NULL, '2022-07-23 17:09:43', '2022-07-23 17:09:43'),
(894, '24072022010148', 69, NULL, NULL, '0', 0, 0, 0, 0, NULL, '2022-07-23 17:09:43', '2022-07-23 17:09:43'),
(895, '24072022010149', 70, NULL, NULL, '0', 0, 0, 0, 0, NULL, '2022-07-23 17:09:43', '2022-07-23 17:09:43'),
(896, '24072022010150', 71, NULL, NULL, '0', 0, 0, 0, 0, NULL, '2022-07-23 17:09:43', '2022-07-23 17:09:43'),
(897, '24072022010151', 72, NULL, NULL, '0', 0, 0, 0, 0, NULL, '2022-07-23 17:09:43', '2022-07-23 17:09:43'),
(898, '24072022010152', 73, NULL, NULL, '0', 0, 0, 0, 0, NULL, '2022-07-23 17:09:43', '2022-07-23 17:09:43'),
(899, '24072022010153', 74, NULL, NULL, '0', 0, 0, 0, 0, NULL, '2022-07-23 17:09:43', '2022-07-23 17:09:43'),
(900, '24072022010154', 75, NULL, NULL, '0', 0, 0, 0, 0, NULL, '2022-07-23 17:09:43', '2022-07-23 17:09:43'),
(901, '24072022010155', 76, NULL, NULL, '0', 0, 0, 0, 0, NULL, '2022-07-23 17:09:43', '2022-07-23 17:09:43'),
(902, '24072022010156', 77, NULL, NULL, '0', 0, 0, 0, 0, NULL, '2022-07-23 17:09:43', '2022-07-23 17:09:43'),
(903, '24072022010157', 78, NULL, NULL, '0', 0, 0, 0, 0, NULL, '2022-07-23 17:09:43', '2022-07-23 17:09:43'),
(904, '24072022010158', 79, NULL, NULL, '0', 0, 0, 0, 0, NULL, '2022-07-23 17:09:43', '2022-07-23 17:09:43'),
(905, '24072022010159', 80, NULL, NULL, '0', 0, 0, 0, 0, NULL, '2022-07-23 17:09:43', '2022-07-23 17:09:43'),
(906, '24072022010160', 81, NULL, NULL, '0', 0, 0, 0, 0, NULL, '2022-07-23 17:09:43', '2022-07-23 17:09:43'),
(907, '24072022010161', 82, NULL, NULL, '0', 0, 0, 0, 0, NULL, '2022-07-23 17:09:43', '2022-07-23 17:09:43'),
(908, '24072022010162', 83, NULL, NULL, '0', 0, 0, 0, 0, NULL, '2022-07-23 17:09:43', '2022-07-23 17:09:43'),
(909, '24072022010163', 84, NULL, NULL, '0', 0, 0, 0, 0, NULL, '2022-07-23 17:09:43', '2022-07-23 17:09:43'),
(910, '24072022010164', 85, NULL, NULL, '0', 0, 0, 0, 0, NULL, '2022-07-23 17:09:43', '2022-07-23 17:09:43'),
(911, '24072022010165', 86, NULL, NULL, '0', 0, 0, 0, 0, NULL, '2022-07-23 17:09:43', '2022-07-23 17:09:43'),
(912, '24072022010166', 87, NULL, NULL, '0', 0, 0, 0, 0, NULL, '2022-07-23 17:09:43', '2022-07-23 17:09:43'),
(913, '24072022010167', 88, NULL, NULL, '0', 0, 0, 0, 0, NULL, '2022-07-23 17:09:43', '2022-07-23 17:09:43'),
(914, '24072022010168', 89, NULL, NULL, '0', 0, 0, 0, 0, NULL, '2022-07-23 17:09:43', '2022-07-23 17:09:43'),
(915, '24072022010169', 90, NULL, NULL, '0', 0, 0, 0, 0, NULL, '2022-07-23 17:09:43', '2022-07-23 17:09:43'),
(916, '24072022010170', 91, NULL, NULL, '0', 0, 0, 0, 0, NULL, '2022-07-23 17:09:43', '2022-07-23 17:09:43'),
(918, '24072022010172', 93, NULL, NULL, '0', 0, 0, 0, 0, NULL, '2022-07-23 17:09:43', '2022-07-23 17:09:43'),
(919, '24072022010173', 94, NULL, NULL, '0', 0, 0, 0, 0, NULL, '2022-07-23 17:09:43', '2022-07-23 17:09:43'),
(920, '24072022010174', 95, NULL, NULL, '0', 0, 0, 0, 0, NULL, '2022-07-23 17:09:43', '2022-07-23 17:09:43'),
(921, '24072022010175', 96, NULL, NULL, '0', 0, 0, 0, 0, NULL, '2022-07-23 17:09:43', '2022-07-23 17:09:43'),
(922, '24072022010176', 97, NULL, NULL, '0', 0, 0, 0, 0, NULL, '2022-07-23 17:09:43', '2022-07-23 17:09:43'),
(923, '24072022010177', 98, NULL, NULL, '0', 0, 0, 0, 0, NULL, '2022-07-23 17:09:43', '2022-07-23 17:09:43'),
(924, '24072022010178', 99, NULL, NULL, '0', 0, 0, 0, 0, NULL, '2022-07-23 17:09:43', '2022-07-23 17:09:43'),
(925, '24072022010179', 100, NULL, NULL, '0', 0, 0, 0, 0, NULL, '2022-07-23 17:09:43', '2022-07-23 17:09:43'),
(926, '24072022010180', 101, NULL, NULL, '0', 0, 0, 0, 0, NULL, '2022-07-23 17:09:43', '2022-07-23 17:09:43'),
(927, '24072022010181', 102, NULL, NULL, '0', 0, 0, 0, 0, NULL, '2022-07-23 17:09:43', '2022-07-23 17:09:43'),
(929, '24072022010183', 104, NULL, NULL, '0', 0, 0, 0, 0, NULL, '2022-07-23 17:09:43', '2022-07-23 17:09:43'),
(930, '24072022010184', 107, NULL, NULL, '0', 0, 0, 0, 0, NULL, '2022-07-23 17:09:43', '2022-07-23 17:09:43'),
(931, '24072022010185', 111, NULL, NULL, '0', 0, 0, 0, 0, NULL, '2022-07-23 17:09:43', '2022-07-23 17:09:43'),
(932, '24072022010186', 112, NULL, NULL, '0', 0, 0, 0, 0, NULL, '2022-07-23 17:09:43', '2022-07-23 17:09:43'),
(933, '24072022010187', 114, NULL, NULL, '0', 0, 0, 0, 0, NULL, '2022-07-23 17:09:43', '2022-07-23 17:09:43'),
(934, '24072022010188', 115, NULL, NULL, '0', 0, 0, 0, 0, NULL, '2022-07-23 17:09:43', '2022-07-23 17:09:43'),
(935, '24072022010189', 116, NULL, NULL, '0', 0, 0, 0, 0, NULL, '2022-07-23 17:09:43', '2022-07-23 17:09:43'),
(936, '24072022010190', 117, NULL, NULL, '0', 0, 0, 0, 0, NULL, '2022-07-23 17:09:43', '2022-07-23 17:09:43'),
(937, '13022023010191', 4, NULL, NULL, '0', 750000, 0, 0, 0, NULL, '2023-02-13 11:16:27', '2023-02-13 11:16:27'),
(938, '13022023010192', 28, NULL, NULL, '0', 0, 0, 0, 0, NULL, '2023-02-13 11:16:27', '2023-02-13 11:16:27'),
(939, '13022023010193', 29, NULL, NULL, '0', 0, 0, 0, 0, NULL, '2023-02-13 11:16:27', '2023-02-13 11:16:27'),
(940, '13022023010194', 30, NULL, NULL, '0', 0, 0, 0, 0, NULL, '2023-02-13 11:16:27', '2023-02-13 11:16:27'),
(941, '13022023010195', 31, NULL, NULL, '0', 0, 0, 0, 0, NULL, '2023-02-13 11:16:27', '2023-02-13 11:16:27'),
(942, '13022023010196', 32, NULL, NULL, '0', 0, 0, 0, 0, NULL, '2023-02-13 11:16:27', '2023-02-13 11:16:27'),
(943, '13022023010197', 33, NULL, NULL, '0', 0, 0, 0, 0, NULL, '2023-02-13 11:16:27', '2023-02-13 11:16:27'),
(944, '13022023010198', 34, NULL, NULL, '0', 0, 0, 0, 0, NULL, '2023-02-13 11:16:27', '2023-02-13 11:16:27'),
(945, '13022023010199', 35, NULL, NULL, '0', 0, 0, 0, 0, NULL, '2023-02-13 11:16:27', '2023-02-13 11:16:27'),
(946, '13022023010200', 36, NULL, NULL, '0', 0, 0, 0, 0, NULL, '2023-02-13 11:16:27', '2023-02-13 11:16:27'),
(947, '13022023010201', 38, NULL, NULL, '0', 0, 0, 0, 0, NULL, '2023-02-13 11:16:27', '2023-02-13 11:16:27'),
(948, '13022023010202', 39, NULL, NULL, '0', 0, 0, 0, 0, NULL, '2023-02-13 11:16:27', '2023-02-13 11:16:27'),
(949, '13022023010203', 40, NULL, NULL, '0', 0, 0, 0, 0, NULL, '2023-02-13 11:16:27', '2023-02-13 11:16:27'),
(950, '13022023010204', 42, NULL, NULL, '0', 0, 0, 0, 0, NULL, '2023-02-13 11:16:27', '2023-02-13 11:16:27'),
(951, '13022023010205', 43, NULL, NULL, '0', 0, 0, 0, 0, NULL, '2023-02-13 11:16:27', '2023-02-13 11:16:27'),
(952, '13022023010206', 44, NULL, NULL, '0', 0, 0, 0, 0, NULL, '2023-02-13 11:16:27', '2023-02-13 11:16:27'),
(953, '13022023010207', 45, NULL, NULL, '0', 0, 0, 0, 0, NULL, '2023-02-13 11:16:27', '2023-02-13 11:16:27'),
(954, '13022023010208', 46, NULL, NULL, '0', 0, 0, 0, 0, NULL, '2023-02-13 11:16:27', '2023-02-13 11:16:27'),
(956, '13022023010210', 48, NULL, NULL, '0', 0, 0, 0, 0, NULL, '2023-02-13 11:16:27', '2023-02-13 11:16:27'),
(957, '13022023010211', 49, NULL, NULL, '0', 0, 0, 0, 0, NULL, '2023-02-13 11:16:27', '2023-02-13 11:16:27'),
(958, '13022023010212', 50, NULL, NULL, '0', 0, 0, 0, 0, NULL, '2023-02-13 11:16:27', '2023-02-13 11:16:27'),
(959, '13022023010213', 51, NULL, NULL, '0', 0, 0, 0, 0, NULL, '2023-02-13 11:16:27', '2023-02-13 11:16:27'),
(960, '13022023010214', 52, NULL, NULL, '0', 0, 0, 0, 0, NULL, '2023-02-13 11:16:27', '2023-02-13 11:16:27'),
(962, '13022023010216', 54, NULL, NULL, '0', 0, 0, 0, 0, NULL, '2023-02-13 11:16:27', '2023-02-13 11:16:27'),
(963, '13022023010217', 55, NULL, NULL, '0', 0, 0, 0, 0, NULL, '2023-02-13 11:16:27', '2023-02-13 11:16:27'),
(964, '13022023010218', 56, NULL, NULL, '0', 0, 0, 0, 0, NULL, '2023-02-13 11:16:27', '2023-02-13 11:16:27'),
(965, '13022023010219', 57, NULL, NULL, '0', 0, 0, 0, 0, NULL, '2023-02-13 11:16:27', '2023-02-13 11:16:27'),
(966, '13022023010220', 58, NULL, NULL, '0', 0, 0, 0, 0, NULL, '2023-02-13 11:16:27', '2023-02-13 11:16:27'),
(967, '13022023010221', 60, NULL, NULL, '0', 0, 0, 0, 0, NULL, '2023-02-13 11:16:27', '2023-02-13 11:16:27'),
(968, '13022023010222', 61, NULL, NULL, '0', 0, 0, 0, 0, NULL, '2023-02-13 11:16:27', '2023-02-13 11:16:27'),
(969, '13022023010223', 62, NULL, NULL, '0', 0, 0, 0, 0, NULL, '2023-02-13 11:16:27', '2023-02-13 11:16:27'),
(970, '13022023010224', 63, NULL, NULL, '0', 0, 0, 0, 0, NULL, '2023-02-13 11:16:27', '2023-02-13 11:16:27'),
(971, '13022023010225', 64, NULL, NULL, '0', 0, 0, 0, 0, NULL, '2023-02-13 11:16:27', '2023-02-13 11:16:27'),
(972, '13022023010226', 65, NULL, NULL, '0', 0, 0, 0, 0, NULL, '2023-02-13 11:16:27', '2023-02-13 11:16:27'),
(975, '13022023010229', 68, NULL, NULL, '0', 0, 0, 0, 0, NULL, '2023-02-13 11:16:27', '2023-02-13 11:16:27'),
(976, '13022023010230', 69, NULL, NULL, '0', 0, 0, 0, 0, NULL, '2023-02-13 11:16:27', '2023-02-13 11:16:27'),
(977, '13022023010231', 70, NULL, NULL, '0', 0, 0, 0, 0, NULL, '2023-02-13 11:16:27', '2023-02-13 11:16:27'),
(978, '13022023010232', 71, NULL, NULL, '0', 0, 0, 0, 0, NULL, '2023-02-13 11:16:27', '2023-02-13 11:16:27'),
(979, '13022023010233', 72, NULL, NULL, '0', 0, 0, 0, 0, NULL, '2023-02-13 11:16:27', '2023-02-13 11:16:27'),
(980, '13022023010234', 73, NULL, NULL, '0', 0, 0, 0, 0, NULL, '2023-02-13 11:16:27', '2023-02-13 11:16:27'),
(981, '13022023010235', 74, NULL, NULL, '0', 0, 0, 0, 0, NULL, '2023-02-13 11:16:27', '2023-02-13 11:16:27'),
(982, '13022023010236', 75, NULL, NULL, '0', 0, 0, 0, 0, NULL, '2023-02-13 11:16:27', '2023-02-13 11:16:27'),
(983, '13022023010237', 76, NULL, NULL, '0', 0, 0, 0, 0, NULL, '2023-02-13 11:16:27', '2023-02-13 11:16:27'),
(984, '13022023010238', 77, NULL, NULL, '0', 0, 0, 0, 0, NULL, '2023-02-13 11:16:27', '2023-02-13 11:16:27'),
(985, '13022023010239', 78, NULL, NULL, '0', 0, 0, 0, 0, NULL, '2023-02-13 11:16:27', '2023-02-13 11:16:27'),
(986, '13022023010240', 79, NULL, NULL, '0', 0, 0, 0, 0, NULL, '2023-02-13 11:16:27', '2023-02-13 11:16:27'),
(987, '13022023010241', 80, NULL, NULL, '0', 0, 0, 0, 0, NULL, '2023-02-13 11:16:27', '2023-02-13 11:16:27'),
(988, '13022023010242', 81, NULL, NULL, '0', 0, 0, 0, 0, NULL, '2023-02-13 11:16:27', '2023-02-13 11:16:27'),
(989, '13022023010243', 82, NULL, NULL, '0', 0, 0, 0, 0, NULL, '2023-02-13 11:16:27', '2023-02-13 11:16:27'),
(990, '13022023010244', 83, NULL, NULL, '0', 0, 0, 0, 0, NULL, '2023-02-13 11:16:27', '2023-02-13 11:16:27'),
(991, '13022023010245', 84, NULL, NULL, '0', 0, 0, 0, 0, NULL, '2023-02-13 11:16:27', '2023-02-13 11:16:27'),
(992, '13022023010246', 85, NULL, NULL, '0', 0, 0, 0, 0, NULL, '2023-02-13 11:16:27', '2023-02-13 11:16:27'),
(993, '13022023010247', 86, NULL, NULL, '0', 0, 0, 0, 0, NULL, '2023-02-13 11:16:27', '2023-02-13 11:16:27'),
(994, '13022023010248', 87, NULL, NULL, '0', 0, 0, 0, 0, NULL, '2023-02-13 11:16:27', '2023-02-13 11:16:27'),
(995, '13022023010249', 88, NULL, NULL, '0', 0, 0, 0, 0, NULL, '2023-02-13 11:16:27', '2023-02-13 11:16:27'),
(996, '13022023010250', 89, NULL, NULL, '0', 0, 0, 0, 0, NULL, '2023-02-13 11:16:27', '2023-02-13 11:16:27'),
(997, '13022023010251', 90, NULL, NULL, '0', 0, 0, 0, 0, NULL, '2023-02-13 11:16:27', '2023-02-13 11:16:27'),
(998, '13022023010252', 91, NULL, NULL, '0', 0, 0, 0, 0, NULL, '2023-02-13 11:16:27', '2023-02-13 11:16:27'),
(1000, '13022023010254', 93, NULL, NULL, '0', 0, 0, 0, 0, NULL, '2023-02-13 11:16:27', '2023-02-13 11:16:27'),
(1001, '13022023010255', 94, NULL, NULL, '0', 0, 0, 0, 0, NULL, '2023-02-13 11:16:27', '2023-02-13 11:16:27'),
(1002, '13022023010256', 95, NULL, NULL, '0', 0, 0, 0, 0, NULL, '2023-02-13 11:16:27', '2023-02-13 11:16:27'),
(1003, '13022023010257', 96, NULL, NULL, '0', 0, 0, 0, 0, NULL, '2023-02-13 11:16:27', '2023-02-13 11:16:27'),
(1004, '13022023010258', 97, NULL, NULL, '0', 0, 0, 0, 0, NULL, '2023-02-13 11:16:27', '2023-02-13 11:16:27'),
(1005, '13022023010259', 98, NULL, NULL, '0', 0, 0, 0, 0, NULL, '2023-02-13 11:16:27', '2023-02-13 11:16:27'),
(1006, '13022023010260', 99, NULL, NULL, '0', 0, 0, 0, 0, NULL, '2023-02-13 11:16:27', '2023-02-13 11:16:27'),
(1007, '13022023010261', 100, NULL, NULL, '0', 0, 0, 0, 0, NULL, '2023-02-13 11:16:27', '2023-02-13 11:16:27'),
(1008, '13022023010262', 101, NULL, NULL, '0', 0, 0, 0, 0, NULL, '2023-02-13 11:16:28', '2023-02-13 11:16:28'),
(1009, '13022023010263', 102, NULL, NULL, '0', 0, 0, 0, 0, NULL, '2023-02-13 11:16:28', '2023-02-13 11:16:28'),
(1011, '13022023010265', 104, NULL, NULL, '0', 0, 0, 0, 0, NULL, '2023-02-13 11:16:28', '2023-02-13 11:16:28'),
(1012, '13022023010266', 107, NULL, NULL, '0', 0, 0, 0, 0, NULL, '2023-02-13 11:16:28', '2023-02-13 11:16:28'),
(1013, '13022023010267', 111, NULL, NULL, '0', 0, 0, 0, 0, NULL, '2023-02-13 11:16:28', '2023-02-13 11:16:28'),
(1014, '13022023010268', 112, NULL, NULL, '0', 0, 0, 0, 0, NULL, '2023-02-13 11:16:28', '2023-02-13 11:16:28'),
(1015, '13022023010269', 114, NULL, NULL, '0', 0, 0, 0, 0, NULL, '2023-02-13 11:16:28', '2023-02-13 11:16:28'),
(1016, '13022023010270', 115, NULL, NULL, '0', 0, 0, 0, 0, NULL, '2023-02-13 11:16:28', '2023-02-13 11:16:28'),
(1017, '13022023010271', 116, NULL, NULL, '0', 0, 0, 0, 0, NULL, '2023-02-13 11:16:28', '2023-02-13 11:16:28'),
(1018, '13022023010272', 117, NULL, NULL, '0', 0, 0, 0, 0, NULL, '2023-02-13 11:16:28', '2023-02-13 11:16:28'),
(1020, '18022023010274', 4, NULL, NULL, '0', 750000, 0, 0, 1, NULL, '2023-02-18 03:07:17', '2023-02-26 12:04:45'),
(1021, '18022023010275', 28, NULL, NULL, '0', 0, 0, 0, 0, NULL, '2023-02-18 03:07:17', '2023-02-18 03:07:17'),
(1022, '18022023010276', 29, NULL, NULL, '0', 0, 0, 0, 0, NULL, '2023-02-18 03:07:17', '2023-02-18 03:07:17'),
(1023, '18022023010277', 30, NULL, NULL, '0', 0, 0, 0, 0, NULL, '2023-02-18 03:07:17', '2023-02-18 03:07:17'),
(1024, '18022023010278', 31, NULL, NULL, '0', 0, 0, 0, 0, NULL, '2023-02-18 03:07:17', '2023-02-18 03:07:17'),
(1025, '18022023010279', 32, NULL, NULL, '0', 0, 0, 0, 0, NULL, '2023-02-18 03:07:17', '2023-02-18 03:07:17'),
(1026, '18022023010280', 33, NULL, NULL, '0', 0, 0, 0, 0, NULL, '2023-02-18 03:07:17', '2023-02-18 03:07:17'),
(1027, '18022023010281', 34, NULL, NULL, '0', 0, 0, 0, 0, NULL, '2023-02-18 03:07:17', '2023-02-18 03:07:17'),
(1028, '18022023010282', 35, NULL, NULL, '0', 0, 0, 0, 0, NULL, '2023-02-18 03:07:17', '2023-02-18 03:07:17'),
(1029, '18022023010283', 36, NULL, NULL, '0', 0, 0, 0, 0, NULL, '2023-02-18 03:07:17', '2023-02-18 03:07:17'),
(1030, '18022023010284', 38, NULL, NULL, '0', 0, 0, 0, 0, NULL, '2023-02-18 03:07:17', '2023-02-18 03:07:17'),
(1031, '18022023010285', 39, NULL, NULL, '0', 0, 0, 0, 0, NULL, '2023-02-18 03:07:17', '2023-02-18 03:07:17'),
(1032, '18022023010286', 40, NULL, NULL, '0', 0, 0, 0, 0, NULL, '2023-02-18 03:07:17', '2023-02-18 03:07:17'),
(1033, '18022023010287', 42, NULL, NULL, '0', 0, 0, 0, 0, NULL, '2023-02-18 03:07:17', '2023-02-18 03:07:17'),
(1034, '18022023010288', 43, NULL, NULL, '0', 0, 0, 0, 0, NULL, '2023-02-18 03:07:17', '2023-02-18 03:07:17'),
(1035, '18022023010289', 44, NULL, NULL, '0', 0, 0, 0, 0, NULL, '2023-02-18 03:07:17', '2023-02-18 03:07:17'),
(1036, '18022023010290', 45, NULL, NULL, '0', 0, 0, 0, 0, NULL, '2023-02-18 03:07:17', '2023-02-18 03:07:17'),
(1037, '18022023010291', 46, NULL, NULL, '0', 0, 0, 0, 0, NULL, '2023-02-18 03:07:17', '2023-02-18 03:07:17'),
(1039, '18022023010293', 48, NULL, NULL, '0', 0, 0, 0, 0, NULL, '2023-02-18 03:07:17', '2023-02-18 03:07:17'),
(1040, '18022023010294', 49, NULL, NULL, '0', 0, 0, 0, 0, NULL, '2023-02-18 03:07:17', '2023-02-18 03:07:17'),
(1041, '18022023010295', 50, NULL, NULL, '0', 0, 0, 0, 0, NULL, '2023-02-18 03:07:17', '2023-02-18 03:07:17'),
(1042, '18022023010296', 51, NULL, NULL, '0', 0, 0, 0, 0, NULL, '2023-02-18 03:07:17', '2023-02-18 03:07:17'),
(1043, '18022023010297', 52, NULL, NULL, '0', 0, 0, 0, 0, NULL, '2023-02-18 03:07:17', '2023-02-18 03:07:17'),
(1045, '18022023010299', 54, NULL, NULL, '0', 0, 0, 0, 0, NULL, '2023-02-18 03:07:17', '2023-02-18 03:07:17'),
(1046, '18022023010300', 55, NULL, NULL, '0', 0, 0, 0, 0, NULL, '2023-02-18 03:07:17', '2023-02-18 03:07:17'),
(1047, '18022023010301', 56, NULL, NULL, '0', 0, 0, 0, 0, NULL, '2023-02-18 03:07:17', '2023-02-18 03:07:17'),
(1048, '18022023010302', 57, NULL, NULL, '0', 0, 0, 0, 0, NULL, '2023-02-18 03:07:17', '2023-02-18 03:07:17'),
(1049, '18022023010303', 58, NULL, NULL, '0', 0, 0, 0, 0, NULL, '2023-02-18 03:07:17', '2023-02-18 03:07:17'),
(1050, '18022023010304', 60, NULL, NULL, '0', 0, 0, 0, 0, NULL, '2023-02-18 03:07:17', '2023-02-18 03:07:17'),
(1051, '18022023010305', 61, NULL, NULL, '0', 0, 0, 0, 0, NULL, '2023-02-18 03:07:17', '2023-02-18 03:07:17'),
(1052, '18022023010306', 62, NULL, NULL, '0', 0, 0, 0, 0, NULL, '2023-02-18 03:07:17', '2023-02-18 03:07:17'),
(1053, '18022023010307', 63, NULL, NULL, '0', 0, 0, 0, 0, NULL, '2023-02-18 03:07:17', '2023-02-18 03:07:17'),
(1054, '18022023010308', 64, NULL, NULL, '0', 0, 0, 0, 0, NULL, '2023-02-18 03:07:17', '2023-02-18 03:07:17'),
(1055, '18022023010309', 65, NULL, NULL, '0', 0, 0, 0, 0, NULL, '2023-02-18 03:07:17', '2023-02-18 03:07:17'),
(1058, '18022023010312', 68, NULL, NULL, '0', 0, 0, 0, 0, NULL, '2023-02-18 03:07:17', '2023-02-18 03:07:17'),
(1059, '18022023010313', 69, NULL, NULL, '0', 0, 0, 0, 0, NULL, '2023-02-18 03:07:17', '2023-02-18 03:07:17'),
(1060, '18022023010314', 70, NULL, NULL, '0', 0, 0, 0, 0, NULL, '2023-02-18 03:07:17', '2023-02-18 03:07:17'),
(1061, '18022023010315', 71, NULL, NULL, '0', 0, 0, 0, 0, NULL, '2023-02-18 03:07:17', '2023-02-18 03:07:17'),
(1062, '18022023010316', 72, NULL, NULL, '0', 0, 0, 0, 0, NULL, '2023-02-18 03:07:17', '2023-02-18 03:07:17'),
(1063, '18022023010317', 73, NULL, NULL, '0', 0, 0, 0, 0, NULL, '2023-02-18 03:07:17', '2023-02-18 03:07:17'),
(1064, '18022023010318', 74, NULL, NULL, '0', 0, 0, 0, 0, NULL, '2023-02-18 03:07:17', '2023-02-18 03:07:17'),
(1065, '18022023010319', 75, NULL, NULL, '0', 0, 0, 0, 0, NULL, '2023-02-18 03:07:17', '2023-02-18 03:07:17'),
(1066, '18022023010320', 76, NULL, NULL, '0', 0, 0, 0, 0, NULL, '2023-02-18 03:07:17', '2023-02-18 03:07:17'),
(1067, '18022023010321', 77, NULL, NULL, '0', 0, 0, 0, 0, NULL, '2023-02-18 03:07:17', '2023-02-18 03:07:17'),
(1068, '18022023010322', 78, NULL, NULL, '0', 0, 0, 0, 0, NULL, '2023-02-18 03:07:17', '2023-02-18 03:07:17'),
(1069, '18022023010323', 79, NULL, NULL, '0', 0, 0, 0, 0, NULL, '2023-02-18 03:07:17', '2023-02-18 03:07:17'),
(1070, '18022023010324', 80, NULL, NULL, '0', 0, 0, 0, 0, NULL, '2023-02-18 03:07:17', '2023-02-18 03:07:17'),
(1071, '18022023010325', 81, NULL, NULL, '0', 0, 0, 0, 0, NULL, '2023-02-18 03:07:17', '2023-02-18 03:07:17'),
(1072, '18022023010326', 82, NULL, NULL, '0', 0, 0, 0, 0, NULL, '2023-02-18 03:07:17', '2023-02-18 03:07:17'),
(1073, '18022023010327', 83, NULL, NULL, '0', 0, 0, 0, 0, NULL, '2023-02-18 03:07:17', '2023-02-18 03:07:17'),
(1074, '18022023010328', 84, NULL, NULL, '0', 0, 0, 0, 0, NULL, '2023-02-18 03:07:17', '2023-02-18 03:07:17'),
(1075, '18022023010329', 85, NULL, NULL, '0', 0, 0, 0, 0, NULL, '2023-02-18 03:07:17', '2023-02-18 03:07:17'),
(1076, '18022023010330', 86, NULL, NULL, '0', 0, 0, 0, 0, NULL, '2023-02-18 03:07:17', '2023-02-18 03:07:17'),
(1077, '18022023010331', 87, NULL, NULL, '0', 0, 0, 0, 0, NULL, '2023-02-18 03:07:17', '2023-02-18 03:07:17'),
(1078, '18022023010332', 88, NULL, NULL, '0', 0, 0, 0, 0, NULL, '2023-02-18 03:07:17', '2023-02-18 03:07:17'),
(1079, '18022023010333', 89, NULL, NULL, '0', 0, 0, 0, 0, NULL, '2023-02-18 03:07:17', '2023-02-18 03:07:17'),
(1080, '18022023010334', 90, NULL, NULL, '0', 0, 0, 0, 0, NULL, '2023-02-18 03:07:17', '2023-02-18 03:07:17'),
(1081, '18022023010335', 91, NULL, NULL, '0', 0, 0, 0, 0, NULL, '2023-02-18 03:07:17', '2023-02-18 03:07:17'),
(1083, '18022023010337', 93, NULL, NULL, '0', 0, 0, 0, 0, NULL, '2023-02-18 03:07:17', '2023-02-18 03:07:17'),
(1084, '18022023010338', 94, NULL, NULL, '0', 0, 0, 0, 0, NULL, '2023-02-18 03:07:17', '2023-02-18 03:07:17'),
(1085, '18022023010339', 95, NULL, NULL, '0', 0, 0, 0, 0, NULL, '2023-02-18 03:07:17', '2023-02-18 03:07:17'),
(1086, '18022023010340', 96, NULL, NULL, '0', 0, 0, 0, 0, NULL, '2023-02-18 03:07:17', '2023-02-18 03:07:17'),
(1087, '18022023010341', 97, NULL, NULL, '0', 0, 0, 0, 0, NULL, '2023-02-18 03:07:17', '2023-02-18 03:07:17'),
(1088, '18022023010342', 98, NULL, NULL, '0', 0, 0, 0, 0, NULL, '2023-02-18 03:07:17', '2023-02-18 03:07:17'),
(1089, '18022023010343', 99, NULL, NULL, '0', 0, 0, 0, 0, NULL, '2023-02-18 03:07:17', '2023-02-18 03:07:17'),
(1090, '18022023010344', 100, NULL, NULL, '0', 0, 0, 0, 0, NULL, '2023-02-18 03:07:17', '2023-02-18 03:07:17'),
(1091, '18022023010345', 101, NULL, NULL, '0', 0, 0, 0, 0, NULL, '2023-02-18 03:07:17', '2023-02-18 03:07:17'),
(1092, '18022023010346', 102, NULL, NULL, '0', 0, 0, 0, 0, NULL, '2023-02-18 03:07:17', '2023-02-18 03:07:17'),
(1094, '18022023010348', 104, NULL, NULL, '0', 0, 0, 0, 0, NULL, '2023-02-18 03:07:17', '2023-02-18 03:07:17'),
(1095, '18022023010349', 107, NULL, NULL, '0', 0, 0, 0, 0, NULL, '2023-02-18 03:07:17', '2023-02-18 03:07:17'),
(1096, '18022023010350', 111, NULL, NULL, '0', 0, 0, 0, 0, NULL, '2023-02-18 03:07:17', '2023-02-18 03:07:17'),
(1097, '18022023010351', 112, NULL, NULL, '0', 0, 0, 0, 0, NULL, '2023-02-18 03:07:17', '2023-02-18 03:07:17'),
(1098, '18022023010352', 114, NULL, NULL, '0', 0, 0, 0, 0, NULL, '2023-02-18 03:07:17', '2023-02-18 03:07:17'),
(1099, '18022023010353', 115, NULL, NULL, '0', 0, 0, 0, 0, NULL, '2023-02-18 03:07:17', '2023-02-18 03:07:17'),
(1100, '18022023010354', 116, NULL, NULL, '0', 0, 0, 0, 0, NULL, '2023-02-18 03:07:17', '2023-02-18 03:07:17'),
(1101, '18022023010355', 117, NULL, NULL, '0', 0, 0, 0, 0, NULL, '2023-02-18 03:07:17', '2023-02-18 03:07:17'),
(1103, '28022023010357', 4, NULL, NULL, '0', 750000, 0, 0, 0, NULL, '2023-02-27 20:04:41', '2023-02-27 20:04:41'),
(1104, '28022023010358', 28, NULL, NULL, '0', 0, 0, 0, 0, NULL, '2023-02-27 20:04:41', '2023-02-27 20:04:41'),
(1105, '28022023010359', 29, NULL, NULL, '0', 0, 0, 0, 0, NULL, '2023-02-27 20:04:41', '2023-02-27 20:04:41'),
(1106, '28022023010360', 30, NULL, NULL, '0', 0, 0, 0, 0, NULL, '2023-02-27 20:04:41', '2023-02-27 20:04:41'),
(1107, '28022023010361', 31, NULL, NULL, '0', 0, 0, 0, 0, NULL, '2023-02-27 20:04:41', '2023-02-27 20:04:41'),
(1108, '28022023010362', 32, NULL, NULL, '0', 0, 0, 0, 0, NULL, '2023-02-27 20:04:41', '2023-02-27 20:04:41'),
(1109, '28022023010363', 33, NULL, NULL, '0', 0, 0, 0, 0, NULL, '2023-02-27 20:04:41', '2023-02-27 20:04:41'),
(1110, '28022023010364', 34, NULL, NULL, '0', 0, 0, 0, 0, NULL, '2023-02-27 20:04:41', '2023-02-27 20:04:41'),
(1111, '28022023010365', 35, NULL, NULL, '0', 0, 0, 0, 0, NULL, '2023-02-27 20:04:41', '2023-02-27 20:04:41'),
(1112, '28022023010366', 36, NULL, NULL, '0', 0, 0, 0, 0, NULL, '2023-02-27 20:04:41', '2023-02-27 20:04:41'),
(1113, '28022023010367', 38, NULL, NULL, '0', 0, 0, 0, 0, NULL, '2023-02-27 20:04:41', '2023-02-27 20:04:41'),
(1114, '28022023010368', 39, NULL, NULL, '0', 125000, 25000, 25000, 0, NULL, '2023-02-27 20:04:41', '2023-02-27 20:04:41'),
(1115, '28022023010369', 40, NULL, NULL, '0', 75000, 15000, 15000, 0, NULL, '2023-02-27 20:04:41', '2023-02-27 20:04:41'),
(1116, '28022023010370', 42, NULL, NULL, '0', 0, 0, 0, 0, NULL, '2023-02-27 20:04:41', '2023-02-27 20:04:41'),
(1117, '28022023010371', 43, NULL, NULL, '0', 0, 0, 0, 0, NULL, '2023-02-27 20:04:41', '2023-02-27 20:04:41'),
(1118, '28022023010372', 44, NULL, NULL, '0', 0, 0, 0, 0, NULL, '2023-02-27 20:04:41', '2023-02-27 20:04:41'),
(1119, '28022023010373', 45, NULL, NULL, '0', 0, 0, 0, 0, NULL, '2023-02-27 20:04:41', '2023-02-27 20:04:41'),
(1120, '28022023010374', 46, NULL, NULL, '0', 0, 0, 0, 0, NULL, '2023-02-27 20:04:41', '2023-02-27 20:04:41'),
(1122, '28022023010376', 48, NULL, NULL, '0', 0, 0, 0, 0, NULL, '2023-02-27 20:04:41', '2023-02-27 20:04:41'),
(1123, '28022023010377', 49, NULL, NULL, '0', 0, 0, 0, 0, NULL, '2023-02-27 20:04:41', '2023-02-27 20:04:41'),
(1124, '28022023010378', 50, NULL, NULL, '0', 0, 0, 0, 0, NULL, '2023-02-27 20:04:41', '2023-02-27 20:04:41'),
(1125, '28022023010379', 51, NULL, NULL, '0', 0, 0, 0, 0, NULL, '2023-02-27 20:04:41', '2023-02-27 20:04:41'),
(1126, '28022023010380', 52, NULL, NULL, '0', 0, 0, 0, 0, NULL, '2023-02-27 20:04:41', '2023-02-27 20:04:41'),
(1128, '28022023010382', 54, NULL, NULL, '0', 0, 0, 0, 0, NULL, '2023-02-27 20:04:41', '2023-02-27 20:04:41'),
(1129, '28022023010383', 55, NULL, NULL, '0', 0, 0, 0, 0, NULL, '2023-02-27 20:04:41', '2023-02-27 20:04:41'),
(1130, '28022023010384', 56, NULL, NULL, '0', 0, 0, 0, 0, NULL, '2023-02-27 20:04:41', '2023-02-27 20:04:41'),
(1131, '28022023010385', 57, NULL, NULL, '0', 0, 0, 0, 0, NULL, '2023-02-27 20:04:41', '2023-02-27 20:04:41'),
(1132, '28022023010386', 58, NULL, NULL, '0', 0, 0, 0, 0, NULL, '2023-02-27 20:04:41', '2023-02-27 20:04:41'),
(1133, '28022023010387', 60, NULL, NULL, '0', 0, 0, 0, 0, NULL, '2023-02-27 20:04:41', '2023-02-27 20:04:41'),
(1134, '28022023010388', 61, NULL, NULL, '0', 0, 0, 0, 0, NULL, '2023-02-27 20:04:41', '2023-02-27 20:04:41'),
(1135, '28022023010389', 62, NULL, NULL, '0', 0, 0, 0, 0, NULL, '2023-02-27 20:04:41', '2023-02-27 20:04:41'),
(1136, '28022023010390', 63, NULL, NULL, '0', 0, 0, 0, 0, NULL, '2023-02-27 20:04:41', '2023-02-27 20:04:41'),
(1137, '28022023010391', 64, NULL, NULL, '0', 0, 0, 0, 0, NULL, '2023-02-27 20:04:41', '2023-02-27 20:04:41'),
(1138, '28022023010392', 65, NULL, NULL, '0', 0, 0, 0, 0, NULL, '2023-02-27 20:04:41', '2023-02-27 20:04:41'),
(1141, '28022023010395', 68, NULL, NULL, '0', 0, 0, 0, 0, NULL, '2023-02-27 20:04:41', '2023-02-27 20:04:41'),
(1142, '28022023010396', 69, NULL, NULL, '0', 0, 0, 0, 0, NULL, '2023-02-27 20:04:41', '2023-02-27 20:04:41'),
(1143, '28022023010397', 70, NULL, NULL, '0', 0, 0, 0, 0, NULL, '2023-02-27 20:04:41', '2023-02-27 20:04:41'),
(1144, '28022023010398', 71, NULL, NULL, '0', 0, 0, 0, 0, NULL, '2023-02-27 20:04:41', '2023-02-27 20:04:41'),
(1145, '28022023010399', 72, NULL, NULL, '0', 0, 0, 0, 0, NULL, '2023-02-27 20:04:42', '2023-02-27 20:04:42'),
(1146, '28022023010400', 73, NULL, NULL, '0', 0, 0, 0, 0, NULL, '2023-02-27 20:04:42', '2023-02-27 20:04:42'),
(1147, '28022023010401', 74, NULL, NULL, '0', 0, 0, 0, 0, NULL, '2023-02-27 20:04:42', '2023-02-27 20:04:42'),
(1148, '28022023010402', 75, NULL, NULL, '0', 0, 0, 0, 0, NULL, '2023-02-27 20:04:42', '2023-02-27 20:04:42'),
(1149, '28022023010403', 76, NULL, NULL, '0', 0, 0, 0, 0, NULL, '2023-02-27 20:04:42', '2023-02-27 20:04:42'),
(1150, '28022023010404', 77, NULL, NULL, '0', 0, 0, 0, 0, NULL, '2023-02-27 20:04:42', '2023-02-27 20:04:42'),
(1151, '28022023010405', 78, NULL, NULL, '0', 0, 0, 0, 0, NULL, '2023-02-27 20:04:42', '2023-02-27 20:04:42'),
(1152, '28022023010406', 79, NULL, NULL, '0', 0, 0, 0, 0, NULL, '2023-02-27 20:04:42', '2023-02-27 20:04:42'),
(1153, '28022023010407', 80, NULL, NULL, '0', 0, 0, 0, 0, NULL, '2023-02-27 20:04:42', '2023-02-27 20:04:42'),
(1154, '28022023010408', 81, NULL, NULL, '0', 0, 0, 0, 0, NULL, '2023-02-27 20:04:42', '2023-02-27 20:04:42'),
(1155, '28022023010409', 82, NULL, NULL, '0', 0, 0, 0, 0, NULL, '2023-02-27 20:04:42', '2023-02-27 20:04:42'),
(1156, '28022023010410', 83, NULL, NULL, '0', 0, 0, 0, 0, NULL, '2023-02-27 20:04:42', '2023-02-27 20:04:42'),
(1157, '28022023010411', 84, NULL, NULL, '0', 0, 0, 0, 0, NULL, '2023-02-27 20:04:42', '2023-02-27 20:04:42'),
(1158, '28022023010412', 85, NULL, NULL, '0', 0, 0, 0, 0, NULL, '2023-02-27 20:04:42', '2023-02-27 20:04:42'),
(1159, '28022023010413', 86, NULL, NULL, '0', 0, 0, 0, 0, NULL, '2023-02-27 20:04:42', '2023-02-27 20:04:42'),
(1160, '28022023010414', 87, NULL, NULL, '0', 0, 0, 0, 0, NULL, '2023-02-27 20:04:42', '2023-02-27 20:04:42'),
(1161, '28022023010415', 88, NULL, NULL, '0', 0, 0, 0, 0, NULL, '2023-02-27 20:04:42', '2023-02-27 20:04:42'),
(1162, '28022023010416', 89, NULL, NULL, '0', 0, 0, 0, 0, NULL, '2023-02-27 20:04:42', '2023-02-27 20:04:42'),
(1163, '28022023010417', 90, NULL, NULL, '0', 0, 0, 0, 0, NULL, '2023-02-27 20:04:42', '2023-02-27 20:04:42'),
(1164, '28022023010418', 91, NULL, NULL, '0', 0, 0, 0, 0, NULL, '2023-02-27 20:04:42', '2023-02-27 20:04:42'),
(1166, '28022023010420', 93, NULL, NULL, '0', 0, 0, 0, 0, NULL, '2023-02-27 20:04:42', '2023-02-27 20:04:42'),
(1167, '28022023010421', 94, NULL, NULL, '0', 0, 0, 0, 0, NULL, '2023-02-27 20:04:42', '2023-02-27 20:04:42'),
(1168, '28022023010422', 95, NULL, NULL, '0', 0, 0, 0, 0, NULL, '2023-02-27 20:04:42', '2023-02-27 20:04:42'),
(1169, '28022023010423', 96, NULL, NULL, '0', 0, 0, 0, 0, NULL, '2023-02-27 20:04:42', '2023-02-27 20:04:42'),
(1170, '28022023010424', 97, NULL, NULL, '0', 0, 0, 0, 0, NULL, '2023-02-27 20:04:42', '2023-02-27 20:04:42'),
(1171, '28022023010425', 98, NULL, NULL, '0', 0, 0, 0, 0, NULL, '2023-02-27 20:04:42', '2023-02-27 20:04:42'),
(1172, '28022023010426', 99, NULL, NULL, '0', 0, 0, 0, 0, NULL, '2023-02-27 20:04:42', '2023-02-27 20:04:42'),
(1173, '28022023010427', 100, NULL, NULL, '0', 0, 0, 0, 0, NULL, '2023-02-27 20:04:42', '2023-02-27 20:04:42'),
(1174, '28022023010428', 101, NULL, NULL, '0', 0, 0, 0, 0, NULL, '2023-02-27 20:04:42', '2023-02-27 20:04:42'),
(1175, '28022023010429', 102, NULL, NULL, '0', 0, 0, 0, 0, NULL, '2023-02-27 20:04:42', '2023-02-27 20:04:42'),
(1177, '28022023010431', 104, NULL, NULL, '0', 0, 0, 0, 0, NULL, '2023-02-27 20:04:42', '2023-02-27 20:04:42'),
(1178, '28022023010432', 107, NULL, NULL, '0', 0, 0, 0, 0, NULL, '2023-02-27 20:04:42', '2023-02-27 20:04:42'),
(1179, '28022023010433', 111, NULL, NULL, '0', 0, 0, 0, 0, NULL, '2023-02-27 20:04:42', '2023-02-27 20:04:42'),
(1180, '28022023010434', 112, NULL, NULL, '0', 0, 0, 0, 0, NULL, '2023-02-27 20:04:42', '2023-02-27 20:04:42'),
(1181, '28022023010435', 114, NULL, NULL, '0', 0, 0, 0, 0, NULL, '2023-02-27 20:04:42', '2023-02-27 20:04:42'),
(1182, '28022023010436', 115, NULL, NULL, '0', 0, 0, 0, 0, NULL, '2023-02-27 20:04:42', '2023-02-27 20:04:42'),
(1183, '28022023010437', 116, NULL, NULL, '0', 0, 0, 0, 0, NULL, '2023-02-27 20:04:42', '2023-02-27 20:04:42'),
(1184, '28022023010438', 117, NULL, NULL, '0', 0, 0, 0, 0, NULL, '2023-02-27 20:04:42', '2023-02-27 20:04:42');

-- --------------------------------------------------------

--
-- Table structure for table `permissions`
--

CREATE TABLE `permissions` (
  `id` bigint(20) UNSIGNED NOT NULL,
  `name` varchar(125) COLLATE utf8mb4_unicode_ci NOT NULL,
  `guard_name` varchar(125) COLLATE utf8mb4_unicode_ci NOT NULL,
  `created_at` timestamp NULL DEFAULT NULL,
  `updated_at` timestamp NULL DEFAULT NULL
) ENGINE=InnoDB DEFAULT CHARSET=utf8mb4 COLLATE=utf8mb4_unicode_ci;

--
-- Dumping data for table `permissions`
--

INSERT INTO `permissions` (`id`, `name`, `guard_name`, `created_at`, `updated_at`) VALUES
(1, 'super_admin', 'web', '2022-01-29 16:03:43', '2022-01-29 16:03:43'),
(2, 'users_management_access', 'web', '2022-01-29 16:03:44', '2022-01-29 16:03:44'),
(3, 'users_management_edit', 'web', '2022-01-29 16:03:44', '2022-01-29 16:03:44'),
(4, 'users_management_add', 'web', '2022-01-29 16:03:44', '2022-01-29 16:03:44'),
(5, 'users_management_delete', 'web', '2022-01-29 16:03:44', '2022-01-29 16:03:44'),
(6, 'masterData_access', 'web', '2022-01-29 16:03:44', '2022-01-29 16:03:44'),
(7, 'departement_create', 'web', '2022-01-29 16:03:44', '2022-01-29 16:03:44'),
(8, 'departement_edit', 'web', '2022-01-29 16:03:44', '2022-01-29 16:03:44'),
(9, 'departement_show', 'web', '2022-01-29 16:03:45', '2022-01-29 16:03:45'),
(10, 'departement_delete', 'web', '2022-01-29 16:03:45', '2022-01-29 16:03:45'),
(11, 'subdepartement_create', 'web', '2022-01-29 16:03:45', '2022-01-29 16:03:45'),
(12, 'subdepartement_edit', 'web', '2022-01-29 16:03:45', '2022-01-29 16:03:45'),
(13, 'subdepartement_show', 'web', '2022-01-29 16:03:45', '2022-01-29 16:03:45'),
(14, 'subdepartement_delete', 'web', '2022-01-29 16:03:45', '2022-01-29 16:03:45'),
(15, 'pegawai_create', 'web', '2022-01-29 16:03:45', '2022-01-29 16:03:45'),
(16, 'pegawai_edit', 'web', '2022-01-29 16:03:45', '2022-01-29 16:03:45'),
(17, 'pegawai_show', 'web', '2022-01-29 16:03:46', '2022-01-29 16:03:46'),
(18, 'pegawai_delete', 'web', '2022-01-29 16:03:46', '2022-01-29 16:03:46'),
(19, 'ManagementDevice_access', 'web', '2022-01-29 16:03:46', '2022-01-29 16:03:46'),
(20, 'location_create', 'web', '2022-01-29 16:03:46', '2022-01-29 16:03:46'),
(21, 'location_edit', 'web', '2022-01-29 16:03:46', '2022-01-29 16:03:46'),
(22, 'location_show', 'web', '2022-01-29 16:03:46', '2022-01-29 16:03:46'),
(23, 'location_delete', 'web', '2022-01-29 16:03:46', '2022-01-29 16:03:46'),
(24, 'attandanceDevice_create', 'web', '2022-01-29 16:03:47', '2022-01-29 16:03:47'),
(25, 'attandanceDevice_edit', 'web', '2022-01-29 16:03:47', '2022-01-29 16:03:47'),
(26, 'attandanceDevice_show', 'web', '2022-01-29 16:03:47', '2022-01-29 16:03:47'),
(27, 'attandanceDevice_delete', 'web', '2022-01-29 16:03:47', '2022-01-29 16:03:47'),
(28, 'doorlockDevice_create', 'web', '2022-01-29 16:03:47', '2022-01-29 16:03:47'),
(29, 'doorlockDevice_edit', 'web', '2022-01-29 16:03:47', '2022-01-29 16:03:47'),
(30, 'doorlockDevice_show', 'web', '2022-01-29 16:03:47', '2022-01-29 16:03:47'),
(31, 'doorlockDevice_delete', 'web', '2022-01-29 16:03:48', '2022-01-29 16:03:48'),
(32, 'remark_create', 'web', '2022-01-29 16:03:48', '2022-01-29 16:03:48'),
(33, 'remark_edit', 'web', '2022-01-29 16:03:48', '2022-01-29 16:03:48'),
(34, 'remark_show', 'web', '2022-01-29 16:03:48', '2022-01-29 16:03:48'),
(35, 'remark_delete', 'web', '2022-01-29 16:03:48', '2022-01-29 16:03:48'),
(36, 'ManagementAttendance_access', 'web', '2022-01-29 16:03:48', '2022-01-29 16:03:48'),
(37, 'workingTime_create', 'web', '2022-01-29 16:03:48', '2022-01-29 16:03:48'),
(38, 'workingTime_edit', 'web', '2022-01-29 16:03:49', '2022-01-29 16:03:49'),
(39, 'workingTime_show', 'web', '2022-01-29 16:03:49', '2022-01-29 16:03:49'),
(40, 'workingTime_delete', 'web', '2022-01-29 16:03:49', '2022-01-29 16:03:49'),
(41, 'LeaveAndAbsence_create', 'web', '2022-01-29 16:03:49', '2022-01-29 16:03:49'),
(42, 'LeaveAndAbsence_edit', 'web', '2022-01-29 16:03:49', '2022-01-29 16:03:49'),
(43, 'LeaveAndAbsence_show', 'web', '2022-01-29 16:03:49', '2022-01-29 16:03:49'),
(44, 'LeaveAndAbsence_delete', 'web', '2022-01-29 16:03:49', '2022-01-29 16:03:49'),
(45, 'schadule_show', 'web', '2022-01-29 16:03:49', '2022-01-29 16:03:49'),
(46, 'schadule_create', 'web', '2022-01-29 16:03:50', '2022-01-29 16:03:50'),
(47, 'schadule_edit', 'web', '2022-01-29 16:03:50', '2022-01-29 16:03:50'),
(48, 'schadule_delete', 'web', '2022-01-29 16:03:50', '2022-01-29 16:03:50'),
(49, 'Payroll_access', 'web', '2022-01-29 16:03:50', '2022-01-29 16:03:50'),
(50, 'weeklyPayroll_access', 'web', '2022-01-29 16:03:50', '2022-01-29 16:03:50'),
(51, 'MonthlyPayroll_access', 'web', '2022-01-29 16:03:50', '2022-01-29 16:03:50'),
(52, 'PayrollApproval_access', 'web', '2022-01-29 16:03:50', '2022-01-29 16:03:50'),
(53, 'report_access', 'web', '2022-01-29 16:03:51', '2022-01-29 16:03:51'),
(54, 'DeviceHistoryReport_access', 'web', '2022-01-29 16:03:51', '2022-01-29 16:03:51'),
(55, 'AbsenceReport_access', 'web', '2022-01-29 16:03:51', '2022-01-29 16:03:51'),
(56, 'DoorlockReport_access', 'web', '2022-01-29 16:03:51', '2022-01-29 16:03:51');

-- --------------------------------------------------------

--
-- Table structure for table `personal_access_tokens`
--

CREATE TABLE `personal_access_tokens` (
  `id` bigint(20) UNSIGNED NOT NULL,
  `tokenable_type` varchar(125) COLLATE utf8mb4_unicode_ci NOT NULL,
  `tokenable_id` bigint(20) UNSIGNED NOT NULL,
  `name` varchar(125) COLLATE utf8mb4_unicode_ci NOT NULL,
  `token` varchar(64) COLLATE utf8mb4_unicode_ci NOT NULL,
  `abilities` text COLLATE utf8mb4_unicode_ci,
  `last_used_at` timestamp NULL DEFAULT NULL,
  `created_at` timestamp NULL DEFAULT NULL,
  `updated_at` timestamp NULL DEFAULT NULL
) ENGINE=InnoDB DEFAULT CHARSET=utf8mb4 COLLATE=utf8mb4_unicode_ci;

-- --------------------------------------------------------

--
-- Table structure for table `roles`
--

CREATE TABLE `roles` (
  `id` bigint(20) UNSIGNED NOT NULL,
  `name` varchar(125) COLLATE utf8mb4_unicode_ci NOT NULL,
  `guard_name` varchar(125) COLLATE utf8mb4_unicode_ci NOT NULL,
  `created_at` timestamp NULL DEFAULT NULL,
  `updated_at` timestamp NULL DEFAULT NULL
) ENGINE=InnoDB DEFAULT CHARSET=utf8mb4 COLLATE=utf8mb4_unicode_ci;

--
-- Dumping data for table `roles`
--

INSERT INTO `roles` (`id`, `name`, `guard_name`, `created_at`, `updated_at`) VALUES
(1, 'Admin', 'web', '2022-01-29 16:03:51', '2022-01-29 16:03:51'),
(2, 'Admin DoorLock', 'web', '2022-01-10 10:15:52', '2022-01-29 19:06:40'),
(3, 'Amin HRD', 'web', '2022-01-10 10:23:51', '2023-04-16 14:46:47'),
(4, 'Admin Payroll', 'web', '2022-01-10 10:28:44', '2022-01-10 10:28:44');

-- --------------------------------------------------------

--
-- Table structure for table `role_has_permissions`
--

CREATE TABLE `role_has_permissions` (
  `permission_id` bigint(20) UNSIGNED NOT NULL,
  `role_id` bigint(20) UNSIGNED NOT NULL
) ENGINE=InnoDB DEFAULT CHARSET=utf8mb4 COLLATE=utf8mb4_unicode_ci;

--
-- Dumping data for table `role_has_permissions`
--

INSERT INTO `role_has_permissions` (`permission_id`, `role_id`) VALUES
(1, 1),
(2, 1),
(3, 1),
(4, 1),
(5, 1),
(6, 1),
(7, 1),
(8, 1),
(9, 1),
(10, 1),
(11, 1),
(12, 1),
(13, 1),
(14, 1),
(15, 1),
(16, 1),
(17, 1),
(18, 1),
(19, 1),
(20, 1),
(21, 1),
(22, 1),
(23, 1),
(24, 1),
(25, 1),
(26, 1),
(27, 1),
(28, 1),
(29, 1),
(30, 1),
(31, 1),
(32, 1),
(33, 1),
(34, 1),
(35, 1),
(36, 1),
(37, 1),
(38, 1),
(39, 1),
(40, 1),
(41, 1),
(42, 1),
(43, 1),
(44, 1),
(45, 1),
(46, 1),
(47, 1),
(48, 1),
(49, 1),
(50, 1),
(51, 1),
(52, 1),
(53, 1),
(54, 1),
(55, 1),
(56, 1),
(19, 2),
(45, 2),
(46, 2),
(47, 2),
(48, 2),
(49, 3),
(50, 3),
(51, 3),
(5, 4),
(6, 4),
(7, 4),
(8, 4),
(9, 4),
(10, 4),
(11, 4),
(12, 4),
(13, 4),
(14, 4),
(15, 4),
(16, 4),
(17, 4),
(18, 4),
(19, 4),
(24, 4),
(25, 4),
(26, 4),
(27, 4),
(28, 4),
(36, 4),
(37, 4),
(38, 4),
(39, 4),
(40, 4),
(41, 4),
(42, 4),
(43, 4),
(44, 4),
(45, 4),
(46, 4),
(47, 4),
(48, 4),
(49, 4),
(50, 4);

-- --------------------------------------------------------

--
-- Table structure for table `schadules`
--

CREATE TABLE `schadules` (
  `id` bigint(20) UNSIGNED NOT NULL,
  `nama` varchar(125) COLLATE utf8mb4_unicode_ci NOT NULL,
  `tanggal_awal` varchar(125) COLLATE utf8mb4_unicode_ci NOT NULL,
  `tanggal_akhir` varchar(125) COLLATE utf8mb4_unicode_ci NOT NULL,
  `created_at` timestamp NULL DEFAULT NULL,
  `updated_at` timestamp NULL DEFAULT NULL
) ENGINE=InnoDB DEFAULT CHARSET=utf8mb4 COLLATE=utf8mb4_unicode_ci;

--
-- Dumping data for table `schadules`
--

INSERT INTO `schadules` (`id`, `nama`, `tanggal_awal`, `tanggal_akhir`, `created_at`, `updated_at`) VALUES
(1, 'bahan gilingan hitam cuncun 3 sak', '2022-05-27', '2022-05-27', '2022-05-27 10:40:20', '2022-05-27 10:40:20'),
(2, 'antar 2 sak dari pallet A ke gudang 1', '2022-05-27', '2022-05-27', '2022-05-27 13:29:45', '2022-05-27 13:29:45');

-- --------------------------------------------------------

--
-- Table structure for table `schadules_doorlock`
--

CREATE TABLE `schadules_doorlock` (
  `id` bigint(20) UNSIGNED NOT NULL,
  `schadules_id` bigint(20) UNSIGNED NOT NULL,
  `doorlock_id` bigint(20) UNSIGNED NOT NULL,
  `created_at` timestamp NULL DEFAULT NULL,
  `updated_at` timestamp NULL DEFAULT NULL
) ENGINE=InnoDB DEFAULT CHARSET=utf8mb4 COLLATE=utf8mb4_unicode_ci;

--
-- Dumping data for table `schadules_doorlock`
--

INSERT INTO `schadules_doorlock` (`id`, `schadules_id`, `doorlock_id`, `created_at`, `updated_at`) VALUES
(1, 1, 4, NULL, NULL),
(2, 1, 6, NULL, NULL),
(3, 1, 7, NULL, NULL),
(4, 1, 8, NULL, NULL),
(5, 1, 9, NULL, NULL),
(6, 2, 4, NULL, NULL),
(7, 2, 5, NULL, NULL),
(8, 2, 6, NULL, NULL),
(9, 2, 7, NULL, NULL),
(10, 2, 8, NULL, NULL),
(11, 2, 9, NULL, NULL);

-- --------------------------------------------------------

--
-- Table structure for table `schadules_meemployes`
--

CREATE TABLE `schadules_meemployes` (
  `id` bigint(20) UNSIGNED NOT NULL,
  `schadules_id` bigint(20) UNSIGNED NOT NULL,
  `memployes_id` bigint(20) UNSIGNED NOT NULL,
  `created_at` timestamp NULL DEFAULT NULL,
  `updated_at` timestamp NULL DEFAULT NULL
) ENGINE=InnoDB DEFAULT CHARSET=utf8mb4 COLLATE=utf8mb4_unicode_ci;

--
-- Dumping data for table `schadules_meemployes`
--

INSERT INTO `schadules_meemployes` (`id`, `schadules_id`, `memployes_id`, `created_at`, `updated_at`) VALUES
(1, 1, 29, NULL, NULL),
(2, 2, 34, NULL, NULL),
(3, 2, 36, NULL, NULL);

-- --------------------------------------------------------

--
-- Table structure for table `sessions`
--

CREATE TABLE `sessions` (
  `id` varchar(125) COLLATE utf8mb4_unicode_ci NOT NULL,
  `user_id` bigint(20) UNSIGNED DEFAULT NULL,
  `ip_address` varchar(45) COLLATE utf8mb4_unicode_ci DEFAULT NULL,
  `user_agent` text COLLATE utf8mb4_unicode_ci,
  `payload` text COLLATE utf8mb4_unicode_ci NOT NULL,
  `last_activity` int(11) NOT NULL
) ENGINE=InnoDB DEFAULT CHARSET=utf8mb4 COLLATE=utf8mb4_unicode_ci;

--
-- Dumping data for table `sessions`
--

INSERT INTO `sessions` (`id`, `user_id`, `ip_address`, `user_agent`, `payload`, `last_activity`) VALUES
('x69xtHU4rYUc4KiRcl02VgiIsrCViHaj59yW5vwc', 1, '127.0.0.1', 'Mozilla/5.0 (Windows NT 10.0; Win64; x64) AppleWebKit/537.36 (KHTML, like Gecko) Chrome/112.0.0.0 Safari/537.36 Edg/112.0.1722.39', 'YTo0OntzOjY6Il90b2tlbiI7czo0MDoiVTJKbzRGUzZOcTRucVBjRjJJSHBhWTllMzI4SmtDT0taWlIycUY3SyI7czo1MDoibG9naW5fd2ViXzU5YmEzNmFkZGMyYjJmOTQwMTU4MGYwMTRjN2Y1OGVhNGUzMDk4OWQiO2k6MTtzOjk6Il9wcmV2aW91cyI7YToxOntzOjM6InVybCI7czo0MDoiaHR0cDovL2Rvb3Jsb2NrLnRlc3QvcGF5cm9sbC9lbXBsb3llZS80MCI7fXM6NjoiX2ZsYXNoIjthOjI6e3M6Mzoib2xkIjthOjA6e31zOjM6Im5ldyI7YTowOnt9fX0=', 1681690760);

-- --------------------------------------------------------

--
-- Table structure for table `tr_payroll`
--

CREATE TABLE `tr_payroll` (
  `collect_attendance_id` bigint(20) UNSIGNED NOT NULL,
  `leave_absence_id` bigint(20) UNSIGNED NOT NULL
) ENGINE=InnoDB DEFAULT CHARSET=latin1;

-- --------------------------------------------------------

--
-- Table structure for table `users`
--

CREATE TABLE `users` (
  `id` bigint(20) UNSIGNED NOT NULL,
  `role_id` bigint(20) UNSIGNED NOT NULL,
  `name` varchar(125) COLLATE utf8mb4_unicode_ci NOT NULL,
  `username` varchar(125) COLLATE utf8mb4_unicode_ci NOT NULL,
  `email` varchar(125) COLLATE utf8mb4_unicode_ci NOT NULL,
  `password` varchar(125) COLLATE utf8mb4_unicode_ci NOT NULL,
  `remember_token` varchar(100) COLLATE utf8mb4_unicode_ci DEFAULT NULL,
  `profile_photo` varchar(128) COLLATE utf8mb4_unicode_ci DEFAULT 'default.jpg',
  `created_at` timestamp NULL DEFAULT NULL,
  `updated_at` timestamp NULL DEFAULT NULL
) ENGINE=InnoDB DEFAULT CHARSET=utf8mb4 COLLATE=utf8mb4_unicode_ci;

--
-- Dumping data for table `users`
--

INSERT INTO `users` (`id`, `role_id`, `name`, `username`, `email`, `password`, `remember_token`, `profile_photo`, `created_at`, `updated_at`) VALUES
(1, 1, 'Admin', 'CSP', 'admin@csp.com', '$2y$10$U.c1xl5No18JtdU4XKVhRev9RDEk5YGbcmBUNiUs7SnVMw9EYvrhm', 'GzsX6lge8fuXSuLJkdjA7P2LMKmnPwqCdjHv0MScrjHJ4m9p5iCyxUElnnHQ', 'default.jpg', '2021-12-24 13:33:25', '2023-04-15 12:31:10'),
(2, 1, 'Agus Kurniawan', '@aguskurniawan', 'aguskurniawan@csp.com', '$2y$10$yxo7zxIJ4n76nw2SuBTDj.L331UVM9ZdyadJmOvdqReXhuMFM7LUm', NULL, 'default.jpg', '2022-01-10 10:04:01', '2022-01-29 19:04:02'),
(3, 3, 'Hadiyanto', 'hadiyanto', 'hadiyanto.xia@yahoo.com', '$2y$10$6c5iixaEseOZyQ835.7joejj7moq9V8Qet9LYAZJlmAokkrEnt15a', NULL, 'default.jpg', '2022-01-10 10:06:19', '2023-04-16 10:37:08'),
(4, 1, 'approval', 'approval', 'aproval@csp.com', '$2y$10$rrHoQbxwiYHl82E5XJa3lewQJfXLmNUSb.RxDgT0poPnSojzZ5F.S', NULL, 'default.jpg', '2022-01-10 15:31:41', '2022-01-10 15:31:41'),
(5, 2, 'Tazaka', 'tazaka', 'tazaka@csp.my.id', '$2a$12$0.8zCkkNBseLxlu/mnZIfegEO76OzbY0/YwDAEXzN1waXLNx1RQfC', NULL, 'default.jpg', '2022-01-29 16:44:39', '2023-04-16 10:36:46'),
(6, 4, 'bst admin', 'bestar2022', 'admin@bestar.co.id', '$2y$10$Kee0jBBpLToVyJ/TbMQ85Oz/0s82rR5cfQve5EJQhlkZnQjaLUIwG', NULL, 'default.jpg', '2022-05-20 12:49:42', '2023-04-15 12:31:40'),
(8, 1, 'Ali Davit', 'alidavit', 'alidavit@csp.com', '$2y$10$.gO.0WjbXXdvTJknSVxC5ezLiVrlMMKxeG4bouKSKpXhyx4OXkfUS', NULL, '202304151927_FB_IMG_1656954057654.jpg', '2023-04-15 12:27:01', '2023-04-15 12:27:01');

-- --------------------------------------------------------

--
-- Stand-in structure for view `v_payroll`
-- (See below for the actual view)
--
CREATE TABLE `v_payroll` (
`id` bigint(20) unsigned
,`user_id` bigint(20) unsigned
,`nama` varchar(125)
,`jam_masuk` varchar(125)
,`jam_keluar` varchar(125)
,`jam_kerja` bigint(21)
,`lembur` bigint(22)
,`lembur2` int(1)
,`salary` decimal(10,0)
,`pembayaran` enum('1','2')
);

-- --------------------------------------------------------

--
-- Table structure for table `working_times`
--

CREATE TABLE `working_times` (
  `id` bigint(20) UNSIGNED NOT NULL,
  `shift_name` varchar(125) COLLATE utf8mb4_unicode_ci NOT NULL,
  `jam_masuk` varchar(125) COLLATE utf8mb4_unicode_ci NOT NULL,
  `jam_keluar` varchar(125) COLLATE utf8mb4_unicode_ci NOT NULL,
  `createdBy` varchar(125) COLLATE utf8mb4_unicode_ci DEFAULT NULL,
  `updatedBy` varchar(125) COLLATE utf8mb4_unicode_ci DEFAULT NULL,
  `created_at` timestamp NULL DEFAULT NULL,
  `updated_at` timestamp NULL DEFAULT NULL
) ENGINE=InnoDB DEFAULT CHARSET=utf8mb4 COLLATE=utf8mb4_unicode_ci;

--
-- Dumping data for table `working_times`
--

INSERT INTO `working_times` (`id`, `shift_name`, `jam_masuk`, `jam_keluar`, `createdBy`, `updatedBy`, `created_at`, `updated_at`) VALUES
(3, 'Shift Pagi', '07:00', '21:00', 'Admin', 'tazaka', '2022-01-10 15:13:53', '2022-07-23 14:16:52'),
(4, 'Shift Siang', '19:00', '07:10', 'Admin', 'bestar2022', '2022-01-10 15:16:21', '2022-07-07 15:56:37'),
(5, 'Shift Pagi 1', '07:00', '15:30', 'bestar2022', 'bestar2022', '2022-06-30 15:02:16', '2022-07-04 07:58:49'),
(6, 'Shift Pagi 2', '07:00', '20:00', 'bestar2022', 'bestar2022', '2022-06-30 15:02:48', '2022-07-04 07:58:14'),
(7, 'Shift Siang 1', '15:00', '07:10', 'bestar2022', 'bestar2022', '2022-07-04 07:59:15', '2022-07-04 07:59:15');

-- --------------------------------------------------------

--
-- Structure for view `v_payroll`
--
DROP TABLE IF EXISTS `v_payroll`;

CREATE ALGORITHM=UNDEFINED DEFINER=`root`@`localhost` SQL SECURITY DEFINER VIEW `v_payroll`  AS   (select `ca`.`id` AS `id`,`ca`.`user_id` AS `user_id`,`memp`.`nama` AS `nama`,`ca`.`jam_masuk` AS `jam_masuk`,`ca`.`jam_Keluar` AS `jam_keluar`,timestampdiff(HOUR,`ca`.`jam_masuk`,`ca`.`jam_Keluar`) AS `jam_kerja`,(case when (timestampdiff(HOUR,`ca`.`jam_masuk`,`ca`.`jam_Keluar`) > 8) then (timestampdiff(HOUR,`ca`.`jam_masuk`,`ca`.`jam_Keluar`) - 8) else 0 end) AS `lembur`,(case when (dayname(`ca`.`jam_masuk`) = 'Sunday') then 1 else 0 end) AS `lembur2`,(case when (timestampdiff(HOUR,`ca`.`jam_masuk`,`ca`.`jam_Keluar`) <= 4) then cast((`memp`.`basic_salary` / 2) as decimal(10,0)) else `memp`.`basic_salary` end) AS `salary`,`memp`.`transfer_type` AS `pembayaran` from (`collect_attendances` `ca` join `memployees` `memp` on((`memp`.`id` = `ca`.`user_id`))))  ;

--
-- Indexes for dumped tables
--

--
-- Indexes for table `attendance_devices`
--
ALTER TABLE `attendance_devices`
  ADD PRIMARY KEY (`id`),
  ADD UNIQUE KEY `attendance_devices_uid_unique` (`uid`),
  ADD KEY `attendance_devices_departement_id_foreign` (`departement_id`),
  ADD KEY `attendance_devices_location_id_foreign` (`location_id`);

--
-- Indexes for table `collect_attendances`
--
ALTER TABLE `collect_attendances`
  ADD PRIMARY KEY (`id`),
  ADD KEY `collect_attendances_user_id_foreign` (`user_id`);

--
-- Indexes for table `data_locations`
--
ALTER TABLE `data_locations`
  ADD PRIMARY KEY (`id`);

--
-- Indexes for table `doorlock_devices`
--
ALTER TABLE `doorlock_devices`
  ADD PRIMARY KEY (`id`),
  ADD UNIQUE KEY `doorlock_devices_uid_unique` (`uid`),
  ADD KEY `doorlock_devices_location_id_foreign` (`location_id`),
  ADD KEY `doorlock_devices_departement_id_foreign` (`departement_id`);

--
-- Indexes for table `doorlock_has_employees`
--
ALTER TABLE `doorlock_has_employees`
  ADD PRIMARY KEY (`id`),
  ADD KEY `doorlock_has_employees_memployes_id_foreign` (`memployes_id`),
  ADD KEY `doorlock_has_employees_doorlock_id_foreign` (`doorlock_id`);

--
-- Indexes for table `doorlock_has_priset`
--
ALTER TABLE `doorlock_has_priset`
  ADD PRIMARY KEY (`id`),
  ADD KEY `doorlock_has_priset_priset_id_foreign` (`priset_id`),
  ADD KEY `doorlock_has_priset_doorlock_id_foreign` (`doorlock_id`);

--
-- Indexes for table `doorlock_reports`
--
ALTER TABLE `doorlock_reports`
  ADD PRIMARY KEY (`id`),
  ADD KEY `doorlock_reports_user_id_foreign` (`user_id`);

--
-- Indexes for table `failed_jobs`
--
ALTER TABLE `failed_jobs`
  ADD PRIMARY KEY (`id`),
  ADD UNIQUE KEY `failed_jobs_uuid_unique` (`uuid`);

--
-- Indexes for table `golongans`
--
ALTER TABLE `golongans`
  ADD PRIMARY KEY (`id`);

--
-- Indexes for table `history_device_logs`
--
ALTER TABLE `history_device_logs`
  ADD PRIMARY KEY (`id`),
  ADD KEY `history_device_logs_user_id_foreign` (`user_id`);

--
-- Indexes for table `leave_and_absences`
--
ALTER TABLE `leave_and_absences`
  ADD PRIMARY KEY (`id`);

--
-- Indexes for table `mbanks`
--
ALTER TABLE `mbanks`
  ADD PRIMARY KEY (`id`);

--
-- Indexes for table `mdepartements`
--
ALTER TABLE `mdepartements`
  ADD PRIMARY KEY (`id`);

--
-- Indexes for table `memployees`
--
ALTER TABLE `memployees`
  ADD PRIMARY KEY (`id`),
  ADD UNIQUE KEY `memployees_nip_unique` (`nip`),
  ADD UNIQUE KEY `memployees_rfid_number_unique` (`rfid_number`),
  ADD UNIQUE KEY `memployees_fingerprint_unique` (`fingerprint`),
  ADD UNIQUE KEY `memployees_credited_accont_unique` (`credited_accont`),
  ADD KEY `memployees_departement_id_foreign` (`departement_id`),
  ADD KEY `memployees_subdepartement_id_foreign` (`subdepartement_id`),
  ADD KEY `memployees_golongan_id_foreign` (`golongan_id`),
  ADD KEY `memployees_shiftcode_id_foreign` (`shiftcode_id`);

--
-- Indexes for table `migrations`
--
ALTER TABLE `migrations`
  ADD PRIMARY KEY (`id`);

--
-- Indexes for table `mlevels`
--
ALTER TABLE `mlevels`
  ADD PRIMARY KEY (`id`);

--
-- Indexes for table `model_has_permissions`
--
ALTER TABLE `model_has_permissions`
  ADD PRIMARY KEY (`permission_id`,`model_id`,`model_type`),
  ADD KEY `model_has_permissions_model_id_model_type_index` (`model_id`,`model_type`);

--
-- Indexes for table `model_has_roles`
--
ALTER TABLE `model_has_roles`
  ADD PRIMARY KEY (`role_id`,`model_id`,`model_type`),
  ADD KEY `model_has_roles_model_id_model_type_index` (`model_id`,`model_type`);

--
-- Indexes for table `mprisets`
--
ALTER TABLE `mprisets`
  ADD PRIMARY KEY (`id`);

--
-- Indexes for table `msubdepartements`
--
ALTER TABLE `msubdepartements`
  ADD PRIMARY KEY (`id`),
  ADD KEY `msubdepartements_departement_id_foreign` (`departement_id`);

--
-- Indexes for table `notifications`
--
ALTER TABLE `notifications`
  ADD PRIMARY KEY (`id`),
  ADD KEY `notifications_notifiable_type_notifiable_id_index` (`notifiable_type`,`notifiable_id`);

--
-- Indexes for table `out_monitoring`
--
ALTER TABLE `out_monitoring`
  ADD PRIMARY KEY (`id`),
  ADD KEY `out_monitoring_to_memployees` (`memploye_id`);

--
-- Indexes for table `overtimes`
--
ALTER TABLE `overtimes`
  ADD PRIMARY KEY (`id`);

--
-- Indexes for table `password_resets`
--
ALTER TABLE `password_resets`
  ADD KEY `password_resets_email_index` (`email`);

--
-- Indexes for table `payroll_monthlies`
--
ALTER TABLE `payroll_monthlies`
  ADD PRIMARY KEY (`id`),
  ADD UNIQUE KEY `payroll_monthlies_transaction_id_unique` (`Transaction_id`),
  ADD KEY `payroll_monthlies_user_id_foreign` (`user_id`);

--
-- Indexes for table `payroll_weeklies`
--
ALTER TABLE `payroll_weeklies`
  ADD PRIMARY KEY (`id`),
  ADD UNIQUE KEY `payroll_weeklies_transaction_id_unique` (`Transaction_id`),
  ADD KEY `payroll_weeklies_user_id_foreign` (`user_id`);

--
-- Indexes for table `permissions`
--
ALTER TABLE `permissions`
  ADD PRIMARY KEY (`id`),
  ADD UNIQUE KEY `permissions_name_guard_name_unique` (`name`,`guard_name`);

--
-- Indexes for table `personal_access_tokens`
--
ALTER TABLE `personal_access_tokens`
  ADD PRIMARY KEY (`id`),
  ADD UNIQUE KEY `personal_access_tokens_token_unique` (`token`),
  ADD KEY `personal_access_tokens_tokenable_type_tokenable_id_index` (`tokenable_type`,`tokenable_id`);

--
-- Indexes for table `roles`
--
ALTER TABLE `roles`
  ADD PRIMARY KEY (`id`),
  ADD UNIQUE KEY `roles_name_guard_name_unique` (`name`,`guard_name`);

--
-- Indexes for table `role_has_permissions`
--
ALTER TABLE `role_has_permissions`
  ADD PRIMARY KEY (`permission_id`,`role_id`),
  ADD KEY `role_has_permissions_role_id_foreign` (`role_id`);

--
-- Indexes for table `schadules`
--
ALTER TABLE `schadules`
  ADD PRIMARY KEY (`id`);

--
-- Indexes for table `schadules_doorlock`
--
ALTER TABLE `schadules_doorlock`
  ADD PRIMARY KEY (`id`),
  ADD KEY `schadules_doorlock_schadules_id_foreign` (`schadules_id`),
  ADD KEY `schadules_doorlock_doorlock_id_foreign` (`doorlock_id`);

--
-- Indexes for table `schadules_meemployes`
--
ALTER TABLE `schadules_meemployes`
  ADD PRIMARY KEY (`id`),
  ADD KEY `schadules_meemployes_schadules_id_foreign` (`schadules_id`),
  ADD KEY `schadules_meemployes_memployes_id_foreign` (`memployes_id`);

--
-- Indexes for table `sessions`
--
ALTER TABLE `sessions`
  ADD PRIMARY KEY (`id`),
  ADD KEY `sessions_user_id_index` (`user_id`),
  ADD KEY `sessions_last_activity_index` (`last_activity`);

--
-- Indexes for table `tr_payroll`
--
ALTER TABLE `tr_payroll`
  ADD KEY `foreign_tr_payroll_ca_id_to_collect_attendance` (`collect_attendance_id`),
  ADD KEY `foreign_tr_payroll_la_id_to_leave_absence` (`leave_absence_id`);

--
-- Indexes for table `users`
--
ALTER TABLE `users`
  ADD PRIMARY KEY (`id`),
  ADD UNIQUE KEY `users_username_unique` (`username`),
  ADD UNIQUE KEY `users_email_unique` (`email`),
  ADD KEY `foreign_users_role_id_to_roles` (`role_id`);

--
-- Indexes for table `working_times`
--
ALTER TABLE `working_times`
  ADD PRIMARY KEY (`id`);

--
-- AUTO_INCREMENT for dumped tables
--

--
-- AUTO_INCREMENT for table `attendance_devices`
--
ALTER TABLE `attendance_devices`
  MODIFY `id` bigint(20) UNSIGNED NOT NULL AUTO_INCREMENT, AUTO_INCREMENT=4;

--
-- AUTO_INCREMENT for table `collect_attendances`
--
ALTER TABLE `collect_attendances`
  MODIFY `id` bigint(20) UNSIGNED NOT NULL AUTO_INCREMENT, AUTO_INCREMENT=10;

--
-- AUTO_INCREMENT for table `data_locations`
--
ALTER TABLE `data_locations`
  MODIFY `id` bigint(20) UNSIGNED NOT NULL AUTO_INCREMENT, AUTO_INCREMENT=5;

--
-- AUTO_INCREMENT for table `doorlock_devices`
--
ALTER TABLE `doorlock_devices`
  MODIFY `id` bigint(20) UNSIGNED NOT NULL AUTO_INCREMENT, AUTO_INCREMENT=13;

--
-- AUTO_INCREMENT for table `doorlock_has_employees`
--
ALTER TABLE `doorlock_has_employees`
  MODIFY `id` bigint(20) UNSIGNED NOT NULL AUTO_INCREMENT, AUTO_INCREMENT=540;

--
-- AUTO_INCREMENT for table `doorlock_has_priset`
--
ALTER TABLE `doorlock_has_priset`
  MODIFY `id` bigint(20) UNSIGNED NOT NULL AUTO_INCREMENT, AUTO_INCREMENT=17;

--
-- AUTO_INCREMENT for table `doorlock_reports`
--
ALTER TABLE `doorlock_reports`
  MODIFY `id` bigint(20) UNSIGNED NOT NULL AUTO_INCREMENT, AUTO_INCREMENT=2207;

--
-- AUTO_INCREMENT for table `failed_jobs`
--
ALTER TABLE `failed_jobs`
  MODIFY `id` bigint(20) UNSIGNED NOT NULL AUTO_INCREMENT;

--
-- AUTO_INCREMENT for table `golongans`
--
ALTER TABLE `golongans`
  MODIFY `id` bigint(20) UNSIGNED NOT NULL AUTO_INCREMENT, AUTO_INCREMENT=25;

--
-- AUTO_INCREMENT for table `history_device_logs`
--
ALTER TABLE `history_device_logs`
  MODIFY `id` bigint(20) UNSIGNED NOT NULL AUTO_INCREMENT, AUTO_INCREMENT=3771;

--
-- AUTO_INCREMENT for table `leave_and_absences`
--
ALTER TABLE `leave_and_absences`
  MODIFY `id` bigint(20) UNSIGNED NOT NULL AUTO_INCREMENT, AUTO_INCREMENT=5;

--
-- AUTO_INCREMENT for table `mbanks`
--
ALTER TABLE `mbanks`
  MODIFY `id` bigint(20) UNSIGNED NOT NULL AUTO_INCREMENT, AUTO_INCREMENT=142;

--
-- AUTO_INCREMENT for table `mdepartements`
--
ALTER TABLE `mdepartements`
  MODIFY `id` bigint(20) UNSIGNED NOT NULL AUTO_INCREMENT, AUTO_INCREMENT=20;

--
-- AUTO_INCREMENT for table `memployees`
--
ALTER TABLE `memployees`
  MODIFY `id` bigint(20) UNSIGNED NOT NULL AUTO_INCREMENT, AUTO_INCREMENT=123;

--
-- AUTO_INCREMENT for table `migrations`
--
ALTER TABLE `migrations`
  MODIFY `id` int(10) UNSIGNED NOT NULL AUTO_INCREMENT, AUTO_INCREMENT=31;

--
-- AUTO_INCREMENT for table `mlevels`
--
ALTER TABLE `mlevels`
  MODIFY `id` int(10) UNSIGNED NOT NULL AUTO_INCREMENT, AUTO_INCREMENT=2;

--
-- AUTO_INCREMENT for table `mprisets`
--
ALTER TABLE `mprisets`
  MODIFY `id` bigint(20) UNSIGNED NOT NULL AUTO_INCREMENT, AUTO_INCREMENT=11;

--
-- AUTO_INCREMENT for table `msubdepartements`
--
ALTER TABLE `msubdepartements`
  MODIFY `id` bigint(20) UNSIGNED NOT NULL AUTO_INCREMENT, AUTO_INCREMENT=28;

--
-- AUTO_INCREMENT for table `out_monitoring`
--
ALTER TABLE `out_monitoring`
  MODIFY `id` bigint(20) UNSIGNED NOT NULL AUTO_INCREMENT, AUTO_INCREMENT=7;

--
-- AUTO_INCREMENT for table `overtimes`
--
ALTER TABLE `overtimes`
  MODIFY `id` bigint(20) UNSIGNED NOT NULL AUTO_INCREMENT;

--
-- AUTO_INCREMENT for table `payroll_monthlies`
--
ALTER TABLE `payroll_monthlies`
  MODIFY `id` bigint(20) UNSIGNED NOT NULL AUTO_INCREMENT, AUTO_INCREMENT=15;

--
-- AUTO_INCREMENT for table `payroll_weeklies`
--
ALTER TABLE `payroll_weeklies`
  MODIFY `id` bigint(20) UNSIGNED NOT NULL AUTO_INCREMENT, AUTO_INCREMENT=1186;

--
-- AUTO_INCREMENT for table `permissions`
--
ALTER TABLE `permissions`
  MODIFY `id` bigint(20) UNSIGNED NOT NULL AUTO_INCREMENT, AUTO_INCREMENT=57;

--
-- AUTO_INCREMENT for table `personal_access_tokens`
--
ALTER TABLE `personal_access_tokens`
  MODIFY `id` bigint(20) UNSIGNED NOT NULL AUTO_INCREMENT;

--
-- AUTO_INCREMENT for table `roles`
--
ALTER TABLE `roles`
  MODIFY `id` bigint(20) UNSIGNED NOT NULL AUTO_INCREMENT, AUTO_INCREMENT=7;

--
-- AUTO_INCREMENT for table `schadules`
--
ALTER TABLE `schadules`
  MODIFY `id` bigint(20) UNSIGNED NOT NULL AUTO_INCREMENT, AUTO_INCREMENT=4;

--
-- AUTO_INCREMENT for table `schadules_doorlock`
--
ALTER TABLE `schadules_doorlock`
  MODIFY `id` bigint(20) UNSIGNED NOT NULL AUTO_INCREMENT, AUTO_INCREMENT=26;

--
-- AUTO_INCREMENT for table `schadules_meemployes`
--
ALTER TABLE `schadules_meemployes`
  MODIFY `id` bigint(20) UNSIGNED NOT NULL AUTO_INCREMENT, AUTO_INCREMENT=15;

--
-- AUTO_INCREMENT for table `users`
--
ALTER TABLE `users`
  MODIFY `id` bigint(20) UNSIGNED NOT NULL AUTO_INCREMENT, AUTO_INCREMENT=9;

--
-- AUTO_INCREMENT for table `working_times`
--
ALTER TABLE `working_times`
  MODIFY `id` bigint(20) UNSIGNED NOT NULL AUTO_INCREMENT, AUTO_INCREMENT=8;

--
-- Constraints for dumped tables
--

--
-- Constraints for table `attendance_devices`
--
ALTER TABLE `attendance_devices`
  ADD CONSTRAINT `attendance_devices_departement_id_foreign` FOREIGN KEY (`departement_id`) REFERENCES `mdepartements` (`id`) ON DELETE CASCADE,
  ADD CONSTRAINT `attendance_devices_location_id_foreign` FOREIGN KEY (`location_id`) REFERENCES `data_locations` (`id`) ON DELETE CASCADE;

--
-- Constraints for table `collect_attendances`
--
ALTER TABLE `collect_attendances`
  ADD CONSTRAINT `collect_attendances_user_id_foreign` FOREIGN KEY (`user_id`) REFERENCES `memployees` (`id`) ON DELETE CASCADE;

--
-- Constraints for table `doorlock_devices`
--
ALTER TABLE `doorlock_devices`
  ADD CONSTRAINT `doorlock_devices_departement_id_foreign` FOREIGN KEY (`departement_id`) REFERENCES `mdepartements` (`id`) ON DELETE CASCADE,
  ADD CONSTRAINT `doorlock_devices_location_id_foreign` FOREIGN KEY (`location_id`) REFERENCES `data_locations` (`id`) ON DELETE CASCADE;

--
-- Constraints for table `doorlock_has_employees`
--
ALTER TABLE `doorlock_has_employees`
  ADD CONSTRAINT `doorlock_has_employees_doorlock_id_foreign` FOREIGN KEY (`doorlock_id`) REFERENCES `doorlock_devices` (`id`) ON DELETE CASCADE,
  ADD CONSTRAINT `doorlock_has_employees_memployes_id_foreign` FOREIGN KEY (`memployes_id`) REFERENCES `memployees` (`id`) ON DELETE CASCADE;

--
-- Constraints for table `doorlock_has_priset`
--
ALTER TABLE `doorlock_has_priset`
  ADD CONSTRAINT `doorlock_has_priset_doorlock_id_foreign` FOREIGN KEY (`doorlock_id`) REFERENCES `doorlock_devices` (`id`) ON DELETE CASCADE,
  ADD CONSTRAINT `doorlock_has_priset_priset_id_foreign` FOREIGN KEY (`priset_id`) REFERENCES `mprisets` (`id`) ON DELETE CASCADE;

--
-- Constraints for table `doorlock_reports`
--
ALTER TABLE `doorlock_reports`
  ADD CONSTRAINT `doorlock_reports_user_id_foreign` FOREIGN KEY (`user_id`) REFERENCES `memployees` (`id`) ON DELETE CASCADE;

--
-- Constraints for table `history_device_logs`
--
ALTER TABLE `history_device_logs`
  ADD CONSTRAINT `history_device_logs_user_id_foreign` FOREIGN KEY (`user_id`) REFERENCES `memployees` (`id`) ON DELETE CASCADE;

--
-- Constraints for table `memployees`
--
ALTER TABLE `memployees`
  ADD CONSTRAINT `memployees_departement_id_foreign` FOREIGN KEY (`departement_id`) REFERENCES `mdepartements` (`id`) ON DELETE CASCADE,
  ADD CONSTRAINT `memployees_golongan_id_foreign` FOREIGN KEY (`golongan_id`) REFERENCES `golongans` (`id`) ON DELETE CASCADE,
  ADD CONSTRAINT `memployees_shiftcode_id_foreign` FOREIGN KEY (`shiftcode_id`) REFERENCES `working_times` (`id`) ON DELETE CASCADE,
  ADD CONSTRAINT `memployees_subdepartement_id_foreign` FOREIGN KEY (`subdepartement_id`) REFERENCES `msubdepartements` (`id`) ON DELETE CASCADE;

--
-- Constraints for table `model_has_permissions`
--
ALTER TABLE `model_has_permissions`
  ADD CONSTRAINT `model_has_permissions_permission_id_foreign` FOREIGN KEY (`permission_id`) REFERENCES `permissions` (`id`) ON DELETE CASCADE;

--
-- Constraints for table `model_has_roles`
--
ALTER TABLE `model_has_roles`
  ADD CONSTRAINT `model_has_roles_role_id_foreign` FOREIGN KEY (`role_id`) REFERENCES `roles` (`id`) ON DELETE CASCADE;

--
-- Constraints for table `msubdepartements`
--
ALTER TABLE `msubdepartements`
  ADD CONSTRAINT `msubdepartements_departement_id_foreign` FOREIGN KEY (`departement_id`) REFERENCES `mdepartements` (`id`) ON DELETE CASCADE;

--
-- Constraints for table `out_monitoring`
--
ALTER TABLE `out_monitoring`
  ADD CONSTRAINT `out_monitoring_to_memployees` FOREIGN KEY (`memploye_id`) REFERENCES `memployees` (`id`) ON DELETE CASCADE ON UPDATE CASCADE;

--
-- Constraints for table `payroll_monthlies`
--
ALTER TABLE `payroll_monthlies`
  ADD CONSTRAINT `payroll_monthlies_user_id_foreign` FOREIGN KEY (`user_id`) REFERENCES `memployees` (`id`) ON DELETE CASCADE;

--
-- Constraints for table `payroll_weeklies`
--
ALTER TABLE `payroll_weeklies`
  ADD CONSTRAINT `payroll_weeklies_user_id_foreign` FOREIGN KEY (`user_id`) REFERENCES `memployees` (`id`) ON DELETE CASCADE;

--
-- Constraints for table `role_has_permissions`
--
ALTER TABLE `role_has_permissions`
  ADD CONSTRAINT `role_has_permissions_permission_id_foreign` FOREIGN KEY (`permission_id`) REFERENCES `permissions` (`id`) ON DELETE CASCADE,
  ADD CONSTRAINT `role_has_permissions_role_id_foreign` FOREIGN KEY (`role_id`) REFERENCES `roles` (`id`) ON DELETE CASCADE;

--
-- Constraints for table `schadules_doorlock`
--
ALTER TABLE `schadules_doorlock`
  ADD CONSTRAINT `schadules_doorlock_doorlock_id_foreign` FOREIGN KEY (`doorlock_id`) REFERENCES `doorlock_devices` (`id`) ON DELETE CASCADE,
  ADD CONSTRAINT `schadules_doorlock_schadules_id_foreign` FOREIGN KEY (`schadules_id`) REFERENCES `schadules` (`id`) ON DELETE CASCADE;

--
-- Constraints for table `schadules_meemployes`
--
ALTER TABLE `schadules_meemployes`
  ADD CONSTRAINT `schadules_meemployes_memployes_id_foreign` FOREIGN KEY (`memployes_id`) REFERENCES `memployees` (`id`) ON DELETE CASCADE,
  ADD CONSTRAINT `schadules_meemployes_schadules_id_foreign` FOREIGN KEY (`schadules_id`) REFERENCES `schadules` (`id`) ON DELETE CASCADE;

--
-- Constraints for table `tr_payroll`
--
ALTER TABLE `tr_payroll`
  ADD CONSTRAINT `foreign_tr_payroll_ca_id_to_collect_attendance` FOREIGN KEY (`collect_attendance_id`) REFERENCES `collect_attendances` (`id`) ON DELETE CASCADE ON UPDATE CASCADE,
  ADD CONSTRAINT `foreign_tr_payroll_la_id_to_leave_absence` FOREIGN KEY (`leave_absence_id`) REFERENCES `leave_and_absences` (`id`) ON DELETE CASCADE ON UPDATE CASCADE;

--
-- Constraints for table `users`
--
ALTER TABLE `users`
  ADD CONSTRAINT `foreign_users_role_id_to_roles` FOREIGN KEY (`role_id`) REFERENCES `roles` (`id`) ON DELETE CASCADE ON UPDATE CASCADE;
COMMIT;

/*!40101 SET CHARACTER_SET_CLIENT=@OLD_CHARACTER_SET_CLIENT */;
/*!40101 SET CHARACTER_SET_RESULTS=@OLD_CHARACTER_SET_RESULTS */;
/*!40101 SET COLLATION_CONNECTION=@OLD_COLLATION_CONNECTION */;
